tree
version=v4
num_class=1
num_tree_per_iteration=1
label_index=0
max_feature_idx=5
objective=binary sigmoid:1
feature_names=max_len_over_mtu spi_pairs_per_endpoint cleartext_ratio modal_len_offset min_len_offset inner_header_bytes
feature_infos=[0.13600000739097595:0.98133331537246704] none none [-1393.9991455078125:123.99889373779297] [-10.000147819519043:63.999965667724609] [20:40]
tree_sizes=1055 1071 1292 1285 1066 1282 1511 1615 1611 1626 1505 1507 1516 1510 1620 1513 1512 1722 1519 1518 1622 1610 1728 1624 1610 1620 1714 1716 1615 1617 1619 1611 1615 1619 1728 1726 1724 1713 1730 1726 1725 1726 1733 1725 1729 1727 1730 1733 1742 1723 1739 1744 1729 1744 1726 1734 1741 1720 1737 1744 1716 1749 1730 1747 1719 1751 1732 1748 1730 1733 1736 1636 1741 1737 1636 1743 1749 1744 1744 1746 1736 1746 1746 1747 1744 1745 1748 1744 1738 1756 1754 1752 1748 1749 1757 1739 1764 1764 1740 1768 1731 1729 1745 1750 1755 1751 1731 1746 1734 1747 1739 1766 1740 1761 1735 1753 1756 1740 1756 1756 1759 1762 1741 1740 1734 1762 1755 1756 1757 1774 1773 1743 1755 1759 1765 1774 1771 1748 1769 1759 1773 1753 1741 1671 1666 1673 1672 1767 1753 1761 1774 1772 1772 1770 1777 1764 1759 1761 1776 1771 1767 1767 1781 1774 1774 1770 1766 1768 1773 1769 1776 1776 1778 1773 1774 1776 1772 1775 1775 1791 1773 1778 1779 1781 1785 1795 1786 1781 1781 1797 1788 1786 1790 1786 1782 1788 1783 1781 1779 1787

Tree=0
num_leaves=9
num_cat=0
split_feature=4 4 3 3 4 0 0 0
split_gain=130.666 8.84557 11.4 3.21204 2.7472 1.35422 0.203939 7.10543e-15
threshold=10.000071048736574 24.000045776367191 0.00035516027128323918 0.0012995499419048431 2.0000710487365727 0.71599999070167553 0.54933331906795513 0.90266665816307079
decision_type=2 2 2 2 2 2 2 2
left_child=4 2 -2 -4 6 -6 -1 -3
right_child=1 7 3 -5 5 -7 -8 -9
leaf_value=0.029464088436353883 0.070831271095084691 0.21683309224354641 0.14991559088383477 0.21683309224354644 0.034330815807969192 0.082998089524123145 0.016080588164411477 0.21683309224354647
leaf_weight=3.7359434366226223 2.7396918535232562 7.9700126647949245 2.9887547492980957 4.4831321239471436 2.7396918535232535 2.9887547492980957 11.955018997192381 9.2153271436691266
leaf_count=15 11 32 12 18 11 12 48 37
internal_value=0.122602 0.194933 0.158076 0.190066 0.0300866 0.0597224 0.0192671 0.216833
internal_weight=48.8163 27.3969 10.2116 7.47189 21.4194 5.72845 15.691 17.1853
internal_count=196 110 41 30 86 23 63 69
is_linear=0
shrinkage=1


Tree=1
num_leaves=9
num_cat=0
split_feature=4 4 5 0 4 3 0 3
split_gain=118.032 8.11764 10.6937 2.91926 2.4606 1.38154 0.182897 7.10543e-15
threshold=10.000071048736574 24.000045776367191 30.000000000000004 0.97999998927116405 2.0000710487365727 4.0003957748413095 0.54933331906795513 -3.9993430376052852
decision_type=2 2 2 2 2 2 2 2
left_child=4 2 3 -2 6 -6 -1 -3
right_child=1 7 -4 -5 5 -7 -8 -9
leaf_value=-0.088158892384797627 0.090608250721214229 0.090253214582063354 -0.050571243697471492 0.026694441374996821 -0.085184027363283246 -0.036094760577374332 -0.1008105265749296 0.090253214582063493
leaf_weight=3.7491861730814007 4.4501203745603579 3.7062650173902556 2.7422091066837311 2.9849489778280258 2.746695101261138 2.9973342716693878 11.999223947525023 13.342554062604901
leaf_count=15 18 15 11 12 11 12 48 54
internal_value=1.22781e-05 0.0691591 0.0338226 0.0649488 -0.0875813 -0.0595684 -0.0977986 0.0902532
internal_weight=48.7185 27.2261 10.1773 7.43507 21.4924 5.74403 15.7484 17.0488
internal_count=196 110 41 30 86 23 63 69
is_linear=0
shrinkage=0.05


Tree=2
num_leaves=11
num_cat=0
split_feature=4 4 3 3 4 4 0 0 0 0
split_gain=107.041 7.5072 9.77558 2.63963 2.24394 1.3379 0.168061 7.10543e-15 7.10543e-15 3.55271e-15
threshold=10.000071048736574 24.000045776367191 0.00035516027128323918 0.0012995499419048431 2.0000710487365727 7.9999883174896249 0.54933331906795513 0.90266665816307079 0.97999998927116405 0.96399998664855968
decision_type=2 2 2 2 2 2 2 2 2 2
left_child=4 2 -2 -4 6 -6 -1 -3 -8 -9
right_child=1 7 3 -5 5 -7 8 9 -10 -11
leaf_value=-0.083804906208349475 -0.048223044898677986 0.086779357277499802 0.025962795841097414 0.086902231554284767 -0.033445393495989982 -0.081733185947789833 -0.095938022850468818 0.086779357277499858 -0.095938022850468777 0.086779357277499816
leaf_weight=3.7467721849679974 2.7464179694652575 7.8143210411071804 2.9820218682289124 4.3974630832672119 2.9989640414714804 2.7496990412473679 7.985658645629881 2.9303703904151899 3.9928293228149414 6.1049383133649826
leaf_count=15 11 32 12 18 12 11 32 12 16 25
internal_value=2.26389e-05 0.0663316 0.0323063 0.0622768 -0.0832747 -0.0565424 -0.0930471 0.0867794 -0.095938 0.0867794
internal_weight=48.4495 26.9755 10.1259 7.37948 21.4739 5.74866 15.7253 16.8496 11.9785 9.03531
internal_count=196 110 41 30 86 23 63 69 48 37
is_linear=0
shrinkage=0.05


Tree=3
num_leaves=11
num_cat=0
split_feature=4 4 0 4 0 3 0 4 0 0
split_gain=97.4122 7.13849 16.4691 2.07655 1.60508 1.29823 0.157604 0.00520685 7.10543e-15 3.55271e-15
threshold=10.000071048736574 19.999970436096195 0.90266665816307079 2.0000710487365727 0.97999998927116405 4.0003957748413095 0.54933331906795513 28.999986648559574 0.90266665816307079 0.21866667270660403
decision_type=2 2 2 2 2 2 2 2 2 2
left_child=3 2 -2 6 7 -5 -1 -3 9 -9
right_child=1 4 -4 5 -6 -7 -8 8 -10 -11
leaf_value=-0.079958253089407294 0.084460059805174736 0.085855015377189606 -0.082643176326875456 -0.078601199060753468 0.04676199199992271 -0.03101134640501348 -0.091735624150181383 0.083722233265871762 0.083722233265871748 0.083722233265871734
leaf_weight=3.7310271710157421 3.6165826022624996 3.6335922181606355 2.4894301742315292 2.7462977170944205 3.4439119249582282 2.9968322664499283 11.902607202529905 3.3676949441432935 6.7353898882865906 3.3676949441432953
leaf_count=15 15 15 10 11 14 12 48 14 28 14
internal_value=3.15383e-05 0.0637996 0.0163318 -0.0794796 0.0779048 -0.0537683 -0.0889249 0.0841753 0.0837222 0.0837222
internal_weight=48.0311 26.6543 6.10601 21.3768 20.5483 5.74313 15.6336 17.1044 13.4708 6.73539
internal_count=196 110 25 86 85 23 63 71 56 28
is_linear=0
shrinkage=0.05


Tree=4
num_leaves=9
num_cat=0
split_feature=4 4 0 4 0 4 0 4
split_gain=88.914 6.59175 15.0257 1.94544 1.5356 1.26637 0.150339 0.00410243
threshold=10.000071048736574 19.999970436096195 0.90266665816307079 2.0000710487365727 0.97999998927116405 7.9999883174896249 0.54933331906795513 28.999986648559574
decision_type=2 2 2 2 2 2 2 2
left_child=3 2 -2 6 7 -5 -1 -3
right_child=1 4 -4 5 -6 -7 -8 -9
leaf_value=-0.076528459861950435 0.081676605280500206 0.08292271832674819 -0.078496283752098883 -0.028718880035458673 0.044684231162683455 -0.075780957659662126 -0.088077341838925474 0.081013887505760537
leaf_weight=3.703985363245013 3.5544001311063793 3.5754330754280153 2.4898496121168137 2.9909003674983969 3.4243435263633719 2.7379510849714279 11.780113220214842 13.231079697608946
leaf_count=15 15 15 10 12 14 11 48 56
internal_value=3.92976e-05 0.0615133 0.0156955 -0.0761045 0.075202 -0.0512109 -0.0853147 0.08142
internal_weight=47.4881 26.2751 6.04425 21.213 20.2309 5.72885 15.4841 16.8065
internal_count=196 110 25 86 85 23 63 71
is_linear=0
shrinkage=0.05


Tree=5
num_leaves=11
num_cat=0
split_feature=4 4 5 3 4 3 3 0 5 4
split_gain=81.3791 6.22048 7.78088 2.27129 1.84164 1.23664 0.146507 0.000830674 0.000401849 9.02113e-08
threshold=10.000071048736574 24.000045776367191 30.000000000000004 0.0012995499419048431 2.0000710487365727 4.0003957748413095 -2.0016093254089351 0.842666655778885 30.000000000000004 30.000021934509281
decision_type=2 2 2 2 2 2 2 2 2 2
left_child=4 2 3 -2 6 -6 -1 -8 -3 -10
right_child=1 8 -4 -5 5 -7 7 -9 9 -11
leaf_value=-0.074093951966840169 0.02207122677763014 0.079258568530779297 -0.043777575774914305 0.079345662364256997 -0.073191873400677371 -0.026595152901553495 -0.085877752798177318 -0.084867048421207125 0.078589939010828377 0.078600415936663823
leaf_weight=4.1393087357282665 2.9540935605764407 2.793062508106229 2.7183824330568314 4.180671900510788 2.7246841341257086 2.9824687838554382 2.6747819930315009 8.471786752343176 2.5459024906158456 10.647569447755812
leaf_count=17 12 12 11 18 11 12 11 35 11 46
internal_value=4.5968e-05 0.0594541 0.0282057 0.0556316 -0.0730777 -0.0488412 -0.0821266 -0.0851096 0.0787137 0.0785984
internal_weight=46.8327 25.8397 9.85315 7.13477 20.993 5.70715 15.2859 11.1466 15.9865 13.1935
internal_count=196 110 41 30 86 23 63 46 69 57
is_linear=0
shrinkage=0.05


Tree=6
num_leaves=13
num_cat=0
split_feature=4 4 3 0 0 0 4 4 4 3 4 0
split_gain=74.6355 5.897 13.1473 1.77753 5.94275 1.43346 0.033038 0.0117532 0.00718703 1.35559e-05 5.8364e-11 3.55271e-15
threshold=10.000071048736574 19.999970436096195 0.0012995499419048431 0.77866667509078991 0.37466666102409368 0.97999998927116405 1.3792829577141676e-05 -4.0874838305171571e-06 28.999986648559574 0.00052327479352243255 30.000021934509281 0.96399998664855968
decision_type=2 2 2 2 2 2 2 2 2 2 2 2
left_child=3 2 -2 4 7 8 9 -1 -3 -5 -10 -12
right_child=1 5 -4 6 -6 -7 -8 -9 10 -11 11 -13
leaf_value=-0.084306580922375973 -0.074184179623516686 0.079012860765133391 0.077280279198109217 -0.082169032377887696 -0.0042230683646985352 0.041160713316364492 -0.088612282467965833 -0.088923753043759615 0.076438764780713445 -0.082030066832226342 0.076438484569028631 0.076438484569028603
leaf_weight=3.1373525261878967 2.4702446013689068 3.4493197351694169 3.4110654145479202 2.3822491466999036 3.6348954141139984 3.376421630382537 2.4498080015182486 2.4582798629999179 2.2624753415584555 6.6640731692314148 6.7874041199684125 3.6199488639831543
leaf_count=13 10 15 15 10 15 14 10 10 10 28 30 16
internal_value=5.20735e-05 0.0575459 0.0136628 -0.070341 -0.0540001 0.0707843 -0.0834615 -0.086335 0.0769894 -0.0820667 0.0764385 0.0764385
internal_weight=46.1035 25.3769 5.88131 20.7267 9.23053 19.4956 11.4961 5.59563 16.1191 9.04632 12.6698 10.4074
internal_count=196 110 25 86 38 85 48 23 71 38 56 46
is_linear=0
shrinkage=0.05


Tree=7
num_leaves=14
num_cat=0
split_feature=4 4 0 4 4 0 0 0 5 3 4 4 3
split_gain=68.5915 5.58368 6.65769 6.77798 1.80588 1.19156 0.163514 0.00259595 0.000621334 2.03639e-07 2.14614e-07 1.62465e-07 3.55271e-15
threshold=10.000071048736574 24.000045776367191 0.90266665816307079 19.999984741210941 2.0000710487365727 0.71599999070167553 0.54933331906795513 0.842666655778885 30.000000000000004 0.00064602337079122673 -3.4944745493703515e-05 30.000021934509281 37.99836730957032
decision_type=2 2 2 2 2 2 2 2 2 2 2 2 2
left_child=4 2 -2 -4 6 -6 -1 -8 -3 -9 -11 -10 -13
right_child=1 8 3 -5 5 -7 7 9 11 10 -12 12 -14
leaf_value=-0.067651899323664194 0.075344112721802123 0.075329285573845051 -0.071521648171092508 0.039211550130833807 -0.06783694783284909 -0.021773411413666347 -0.081253700478070942 -0.079517459897045201 0.074478474162540498 -0.079507514772532914 -0.079488185970326419 0.074492873986971811 0.074492873986971769
leaf_weight=3.5610240399837521 3.9930539429187792 2.6747013926506016 2.4513858109712601 3.167608842253685 2.6809224337339392 2.9473460167646408 2.8391601741313925 2.3341227769851667 2.4270838946104059 3.7342746257781974 2.3335236757993707 7.7241081744432432 2.4275768548250198
leaf_count=15 18 12 10 13 11 12 12 10 11 16 10 35 11
internal_value=5.68306e-05 0.0558287 0.0259812 -0.00909777 -0.0678223 -0.0437149 -0.0769888 -0.0799466 0.0746372 -0.0795049 -0.0795001 0.0744901 0.0744929
internal_weight=45.2959 24.8655 9.61205 5.61899 20.4304 5.62827 14.8021 11.2411 15.2535 8.40192 6.0678 12.5788 10.1517
internal_count=196 110 41 23 86 23 63 48 69 36 26 57 46
is_linear=0
shrinkage=0.05


Tree=8
num_leaves=14
num_cat=0
split_feature=4 4 3 4 4 3 0 0 5 3 4 4 0
split_gain=63.1693 5.28266 6.23394 6.19867 1.74094 1.15581 0.160726 0.00203857 0.000498578 1.60041e-07 1.6859e-07 1.2961e-07 3.55271e-15
threshold=10.000071048736574 24.000045776367191 0.0012995499419048431 19.999984741210941 2.0000710487365727 4.0003957748413095 0.54933331906795513 0.842666655778885 30.000000000000004 0.00064602337079122673 -3.4944745493703515e-05 30.000021934509281 0.96399998664855968
decision_type=2 2 2 2 2 2 2 2 2 2 2 2 2
left_child=4 2 3 -2 6 -6 -1 -8 -3 -9 -11 -10 -13
right_child=1 8 -4 -5 5 -7 7 9 11 10 -12 12 -14
leaf_value=-0.065349226149629278 -0.068813328305269969 0.073493723279520376 0.073640128639681515 0.037499828301951151 -0.065733637795098651 -0.020201548535094468 -0.078815816200836164 -0.077261200036384828 0.072721597887951697 -0.0772522846928759 -0.077234964121834782 0.072734632623354084 0.072734632623354056
leaf_weight=3.5036332458257702 2.4295581132173556 2.60616463422775 3.8918028026819229 3.1471141427755356 2.6549683064222327 2.9340544193983078 2.782069504261016 2.2834515124559385 2.3630556911230096 3.6531732082366934 2.282801866531373 6.4460948109626752 3.4379172325134277
leaf_count=15 10 12 18 13 11 12 12 10 11 16 10 30 16
internal_value=6.17069e-05 0.0542608 0.0250751 -0.00881704 -0.0655402 -0.0418308 -0.0746757 -0.0776459 0.0728657 -0.07725 -0.0772456 0.0727321 0.0727346
internal_weight=44.4159 24.3217 9.46848 5.57667 20.0942 5.58902 14.5051 11.0015 14.8532 8.21943 5.93598 12.2471 9.88401
internal_count=196 110 41 23 86 23 63 48 69 36 26 57 46
is_linear=0
shrinkage=0.05


Tree=9
num_leaves=14
num_cat=0
split_feature=4 4 0 4 0 0 4 4 5 3 4 4 3
split_gain=58.2711 5.00959 5.88252 5.70779 1.71289 5.68938 0.036665 0.0113711 0.000402237 3.3752e-06 1.04013e-07 2.02961e-10 3.55271e-15
threshold=10.000071048736574 24.000045776367191 0.90266665816307079 19.999984741210941 0.77866667509078991 0.37466666102409368 1.3792829577141676e-05 -4.0874838305171571e-06 30.000000000000004 0.00052327479352243255 30.000021934509281 -3.4944745493703515e-05 0.00052327479352243255
decision_type=2 2 2 2 2 2 2 2 2 2 2 2 2
left_child=4 2 -2 -4 5 7 9 -1 -3 -6 -10 -11 -12
right_child=1 8 3 -5 6 -7 -8 -9 10 11 12 -13 -14
leaf_value=-0.07760597909149719 0.072221878695654274 0.071831111395357042 -0.066622925206004477 0.035877998430132639 -0.075298153011883681 0.0020567896232412406 -0.082283521556166334 -0.082242453564058932 0.071127894014434395 -0.07522625190671485 0.07113973785729627 -0.075226828093073891 0.071139737857296256
leaf_weight=2.9793452620506287 3.7885013371706027 2.5349670648574802 2.4019115716218948 3.1254646629095078 2.2309384346008283 3.5353125333786011 2.3675682395696631 2.3778374642133731 2.2968797385692605 3.5661849975585929 3.5505370795726758 2.6746587306261072 6.0567985475063324
leaf_count=13 18 12 10 13 10 15 10 10 11 16 17 12 29
internal_value=6.60835e-05 0.0528161 0.0242302 -0.0086636 -0.0634394 -0.0471749 -0.0767827 -0.0796639 0.0712592 -0.0752454 0.0711375 -0.0752265 0.0711397
internal_weight=43.4869 23.7551 9.31588 5.52738 19.7318 8.8925 10.8394 5.35718 14.4392 8.47178 11.9042 6.24084 9.60734
internal_count=196 110 41 23 86 38 48 23 69 38 57 28 46
is_linear=0
shrinkage=0.05


Tree=10
num_leaves=13
num_cat=0
split_feature=4 4 3 4 4 4 0 0 5 4 4 4
split_gain=53.8243 4.76123 5.52682 5.23496 1.74296 1.13891 0.175066 0.00584709 0.000326074 9.62874e-07 8.38562e-08 2.13001e-10
threshold=10.000071048736574 24.000045776367191 0.0012995499419048431 19.999984741210941 2.0000710487365727 7.9999883174896249 0.54933331906795513 0.842666655778885 30.000000000000004 -1.2611893907887859e-05 30.000021934509281 -3.6210121834301383e-05
decision_type=2 2 2 2 2 2 2 2 2 2 2 2
left_child=4 2 3 -2 6 -6 -1 -8 -3 11 -10 -9
right_child=1 8 -4 -5 5 -7 7 9 10 -11 -12 -13
leaf_value=-0.060978711451850832 -0.064321446492283288 0.070319817782125579 0.070814512482134342 0.034338060098544947 -0.015988409369682346 -0.061672620198425371 -0.076086455155958743 -0.073398200285176685 0.069677317287521232 -0.073360400047621718 0.069688112063617455 -0.073398827153681831
leaf_weight=3.366430580616 2.3726508468389529 2.4618294239044163 3.681074857711792 3.1029297858476639 2.8858341276645652 2.5874553471803665 2.698162376880644 2.823091447353363 2.2291789054870614 2.3873526751995087 9.3242632448673231 2.605956181883812
leaf_count=15 10 12 18 13 12 11 12 13 11 11 46 12
internal_value=6.88591e-05 0.0514778 0.0234376 -0.00841258 -0.0614805 -0.0375853 -0.0709024 -0.0740796 0.0697974 -0.0733869 0.069686 -0.0733985
internal_weight=42.5262 23.1719 9.15666 5.47558 19.3543 5.47329 13.881 10.5146 14.0153 7.8164 11.5534 5.42905
internal_count=196 110 41 23 86 23 63 48 69 36 57 25
is_linear=0
shrinkage=0.05


Tree=11
num_leaves=13
num_cat=0
split_feature=4 4 0 4 4 3 0 0 5 4 4 4
split_gain=49.783 4.53411 5.23374 4.83497 1.69769 1.11347 0.174223 0.00468098 0.000265498 7.707e-07 6.79311e-08 1.73223e-10
threshold=10.000071048736574 24.000045776367191 0.90266665816307079 19.999984741210941 2.0000710487365727 4.0003957748413095 0.54933331906795513 0.842666655778885 30.000000000000004 -1.2611893907887859e-05 30.000021934509281 -3.6210121834301383e-05
decision_type=2 2 2 2 2 2 2 2 2 2 2 2
left_child=4 2 -2 -4 6 -6 -1 -8 -3 11 -10 -9
right_child=1 8 3 -5 5 -7 7 9 10 -11 -12 -13
leaf_value=-0.059147607273157703 0.069664404803277499 0.068941670626782567 -0.062484138457431442 0.032873131160082135 -0.060004051789263317 -0.014627913423365094 -0.074178966929490539 -0.071742320967315087 0.068352931803704262 -0.071708031654523219 0.068362800864286186 -0.071742894182564104
leaf_weight=3.2988410592079189 3.5734685957431811 2.3873771429061863 2.3388132452964783 3.0797444134950638 2.5593670904636374 2.8657909035682678 2.6308709979057294 2.7457969933748245 2.1604935973882684 2.3219046741724014 9.0370582640171033 2.5346082597970963
leaf_count=15 18 12 10 13 11 12 12 13 11 11 46 12
internal_value=7.25704e-05 0.0502331 0.0226918 -0.00828595 -0.0596658 -0.0360345 -0.0691399 -0.0723611 0.068463 -0.071732 0.0683609 -0.0717426
internal_weight=41.5341 22.577 8.99203 5.41856 18.9572 5.42516 13.532 10.2332 13.5849 7.60231 11.1976 5.28041
internal_count=196 110 41 23 86 23 63 48 69 36 57 25
is_linear=0
shrinkage=0.05


Tree=12
num_leaves=13
num_cat=0
split_feature=4 4 3 0 0 0 4 4 5 3 4 4
split_gain=46.097 4.32598 4.98889 1.68659 5.53106 0.24933 0.0350853 0.0110496 0.000217029 1.361e-07 5.52346e-08 3.59009e-10
threshold=10.000071048736574 24.000045776367191 0.00040733325295150285 0.77866667509078991 0.37466666102409368 0.83866664767265331 1.3792829577141676e-05 -4.0874838305171571e-06 30.000000000000004 0.00052327479352243255 30.000021934509281 -3.4944745493703515e-05
decision_type=2 2 2 2 2 2 2 2 2 2 2 2
left_child=3 2 -2 4 7 -4 9 -1 -3 -5 -10 -11
right_child=1 8 5 6 -6 -7 -8 -9 10 11 -12 -13
leaf_value=-0.072653234111062184 -0.019814861233631853 0.067681262520793289 0.067000312261554285 -0.070252455436354513 0.0074624425846768969 0.044391021464627312 -0.077320397112908348 -0.077347431578853182 0.067140371590304976 -0.070237110437694192 0.067149416743594967 -0.070237909270511406
leaf_weight=2.7895080149173737 3.9458753466606158 2.3121519088745091 2.4615950584411621 2.0517497956752759 3.4297555238008499 2.416368156671524 2.2571894973516464 2.2768312841653842 2.091291382908822 3.2817479819059372 8.7476762831211072 2.4613523036241531
leaf_count=13 17 12 13 10 15 11 10 10 11 16 46 12
internal_value=7.59827e-05 0.0490698 0.0219865 -0.0579696 -0.0415696 0.0558005 -0.071831 -0.0747628 0.0672415 -0.0702414 0.0671477 -0.0702375
internal_weight=40.5231 21.975 8.82384 18.5481 8.49609 4.87796 10.052 5.06634 13.1511 7.79485 10.839 5.7431
internal_count=196 110 41 86 38 24 48 23 69 38 57 28
is_linear=0
shrinkage=0.05


Tree=13
num_leaves=13
num_cat=0
split_feature=4 4 0 4 4 0 0 0 5 4 4 4
split_gain=42.6697 4.18189 4.71073 4.43521 1.71664 1.11603 0.19046 0.00825528 0.000178058 1.72417e-06 4.50922e-08 1.12626e-10
threshold=10.000071048736574 24.000045776367191 0.90266665816307079 19.999984741210941 2.0000710487365727 0.71599999070167553 0.54933331906795513 0.842666655778885 30.000000000000004 -1.2611893907887859e-05 30.000021934509281 -3.6210121834301383e-05
decision_type=2 2 2 2 2 2 2 2 2 2 2 2
left_child=4 2 -2 -4 6 -6 -1 -8 -3 11 -10 -9
right_child=1 8 3 -5 5 -7 7 9 10 -11 -12 -13
leaf_value=-0.055558292718428097 0.067528099056981095 0.066525479839384033 -0.060440020904343153 0.031500924245251728 -0.056759130940604655 -0.010743067151537633 -0.072166171218465913 -0.068864489391902692 0.066027343268298122 -0.068811430260299816 0.06603565477922789 -0.068864965695434419
leaf_weight=3.1452505737543133 3.3639718145132083 2.2366210818290684 2.2986360341310501 3.0550560355186462 2.4894129782915106 2.7992995530366898 2.5404599606990796 2.5856381952762604 2.0219744890928277 2.1850147992372513 8.4578035175800306 2.3867701292037964
leaf_count=15 18 12 10 13 11 12 12 13 11 11 46 12
internal_value=7.72659e-05 0.0478344 0.0211605 -0.00797441 -0.0563775 -0.032403 -0.06625 -0.0697176 0.0661205 -0.0688485 0.0660341 -0.0688647
internal_weight=39.5659 21.4341 8.71766 5.35369 18.1318 5.28871 12.8431 9.69788 12.7164 7.15742 10.4798 4.97241
internal_count=196 110 41 23 86 23 63 48 69 36 57 25
is_linear=0
shrinkage=0.05


Tree=14
num_leaves=14
num_cat=0
split_feature=4 4 3 4 0 0 4 3 5 3 4 4 0
split_gain=39.5796 4.00422 4.49258 4.11706 1.7039 5.28229 0.0357519 0.00773717 0.000146563 5.69813e-08 3.69872e-08 4.384e-10 1.77636e-15
threshold=10.000071048736574 24.000045776367191 0.0012995499419048431 19.999984741210941 0.77866667509078991 0.37466666102409368 1.3792829577141676e-05 1.0002148674102502 30.000000000000004 0.00052327479352243255 30.000021934509281 -3.4944745493703515e-05 0.90266665816307079
decision_type=2 2 2 2 2 2 2 2 2 2 2 2 2
left_child=4 2 3 -2 5 7 9 -1 -3 -6 -10 -11 -12
right_child=1 8 -4 -5 6 -7 -8 -9 10 11 12 -13 -14
leaf_value=-0.069917863632960445 -0.05899617128755396 0.065463047816170836 0.066732656346241745 0.030167792893581197 -0.067599482410724249 0.0097721782565844423 -0.074895947914432978 -0.073939584098789479 0.065003281074987859 -0.067609111412837986 0.065010940641784434 -0.06761002233420102 0.065010940641784407
leaf_weight=2.6483005583286303 2.2598302066326159 2.1611866950988743 3.255965068936348 3.0311755239963531 1.9256752729415874 3.3786754161119461 2.1843225210905075 2.1806322336196899 1.9528885632753379 3.0818888992071147 3.1965201795101148 2.3114739507436757 4.9723647236824036
leaf_count=13 10 12 18 13 10 15 10 10 11 16 18 12 28
internal_value=8.03042e-05 0.0468024 0.0205221 -0.00791484 -0.0548697 -0.0381818 -0.0692822 -0.071734 0.0650893 -0.0676069 0.0650095 -0.0676095 0.0650109
internal_weight=38.5409 20.8299 8.54697 5.29101 17.711 8.20761 9.50336 4.82893 12.283 7.31904 10.1218 5.39336 8.16888
internal_count=196 110 41 23 86 38 48 23 69 38 57 28 46
is_linear=0
shrinkage=0.05


Tree=15
num_leaves=13
num_cat=0
split_feature=4 4 3 3 4 3 0 0 5 4 4 4
split_gain=36.7504 3.83958 4.41116 1.76099 1.73774 1.05581 0.207518 0.0116355 0.000121008 2.51803e-06 3.03912e-08 7.21059e-11
threshold=10.000071048736574 24.000045776367191 -1.0000000180025095e-35 0.0012995499419048431 2.0000710487365727 4.0003957748413095 0.54933331906795513 0.842666655778885 30.000000000000004 -1.2611893907887859e-05 30.000021934509281 -3.6210121834301383e-05
decision_type=2 2 2 2 2 2 2 2 2 2 2 2
left_child=4 2 -2 -4 6 -6 -1 -8 -3 11 -10 -9
right_child=1 8 3 -5 5 -7 7 9 10 -11 -12 -13
leaf_value=-0.052337151486444682 -0.05061330402887259 0.064484250224996847 0.014063964156230036 0.065695595319521724 -0.053353086818723264 -0.007945235320929998 -0.070464887400741916 -0.066457934411634223 0.064059039199950221 -0.066391569487528279 0.064066107456118418 -0.06645832818067153
leaf_weight=2.9868279993534115 1.7530725598335264 2.0861923694610569 3.4777115583419818 3.1448132246732712 2.3973485529422751 2.7470757067203522 2.4490140378475171 2.4221163094043732 1.8843283504247663 2.0452094078063965 7.8821569979190826 2.2358269840478897
leaf_count=15 8 12 15 18 11 12 12 13 11 11 46 12
internal_value=8.07592e-05 0.0458267 0.0199128 0.0385821 -0.0534597 -0.0291057 -0.0637808 -0.0675154 0.0641386 -0.0664378 0.0640647 -0.0664581
internal_weight=37.5117 20.2283 8.3756 6.62252 17.2834 5.14442 12.139 9.15217 11.8527 6.70315 9.76649 4.65794
internal_count=196 110 41 33 86 23 63 48 69 36 57 25
is_linear=0
shrinkage=0.05


Tree=16
num_leaves=13
num_cat=0
split_feature=4 4 0 4 4 0 0 0 5 4 4 4
split_gain=34.1187 3.70212 4.06251 3.65793 1.70349 1.06497 0.208436 0.00952001 0.000100183 2.05882e-06 2.5034e-08 6.16405e-11
threshold=10.000071048736574 24.000045776367191 0.90266665816307079 19.999984741210941 2.0000710487365727 0.71599999070167553 0.54933331906795513 0.842666655778885 30.000000000000004 -1.2611893907887859e-05 30.000021934509281 -3.6210121834301383e-05
decision_type=2 2 2 2 2 2 2 2 2 2 2 2
left_child=4 2 -2 -4 6 -6 -1 -8 -3 11 -10 -9
right_child=1 8 3 -5 5 -7 7 9 10 -11 -12 -13
leaf_value=-0.050960778523413457 0.065173542230664308 0.063580645176581005 -0.056688798793494637 0.02830094421778466 -0.052408728892382989 -0.0065759354431596641 -0.069081999448202036 -0.065399723057931111 0.063186672595048718 -0.065338676733111264 0.063193206289921686 -0.065400093433050407
leaf_weight=2.9159369021654156 3.0398338735103625 2.0119311809539768 2.1927199214696884 2.9956261813640594 2.3741876333951941 2.7188693135976791 2.3750128448009473 2.3403160423040386 1.8165442794561384 1.9760125577449796 7.598667174577713 2.1603187322616582
leaf_count=15 18 12 10 13 11 12 12 13 11 11 46 12
internal_value=8.35557e-05 0.0448468 0.0192744 -0.00761777 -0.0520993 -0.0279414 -0.0625548 -0.0663742 0.0632604 -0.0653812 0.0631919 -0.0653999
internal_weight=36.516 19.6553 8.22818 5.18835 16.8607 5.09306 11.7676 8.85166 11.4271 6.47665 9.41521 4.50063
internal_count=196 110 41 23 86 23 63 48 69 36 57 25
is_linear=0
shrinkage=0.05


Tree=17
num_leaves=15
num_cat=0
split_feature=4 4 5 0 0 0 4 3 5 3 4 4 0 0
split_gain=31.7882 4.01017 4.5331 1.93965 1.3706 3.8398 0.0391867 0.00341553 8.31517e-05 2.01275e-06 2.06871e-08 3.74367e-11 1.77636e-15 8.88178e-16
threshold=10.000007152557375 24.000045776367191 30.000000000000004 0.97999998927116405 0.77866667509078991 0.37466666102409368 8.3305003499845056e-05 -0.0015406648744828997 30.000000000000004 0.00086154707241803419 30.000021934509281 -3.6210121834301383e-05 0.90266665816307079 0.96399998664855968
decision_type=2 2 2 2 2 2 2 2 2 2 2 2 2 2
left_child=4 2 3 -2 5 7 9 -1 -3 -6 -10 -11 -12 -14
right_child=1 8 -4 -5 6 -7 -8 -9 10 11 12 -13 13 -15
leaf_value=-0.066790257097162117 0.068352178706358166 0.062744880831782063 -0.035732477079747221 0.011145121009604629 -0.064369518269427453 0.0061295415598625509 -0.072534447267913485 -0.069684523917909788 0.062379232696651798 -0.064424816294805731 0.062385284414113854 -0.06442512498710827 0.06238528441411384 0.06238528441411384
leaf_weight=2.0700955241918564 3.1757518947124499 1.9386504292488069 2.7734171599149704 2.7777124792337418 2.7743291854858381 3.0249959230422974 1.8962150067090986 2.0082246959209433 1.749747186899185 2.259005293250083 2.864073246717453 1.7377171963453304 1.9093821644783018 2.5458428859710693
leaf_count=11 19 12 13 12 16 14 9 10 11 13 18 10 12 16
internal_value=8.60967e-05 0.042379 0.0170653 0.041661 -0.0528373 -0.0365551 -0.0661814 -0.0682154 0.0624477 -0.0644022 0.0623841 -0.064425 0.0623853 0.0623853
internal_weight=35.5052 19.7346 8.72688 5.95346 15.7706 7.10332 8.66727 4.07832 11.0077 6.77105 9.06905 3.99672 7.3193 4.45523
internal_count=196 113 44 31 83 35 48 21 69 39 57 23 46 28
is_linear=0
shrinkage=0.05


Tree=18
num_leaves=13
num_cat=0
split_feature=4 4 5 3 0 0 4 3 5 3 4 4
split_gain=29.5502 3.87485 4.16698 1.89424 1.34874 3.63745 0.0321046 0.00279809 6.91823e-05 1.65675e-06 1.71536e-08 3.19682e-11
threshold=10.000007152557375 24.000045776367191 30.000000000000004 0.0012995499419048431 0.77866667509078991 0.37466666102409368 8.3305003499845056e-05 -0.0015406648744828997 30.000000000000004 0.00086154707241803419 30.000021934509281 -3.6210121834301383e-05
decision_type=2 2 2 2 2 2 2 2 2 2 2 2
left_child=4 2 3 -2 5 7 9 -1 -3 -6 -10 -11
right_child=1 8 -4 -5 6 -7 -8 -9 10 11 -12 -13
leaf_value=-0.065705462502004749 0.010437611098989559 0.061970517036149787 -0.034232915075039137 0.067489817435089319 -0.063473714389813501 0.0058111828509106933 -0.070977792967504477 -0.068368288147186748 0.061630611637324195 -0.063524801352030633 0.061636228673320449 -0.063525091827019084
leaf_weight=2.0008153468370442 2.7687524706125277 1.8665578365325899 2.7507479041814804 3.06593918800354 2.6753182262182218 3.0310213416814804 1.842279255390167 1.9461177885532368 1.6841136366128919 2.1785003989934912 7.0447892844676971 1.6757900118827831
leaf_count=11 12 12 13 19 16 14 9 10 11 13 46 10
internal_value=8.72043e-05 0.0414648 0.0164992 0.0404167 -0.0516175 -0.0353834 -0.0651486 -0.0670184 0.0616942 -0.0635039 0.0616351 -0.0635249
internal_weight=34.5307 19.1809 8.58544 5.83469 15.3498 6.97795 8.37189 3.94693 10.5955 6.52961 8.7289 3.85429
internal_count=196 113 44 31 83 35 48 21 69 39 57 23
is_linear=0
shrinkage=0.05


Tree=19
num_leaves=13
num_cat=0
split_feature=4 4 5 0 0 0 4 3 5 3 4 4
split_gain=27.4843 3.74796 3.83091 1.8378 1.32874 3.45088 0.0263922 0.00230016 5.76792e-05 1.36769e-06 1.42401e-08 2.54783e-11
threshold=10.000007152557375 24.000045776367191 30.000000000000004 0.97999998927116405 0.77866667509078991 0.37466666102409368 8.3305003499845056e-05 -0.0015406648744828997 30.000000000000004 0.00086154707241803419 30.000021934509281 -3.6210121834301383e-05
decision_type=2 2 2 2 2 2 2 2 2 2 2 2
left_child=4 2 3 -2 5 7 9 -1 -3 -6 -10 -11
right_child=1 8 -4 -5 6 -7 -8 -9 10 11 -12 -13
leaf_value=-0.064706705483021723 0.066605776493765478 0.061251871579640661 -0.032797925962899481 0.0098796521757600845 -0.062645076439104594 0.0055100243303911533 -0.069558119670497368 -0.067162209115082985 0.060935455351200554 -0.062692366045604908 0.060940673822716146 -0.062692630225115439
leaf_weight=1.9318611621856692 2.956730470061304 1.795826017856595 2.7281310856342316 2.7612146586179733 2.5776454955339414 3.0367012619972229 1.7872804552316663 1.8835975229740132 1.6197889298200605 2.0990681052207938 6.7757501900196075 1.6146879941225063
leaf_count=11 19 12 13 12 16 14 9 10 11 13 46 10
internal_value=8.80979e-05 0.0405827 0.0159527 0.0392125 -0.0504593 -0.0342635 -0.0641963 -0.0659189 0.0609947 -0.0626731 0.0609397 -0.0626925
internal_weight=33.5683 18.6374 8.44608 5.71795 14.9308 6.85216 8.07868 3.81546 10.1914 6.2914 8.39554 3.71376
internal_count=196 113 44 31 83 35 48 21 69 39 57 23
is_linear=0
shrinkage=0.05


Tree=20
num_leaves=14
num_cat=0
split_feature=4 3 0 4 3 0 4 3 3 5 0 3 4
split_gain=25.6311 3.47374 2.55901 1.91137 2.54051 1.77115 0.0363713 0.00373942 0.00239344 4.81866e-05 1.20593e-08 1.90554e-09 7.12793e-10
threshold=15.999974727630617 4.0003957748413095 0.71599999070167553 24.000045776367191 0.00040733325295150285 0.54933331906795513 1.3792829577141676e-05 0.00043318863026797777 -0.0015406648744828997 30.000000000000004 0.96399998664855968 0.00088406799477525066 30.000021934509281
decision_type=2 2 2 2 2 2 2 2 2 2 2 2 2
left_child=1 5 -3 4 -2 -1 7 -7 -8 -5 12 -9 -11
right_child=3 2 -4 9 -6 6 8 11 -10 10 -12 -13 -14
leaf_value=-0.021643946993715767 -0.011806592739713148 -0.04262219119125471 0.033822325181572958 0.060583945108382456 0.055792555745902056 -0.064705155717739979 -0.06767307105860644 -0.06192335456294476 -0.070146466696451013 0.060295144514498245 0.060289947743644837 -0.061921186433346757 0.060293849107135235
leaf_weight=3.06219553947449 2.6485451459884635 2.1282166540622702 2.254472553730011 1.7265965342521639 2.9246614128351212 1.6940651834011058 1.9093073308467867 1.7102208882570265 2.0053740590810776 1.4159168303012846 2.406254842877388 2.4873157143592834 4.2473991215229034
leaf_count=17 12 12 12 12 17 10 10 11 10 10 17 16 30
internal_value=8.88014e-05 -0.041745 -0.00329883 0.0470446 0.0236675 -0.0548388 -0.0652045 -0.0627223 -0.0689401 0.0603442 0.0602929 -0.0619221 0.0602942
internal_weight=32.6205 17.2512 4.38269 15.3694 5.57321 12.8685 9.80628 5.8916 3.91468 9.79617 8.06957 4.19754 5.66332
internal_count=196 98 24 98 29 74 57 37 20 69 57 27 40
is_linear=0
shrinkage=0.05


Tree=21
num_leaves=14
num_cat=0
split_feature=4 4 5 0 4 4 0 0 3 5 3 4 0
split_gain=24.019 3.45533 3.37401 1.76313 1.3595 0.87749 0.252762 0.0250762 0.000120869 4.03323e-05 3.19606e-06 1.01627e-08 9.20153e-13
threshold=10.000007152557375 24.000045776367191 30.000000000000004 0.97999998927116405 2.0000710487365727 6.0000686645507821 0.54933331906795513 0.77866667509078991 0.0011668260558508339 30.000000000000004 0.00086154707241803419 30.000021934509281 0.96399998664855968
decision_type=2 2 2 2 2 2 2 2 2 2 2 2 2
left_child=4 2 3 -2 6 -6 -1 -8 10 -3 -9 -11 -13
right_child=1 9 -4 -5 5 -7 7 8 -10 11 -12 12 -14
leaf_value=-0.044550718289082941 0.065484379485806224 0.059962297088480457 -0.031027972845702585 0.0091368439078362423 0.00053586831420621129 -0.046150480833874186 -0.068381290368369763 -0.061120196305698454 -0.061671788980316992 0.059686957505307475 -0.061205447288711204 0.059691531513842738 0.059691571769310794
leaf_weight=2.5459517687559146 2.796320244669916 1.6589837670326213 2.6537429541349411 2.7570435702800751 1.926392763853072 2.1076436936855316 1.5723514705896375 2.5299630612134933 1.5321433395147321 1.4955126792192457 1.9442963153123853 4.0799827873706818 2.1759965419769287
leaf_count=15 19 12 13 12 9 11 8 17 10 11 13 30 16
internal_value=8.90788e-05 0.0390595 0.0153484 0.0375099 -0.0484014 -0.0238561 -0.0581811 -0.06276 -0.0612885 0.0597385 -0.0611572 0.0596907 0.0596915
internal_weight=31.7763 17.6176 8.20711 5.55336 14.1587 4.03404 10.1247 7.57875 6.0064 9.41048 4.47426 7.75149 6.25598
internal_count=196 113 44 31 83 20 63 48 40 69 30 57 46
is_linear=0
shrinkage=0.05


Tree=22
num_leaves=15
num_cat=0
split_feature=4 4 5 3 0 0 4 3 3 5 3 0 4 0
split_gain=22.3472 3.35218 3.10227 1.71504 1.35559 3.44622 0.0213678 0.00134357 9.40164e-05 3.38158e-05 1.28192e-06 8.58831e-09 5.4326e-10 8.88178e-16
threshold=10.000007152557375 24.000045776367191 30.000000000000004 0.0012995499419048431 0.77866667509078991 0.37466666102409368 8.3305003499845056e-05 -0.0015406648744828997 0.0011668260558508339 30.000000000000004 0.00086154707241803419 0.96399998664855968 30.000021934509281 0.90266665816307079
decision_type=2 2 2 2 2 2 2 2 2 2 2 2 2 2
left_child=4 2 3 -2 5 7 8 -1 10 -3 -6 12 -11 -14
right_child=1 9 -4 -5 6 -7 -8 -9 -10 11 -12 -13 13 -15
leaf_value=-0.062900411656649585 0.0086142458881162693 0.059382969227219466 -0.029729572169963615 0.064752387398315903 -0.060484393067340894 0.0094239562888390263 -0.067085015474043053 -0.064848324190119502 -0.060974174833839094 0.059131134976676339 -0.060540181568113798 0.059126538686196384 0.059129957325987054 0.059129957325987026
leaf_weight=1.7933084964752199 2.7496010959148425 1.5930783152580241 2.6317315995693207 2.6929932534694672 2.2925660014152527 2.9323342740535736 1.6602509021759031 1.748236551880838 1.4736700654029844 1.3057571649551389 1.8692784607410429 2.2190104871988297 2.3501534163951874 1.5667689442634585
leaf_count=11 12 12 13 19 16 14 9 10 10 10 13 17 18 12
internal_value=9.21396e-05 0.0382513 0.01484 0.0363914 -0.0473215 -0.0306672 -0.0620997 -0.063862 -0.060631 0.0591739 -0.0605095 0.0591291 0.0591303 0.05913
internal_weight=30.8787 17.1091 8.07433 5.44259 13.7696 6.47388 7.29577 3.54155 5.63551 9.03477 4.16184 7.44169 5.22268 3.91692
internal_count=196 113 44 31 83 35 48 21 39 69 29 57 40 30
is_linear=0
shrinkage=0.05


Tree=23
num_leaves=14
num_cat=0
split_feature=4 3 0 4 3 0 4 3 3 5 3 4 0
split_gain=20.8704 3.10103 2.2893 1.79401 2.26703 1.78211 0.02976 0.00336382 0.00261809 2.83962e-05 1.84175e-08 7.28813e-09 2.07834e-12
threshold=15.999974727630617 4.0003957748413095 0.71599999070167553 24.000045776367191 0.00040733325295150285 0.54933331906795513 1.3792829577141676e-05 0.00043318863026797777 -0.0015406648744828997 30.000000000000004 0.0011602283339016142 30.000021934509281 0.96399998664855968
decision_type=2 2 2 2 2 2 2 2 2 2 2 2 2
left_child=1 5 -3 4 -2 -1 7 -7 -8 -5 -9 -11 -13
right_child=3 2 -4 9 -6 6 8 10 -10 11 -12 12 -14
leaf_value=-0.017921415720421108 -0.011339839212786793 -0.040718825330671865 0.033545379365656429 0.058842422909170314 0.053729391136875831 -0.062699173297362604 -0.065219704259898537 -0.059922818660961379 -0.067898828089033428 0.058601725916257667 -0.059915542541206873 0.058605752166917074 0.058605815201146494
leaf_weight=2.8839230537414577 2.6250075101852408 1.9844485968351353 2.1752225682139397 1.5289501547813396 2.731455884873867 1.5378122329711894 1.7637539207935335 2.3489270955324177 1.8880061209201811 1.3776101246476171 1.3810436278581617 3.7583720684051514 2.0044753551483154
leaf_count=17 12 12 12 12 17 10 10 17 10 11 10 30 16
internal_value=9.20798e-05 -0.0390064 -0.00188374 0.0445909 0.0218413 -0.0520888 -0.0631361 -0.0607314 -0.0666048 0.0586469 -0.0599201 0.058605 0.0586058
internal_weight=29.989 15.9631 4.15967 14.0259 5.35646 11.8035 8.91954 5.26778 3.65176 8.66941 3.72997 7.14046 5.76285
internal_count=196 98 24 98 29 74 57 37 20 69 27 57 46
is_linear=0
shrinkage=0.05


Tree=24
num_leaves=14
num_cat=0
split_feature=4 4 3 4 4 4 0 0 3 5 3 0 4
split_gain=19.5664 3.10748 2.81777 2.36512 1.38276 0.78748 0.265666 0.0208678 0.000319232 2.38813e-05 3.17101e-06 6.15307e-09 4.15966e-10
threshold=10.000007152557375 24.000045776367191 9.9983768463134783 18.99996376037598 2.0000710487365727 6.0000686645507821 0.54933331906795513 0.77866667509078991 0.0011668260558508339 30.000000000000004 0.00086154707241803419 0.96399998664855968 30.000021934509281
decision_type=2 2 2 2 2 2 2 2 2 2 2 2 2
left_child=4 2 3 -2 6 -6 -1 -8 10 -3 -9 12 -11
right_child=1 9 -4 -5 5 -7 7 8 -10 11 -12 -13 -14
leaf_value=-0.041542421929348393 -0.044447180305546452 0.058337510445489765 0.062458140028550449 0.021715552086909146 0.0029343848064795593 -0.04242157877711869 -0.066229003646113019 -0.059253797482935355 -0.060172180579011053 0.058116974595499242 -0.059343996847335427 0.058112892677281369 0.058115900373341058
leaf_weight=2.3681506663560885 2.2289332821965244 1.4666506052017192 2.1887385845184326 3.4281749278306961 1.8740881830453866 1.9556381255388258 1.4799058884382246 2.2399037629365925 1.3962439745664594 1.2015950679779051 1.7246159911155698 2.0419678166508675 3.6044429987668991
leaf_count=15 12 12 17 15 9 11 8 17 10 10 13 17 30
internal_value=9.16657e-05 0.0368561 0.0142852 -0.00435295 -0.0454757 -0.0202265 -0.0559762 -0.060973 -0.059522 0.0581544 -0.059293 0.0581152 0.0581162
internal_weight=29.199 16.1605 7.84585 5.65711 13.0385 3.82973 9.20882 6.84067 5.36076 8.31466 3.96452 6.84801 4.80604
internal_count=196 113 44 27 83 20 63 48 40 69 30 57 40
is_linear=0
shrinkage=0.05


Tree=25
num_leaves=14
num_cat=0
split_feature=4 4 3 4 0 0 4 3 3 5 3 4 0
split_gain=18.2196 3.01417 2.66566 2.16979 1.38324 3.43386 0.0178258 0.000784298 0.000256028 2.01107e-05 1.30743e-06 5.26852e-09 2.95319e-12
threshold=10.000007152557375 24.000045776367191 9.9983768463134783 19.999984741210941 0.77866667509078991 0.37466666102409368 8.3305003499845056e-05 -0.0015406648744828997 0.0011668260558508339 30.000000000000004 0.00086154707241803419 30.000021934509281 0.96399998664855968
decision_type=2 2 2 2 2 2 2 2 2 2 2 2 2
left_child=4 2 3 -2 5 7 8 -1 10 -3 -6 -11 -13
right_child=1 9 -4 -5 6 -7 -8 -9 -10 11 -12 12 -14
leaf_value=-0.061413729847538748 -0.036837295406446348 0.057865373768905881 0.061849995320047313 0.025472197572424939 -0.058745725108582864 0.012965593052563335 -0.06514229592206687 -0.062959567980271344 -0.059579566609490202 0.05765412067454026 -0.058805618002473296 0.057657683125695726 0.057657761510525596
leaf_weight=1.6643876731395724 2.6658774241805059 1.4062153398990629 2.1019446700811386 2.9358081370592117 2.0271910801529889 2.8321314007043839 1.5365333408117292 1.618368804454805 1.3410231620073316 1.2664739936590192 1.6551432311534879 3.4552091360092163 1.8427920341491697
leaf_count=11 14 12 17 13 16 14 9 10 10 11 13 30 16
internal_value=9.32328e-05 0.0361382 0.0138354 -0.00418128 -0.044482 -0.0273738 -0.0604296 -0.0621758 -0.0589881 0.0576938 -0.0587726 0.057657 0.0576577
internal_weight=28.3491 15.6743 7.70363 5.60169 12.6748 6.11489 6.55989 3.28276 5.02336 7.97069 3.68233 6.56448 5.298
internal_count=196 113 44 27 83 35 48 21 39 69 29 57 46
is_linear=0
shrinkage=0.05


Tree=26
num_leaves=15
num_cat=0
split_feature=4 4 3 4 4 3 0 0 3 5 3 0 4 0
split_gain=16.9801 2.92582 2.52289 2.0107 1.39628 0.749819 0.287392 0.0214077 0.000225738 1.69581e-05 2.38766e-06 4.4334e-09 3.11062e-10 8.88178e-16
threshold=10.000007152557375 24.000045776367191 9.9983768463134783 18.99996376037598 2.0000710487365727 4.0003957748413095 0.54933331906795513 0.77866667509078991 0.0011668260558508339 30.000000000000004 0.00086154707241803419 0.96399998664855968 30.000021934509281 0.90266665816307079
decision_type=2 2 2 2 2 2 2 2 2 2 2 2 2 2
left_child=4 2 3 -2 6 -6 -1 -8 10 -3 -9 12 -11 -14
right_child=1 9 -4 -5 5 -7 7 8 -10 11 -12 -13 13 -15
leaf_value=-0.039163889044653205 -0.041658740063810373 0.057423471485766792 0.061276052002017016 0.020047527045913664 -0.0397193162377939 0.0053089666692784435 -0.065387234338564776 -0.058221146134159442 -0.059026758705938889 0.057229619561640237 -0.058302729400164691 0.057225990859863997 0.057228650286158915 0.057228650286158901
leaf_weight=2.228723272681238 2.1638345867395383 1.3476661145687101 2.0176845341920853 3.3859561681747437 1.907480210065841 1.7941477000713346 1.4395036548376081 2.0610970631241803 1.2872639223933218 1.1036812514066694 1.5876562818884847 1.875550605356693 1.9864269644021988 1.3242846429347992
leaf_count=15 12 12 17 15 11 9 8 17 10 10 13 17 18 12
internal_value=9.17952e-05 0.0354304 0.0133959 -0.00401143 -0.0435724 -0.0178945 -0.0546193 -0.0600221 -0.0584575 0.0572625 -0.0582566 0.057228 0.0572289 0.0572287
internal_weight=27.511 15.2051 7.56748 5.54979 12.3059 3.70163 8.60424 6.37552 4.93602 7.63761 3.64875 6.28994 4.41439 3.31071
internal_count=196 113 44 27 83 20 63 48 40 69 30 57 40 30
is_linear=0
shrinkage=0.05


Tree=27
num_leaves=15
num_cat=0
split_feature=4 4 3 4 4 0 0 0 3 5 3 4 0 0
split_gain=15.8162 2.54781 2.52456 1.68477 1.05357 0.29046 0.221578 0.0177961 0.000189848 1.43169e-05 2.00224e-06 3.79568e-09 3.19833e-12 8.88178e-16
threshold=10.000071048736574 24.000045776367191 0.00040733325295150285 2.0000710487365727 7.9999883174896249 0.54933331906795513 0.96399998664855968 0.77866667509078991 0.0011668260558508339 30.000000000000004 0.00086154707241803419 30.000021934509281 0.96399998664855968 0.90266665816307079
decision_type=2 2 2 2 2 2 2 2 2 2 2 2 2 2
left_child=3 2 -2 5 -5 -1 -4 -7 10 -3 -9 -11 13 -13
right_child=1 9 6 4 -6 7 -8 8 -10 11 -12 12 -14 -15
leaf_value=-0.03816390649130072 -0.015569266147066694 0.057009473211926946 0.05703696898657426 0.0067364793103911816 -0.043337598262702948 -0.064413322325601333 0.031289501416575535 -0.057756199483106632 -0.058510498221507883 0.056823424966952564 -0.057832499288307776 0.056826575912807015 0.056826661057692456 0.056826575912807001
leaf_weight=2.1741662323474902 3.4643155634403211 1.2910128831863401 1.8228221163153651 2.3976698964834204 1.8695298284292219 1.3894732594490049 1.5428585261106489 1.9759586676955225 1.2350130677223203 1.1622752919793127 1.5221932306885717 1.9025781601667404 1.6911970376968382 1.2683854401111603
leaf_count=15 17 12 17 12 11 8 7 17 10 11 13 18 16 12
internal_value=9.3207e-05 0.0363545 0.0143934 -0.0407324 -0.0152018 -0.0538632 0.0452341 -0.0594381 -0.0579776 0.0568584 -0.0577894 0.056826 0.0568266 0.0568266
internal_weight=26.7094 14.1454 6.83 12.564 4.2672 8.2968 3.36568 6.12264 4.73316 7.31545 3.49815 6.02444 4.86216 3.17096
internal_count=196 110 41 86 23 63 24 48 40 69 30 57 46 30
is_linear=0
shrinkage=0.05


Tree=28
num_leaves=14
num_cat=0
split_feature=4 3 0 0 0 3 3 4 4 3 4 4 0
split_gain=14.8583 4.22492 2.80792 1.79163 1.36915 0.418242 0.140041 0.0409155 0.0234464 0.00804129 3.78514e-07 2.40295e-10 2.73115e-12
threshold=19.999970436096195 4.0003957748413095 0.71599999070167553 0.54933331906795513 0.97999998927116405 9.9983768463134783 0.0012995499419048431 10.000071048736574 28.999986648559574 0.00035516027128323918 -1.2611893907887859e-05 30.000021934509281 0.96399998664855968
decision_type=2 2 2 2 2 2 2 2 2 2 2 2 2
left_child=1 3 -3 -1 8 -4 7 9 -2 -5 -11 -10 -13
right_child=4 2 5 6 -6 -7 -8 -9 11 10 -12 12 -14
leaf_value=-0.010735279038910427 0.062916985613251208 -0.039499637275534287 0.024056631440981715 -0.061399502289971167 0.016352474783951007 0.062805050811390747 -0.045758731822692106 -0.068182332227216619 0.056450341013733918 -0.057391160921232247 -0.057354096464482557 0.056449462979436885 0.056449543391770135
leaf_weight=2.6244599074125317 1.8617988303303699 1.7628359496593464 1.6058380454778673 2.1664121299982053 2.6658598929643631 1.2296728640794752 1.8459713011980055 1.6370328664779661 1.0120911151170728 1.7951978147029857 1.1176783517003079 3.0359537154436111 1.6191911697387693
leaf_count=17 15 12 9 15 14 11 12 9 10 16 10 30 16
internal_value=9.49225e-05 -0.0302931 0.0100535 -0.0468777 0.0471457 0.0408606 -0.0579558 -0.0613082 0.0580489 -0.0590926 -0.0573769 0.0564496 0.0564495
internal_weight=25.98 15.7851 4.59835 11.1868 10.1949 2.83551 8.56229 6.71632 7.52903 5.07929 2.91288 5.66724 4.65514
internal_count=196 111 32 79 85 20 62 50 71 41 26 56 46
is_linear=0
shrinkage=0.05


Tree=29
num_leaves=14
num_cat=0
split_feature=4 4 3 4 0 0 4 4 3 5 3 4 0
split_gain=13.9639 2.6178 2.19795 1.65193 1.4265 3.49771 0.0185435 0.000611869 0.000354411 2.34849e-05 1.84485e-06 1.37608e-08 2.4869e-12
threshold=10.000007152557375 24.000045776367191 9.9983768463134783 18.99996376037598 0.77866667509078991 0.37466666102409368 3.0000323057174687 -6.0427669268392484e-06 0.0011668260558508339 30.000000000000004 0.00052327479352243255 30.000021934509281 0.96399998664855968
decision_type=2 2 2 2 2 2 2 2 2 2 2 2 2
left_child=4 2 3 -2 5 7 8 -1 10 -3 -6 -11 -13
right_child=1 9 -4 -5 6 -7 -8 -9 -10 11 -12 12 -14
leaf_value=-0.059748110136682513 -0.038639454271807365 0.056338964971747313 0.0603781335412975 0.018394204117963088 -0.056887616364419129 0.018093791313266227 -0.064008828157703243 -0.061184290169987776 -0.057954386556946937 0.056089178381174581 -0.056966374338793847 0.056095478650980093 0.056095557096777243
leaf_weight=1.3645404577255251 2.0481651499867422 1.1925769150257108 1.8115288615226743 3.3399786651134491 1.1702660992741587 2.6855068951845169 1.3004457354545591 1.6245510876178757 1.1694058850407598 1.0645311772823332 2.0392127260565758 2.9056504368782043 1.5496954917907713
leaf_count=10 12 12 17 15 11 14 8 11 10 11 19 30 16
internal_value=9.53049e-05 0.0336753 0.0127329 -0.00328568 -0.0410507 -0.0233205 -0.0587662 -0.0605287 -0.0572092 0.0561378 -0.0569377 0.0560943 0.0560955
internal_weight=25.2661 13.9121 7.19967 5.38814 11.3539 5.6746 5.67933 2.98909 4.37888 6.71245 3.20948 5.51988 4.45535
internal_count=196 113 44 27 83 35 48 21 40 69 30 57 46
is_linear=0
shrinkage=0.05


Tree=30
num_leaves=14
num_cat=0
split_feature=4 4 3 4 0 0 4 4 3 5 3 4 0
split_gain=13.0154 2.54551 2.08373 1.51148 1.40398 3.30123 0.0156119 0.000512236 0.000299309 1.99058e-05 1.55383e-06 1.16311e-08 1.95932e-12
threshold=10.000007152557375 24.000045776367191 9.9983768463134783 18.99996376037598 0.77866667509078991 0.37466666102409368 3.0000323057174687 -6.0427669268392484e-06 0.0011668260558508339 30.000000000000004 0.00052327479352243255 30.000021934509281 0.96399998664855968
decision_type=2 2 2 2 2 2 2 2 2 2 2 2 2
left_child=4 2 3 -2 5 7 8 -1 10 -3 -6 -11 -13
right_child=1 9 -4 -5 6 -7 -8 -9 -10 11 -12 12 -14
leaf_value=-0.059182854403991542 -0.037306462974967002 0.055992121519880048 0.059896970528920547 0.017574455054916446 -0.056506757786860609 0.017068656605542878 -0.063169130901065615 -0.060523548161973986 -0.057508216941276183 0.055757043771059937 -0.056580623799682143 0.055762966383912149 0.055763037570357915
leaf_weight=1.3100732415914538 2.0161100178956968 1.1412633061408994 1.7366717830300329 3.321464478969574 1.1205043196678164 2.7039673924446106 1.2530468851327894 1.5617621615529076 1.1207845136523245 1.0184925124049184 1.9526486322283743 2.7800039201974869 1.4826835393905637
leaf_count=10 12 12 17 15 11 14 8 11 10 11 19 30 16
internal_value=9.21694e-05 0.0330133 0.0123236 -0.00315518 -0.0402176 -0.0225805 -0.0582719 -0.059912 -0.0568088 0.0558028 -0.0565537 0.0557618 0.055763
internal_weight=24.5195 13.4967 7.07425 5.33757 11.0228 5.5758 5.44698 2.87184 4.19394 6.42244 3.07315 5.28118 4.26269
internal_count=196 113 44 27 83 35 48 21 40 69 30 57 46
is_linear=0
shrinkage=0.05


Tree=31
num_leaves=14
num_cat=0
split_feature=4 4 3 4 4 3 0 0 3 5 3 4 0
split_gain=12.1312 2.47579 1.97608 1.40299 1.38548 0.669487 0.327174 0.0183083 0.000253053 1.68869e-05 1.31026e-06 9.8351e-09 1.67866e-12
threshold=10.000007152557375 24.000045776367191 9.9983768463134783 19.999984741210941 2.0000710487365727 4.0003957748413095 0.54933331906795513 0.77866667509078991 0.0011668260558508339 30.000000000000004 0.00052327479352243255 30.000021934509281 0.96399998664855968
decision_type=2 2 2 2 2 2 2 2 2 2 2 2 2
left_child=4 2 3 -2 6 -6 -1 -8 10 -3 -9 -11 -13
right_child=1 9 -4 -5 5 -7 7 8 -10 11 -12 12 -14
leaf_value=-0.034198974214305053 -0.030681310245645306 0.055666198913084323 0.059439759802443141 0.02095552176541338 -0.03509560808496081 0.0092214916671077389 -0.063215635150164304 -0.056149301127923448 -0.057090158695798733 0.05544483200866307 -0.05621863265698171 0.055450400649229785 0.055450468016261828
leaf_weight=1.9535436183214203 2.4564469307661039 1.0917983651161192 1.6643587648868559 2.8320465981960297 1.7163891196250918 1.6925598978996275 1.322754845023155 1.0724701881408694 1.0737322047352789 0.97413736581802357 1.8690736293792722 2.6589502394199371 1.4181209802627561
leaf_count=15 14 12 17 13 11 9 8 11 10 11 19 30 16
internal_value=8.90488e-05 0.0323592 0.0119245 -0.00302922 -0.0394049 -0.013092 -0.0517066 -0.0581139 -0.0564332 0.0554879 -0.0561934 0.0554493 0.0554504
internal_weight=23.7964 13.0959 6.95285 5.28849 10.7005 3.40895 7.29157 5.33803 4.01528 6.14301 2.94154 5.05121 4.07707
internal_count=196 113 44 27 83 20 63 48 40 69 30 57 46
is_linear=0
shrinkage=0.05


Tree=32
num_leaves=14
num_cat=0
split_feature=4 4 3 0 0 4 4 3 3 5 3 4 0
split_gain=11.2924 2.40883 1.8745 1.40159 3.22538 1.28415 0.0134149 0.000590457 0.000214168 1.4338e-05 1.10611e-06 8.32926e-09 1.36691e-12
threshold=10.000007152557375 24.000045776367191 9.9983768463134783 0.77866667509078991 0.37466666102409368 18.99996376037598 3.0000323057174687 -0.0015406648744828997 0.0011668260558508339 30.000000000000004 0.00052327479352243255 30.000021934509281 0.96399998664855968
decision_type=2 2 2 2 2 2 2 2 2 2 2 2 2
left_child=3 2 5 4 7 -2 8 -1 10 -3 -5 -11 -13
right_child=1 9 -4 6 -6 -7 -8 -9 -10 11 -12 12 -14
leaf_value=-0.058424359086868466 -0.034935831858453871 0.055359738910886691 0.059004914550861876 -0.055813557085849577 0.018285481510996647 0.016213137509564653 -0.06216665388728379 -0.059899487613580209 -0.056698109171722605 0.055151160894559161 -0.055878680119841477 0.055156402107545424 0.055156464264382379
leaf_weight=1.3573763668537142 1.9594944268465022 1.0441543757915495 1.594559349119663 1.0261464640498168 2.6643382608890533 3.2831253409385681 1.1844935268163679 1.3561143130064026 1.028249070048332 0.93143732845783223 1.7884602099657056 2.542412057518959 1.3559668064117434
leaf_count=11 12 12 17 11 14 15 8 10 10 11 19 30 16
internal_value=9.05631e-05 0.0317087 0.011534 -0.0385348 -0.020792 -0.00290443 -0.0575145 -0.0591616 -0.0560805 0.0551917 -0.0558549 0.0551554 0.0551564
internal_weight=23.1163 12.7111 6.83718 10.4052 5.37783 5.24262 5.02735 2.71349 3.84286 5.87397 2.81461 4.82982 3.89838
internal_count=196 113 44 83 35 27 48 21 40 69 30 57 46
is_linear=0
shrinkage=0.05


Tree=33
num_leaves=14
num_cat=0
split_feature=4 4 3 0 0 0 0 0 3 5 4 4 0
split_gain=10.6132 3.18879 2.22948 1.17992 0.539398 3.23717 0.162331 0.0278733 0.000170087 1.21831e-05 7.38622e-07 7.05241e-09 1.25855e-12
threshold=3.9999772310256962 24.000045776367191 1.0000000180025095e-35 0.54933331906795513 0.97999998927116405 0.71599999070167553 0.83333331346511852 0.842666655778885 0.0011668260558508339 30.000000000000004 -1.2611893907887859e-05 30.000021934509281 0.96399998664855968
decision_type=2 2 2 2 2 2 2 2 2 2 2 2 2
left_child=3 2 -2 -1 5 -4 -7 -5 10 -3 -9 -11 -13
right_child=1 9 4 7 -6 6 -8 8 -10 11 -12 12 -14
leaf_value=-0.015631068049383971 -0.040875064633047589 0.055071390397846857 -0.035009821334860629 -0.062893171856633706 0.00200696374718267 0.071758038764498766 0.048596947858976808 -0.055570560873522856 -0.056330153774851878 0.054874761249065346 -0.055513621288709639 0.054879693155212406 0.05487975415288681
leaf_weight=2.2056840434670475 1.9219816327095012 0.99829918146133323 1.3157552853226659 2.3517493009567261 2.6336982548236847 1.3419202491641047 1.7342119216918943 1.3529155552387242 0.98432790488004673 0.89036040008068074 0.98365215957164776 2.4303024262189865 1.2961744070053103
leaf_count=17 13 12 10 16 12 7 16 15 10 11 11 30 16
internal_value=8.70445e-05 0.0253782 0.00684334 -0.0466624 0.0198976 0.0306262 0.0587007 -0.0587283 -0.0557788 0.054913 -0.0555466 0.0548788 0.0548797
internal_weight=22.441 14.5627 8.94757 7.87833 7.02559 4.39189 3.07613 5.67264 3.3209 5.61514 2.33657 4.61684 3.72648
internal_count=196 127 58 69 45 33 23 52 36 69 26 57 46
is_linear=0
shrinkage=0.05


Tree=34
num_leaves=15
num_cat=0
split_feature=4 4 3 0 3 0 0 0 3 5 4 4 0 3
split_gain=9.89278 3.08439 2.04986 1.16492 0.502122 2.63616 0.427713 0.0235498 0.000144218 1.03595e-05 6.24559e-07 5.96625e-09 1.11466e-12 4.44089e-16
threshold=3.9999772310256962 24.000045776367191 1.0000000180025095e-35 0.54933331906795513 0.00040733325295150285 0.71599999070167553 0.96399998664855968 0.842666655778885 0.0011668260558508339 30.000000000000004 -1.2611893907887859e-05 30.000021934509281 0.96399998664855968 30.99839019775391
decision_type=2 2 2 2 2 2 2 2 2 2 2 2 2 2
left_child=3 2 -2 -1 -4 -6 -7 -5 10 -3 -9 -11 13 -13
right_child=1 9 4 7 5 6 -8 8 -10 11 -12 12 -14 -15
leaf_value=-0.01500680953677036 -0.039763661298840174 0.054799922554918126 -0.0022883088917663719 -0.062139940835901068 -0.033650883871331624 0.062985632583324652 0.028190090481813392 -0.055269446670775102 -0.055984555905153569 0.054614469442327868 -0.055215903503455122 0.054619109285308234 0.05461916802650927 0.054619109285308255
leaf_weight=2.1831522062420872 1.878046527504919 0.95419666171073814 1.966808885335922 2.2634796798229218 1.3008348345756529 2.2193026766180997 1.4669395238161085 1.2937669306993489 0.94195523858070362 0.85087138414382923 0.94059620797634136 1.2386801242828371 1.2386927604675295 1.0838451087474821
leaf_count=17 13 12 9 16 10 19 7 15 10 11 11 16 16 14
internal_value=8.54036e-05 0.0247534 0.00658796 -0.0458604 0.0191062 0.0275438 0.0491388 -0.0582428 -0.0554657 0.0546505 -0.0552469 0.0546182 0.0546191 0.0546191
internal_weight=21.8212 14.1982 8.83193 7.62295 6.95389 4.98708 3.68624 5.4398 3.17632 5.36629 2.23436 4.41209 3.56122 2.32253
internal_count=196 127 58 69 45 36 26 52 36 69 26 57 46 30
is_linear=0
shrinkage=0.05


Tree=35
num_leaves=15
num_cat=0
split_feature=4 3 4 0 0 0 3 4 4 3 4 4 3 3
split_gain=9.29784 1.97688 1.83396 1.81533 4.19754 0.313999 0.0270723 0.0147014 0.00121541 0.00013388 0.000103205 3.09692e-06 1.42909e-06 2.66827e-07
threshold=12.99998188018799 0.00040733325295150285 26.000002861022953 0.77866667509078991 0.37466666102409368 0.97999998927116405 0.0011602283339016142 3.0000323057174687 -4.0874838305171571e-06 0.0011668260558508339 18.99996376037598 30.000006675720218 0.00052327479352243255 -11.998832225799559
decision_type=2 2 2 2 2 2 2 2 2 2 2 2 2 2
left_child=3 2 -2 4 8 6 -3 9 -1 12 -8 -12 -5 -4
right_child=1 5 13 7 -6 -7 10 -9 -10 -11 11 -13 -14 -15
leaf_value=-0.057595757166328677 -0.012849022523145593 0.063451304691289262 0.054363547645571123 -0.054896793847024429 0.026424876298822404 0.024465350342737245 0.05496032259229619 -0.061446335461999915 -0.05967189290494368 -0.055659728280979232 0.054260160608799714 0.054373757213449364 -0.05497606301033673 0.054405993872278208
leaf_weight=1.4869230538606646 3.2184030860662443 1.0564065277576444 0.73820318281650521 0.89336123317480165 2.9860627874732018 0.91051650792360295 0.86618001013994206 1.2741123139858244 1.3404156193137184 0.90111219882965077 0.79552254080772433 2.4409563392400742 1.5639736279845236 0.74280117452144623
leaf_count=13 17 9 10 11 17 6 11 9 10 10 11 33 19 10
internal_value=8.50238e-05 0.0326857 0.00833953 -0.0335238 -0.0149171 0.0515359 0.0563135 -0.0568733 -0.05858 -0.0551384 0.0544756 0.0543458 -0.0549472 0.0543848
internal_weight=21.215 10.769 4.69941 10.446 5.8134 6.06958 5.15907 4.63256 2.82734 3.35845 4.10266 3.23648 2.45733 1.481
internal_count=196 107 37 89 40 70 64 49 23 40 55 44 30 20
is_linear=0
shrinkage=0.05


Tree=36
num_leaves=15
num_cat=0
split_feature=4 4 3 0 0 0 0 0 3 5 4 0 4 4
split_gain=8.76534 2.83209 1.80708 1.19653 0.474198 2.62513 0.584397 0.0217254 0.000103928 1.2671e-05 4.47778e-07 9.02312e-08 1.52163e-10 5.86642e-13
threshold=3.9999772310256962 24.000045776367191 1.0000000180025095e-35 0.54933331906795513 0.97999998927116405 0.71599999070167553 0.82666665315628063 0.842666655778885 0.0011668260558508339 30.000000000000004 -1.2611893907887859e-05 0.96399998664855968 30.000021934509281 42.00004959106446
decision_type=2 2 2 2 2 2 2 2 2 2 2 2 2 2
left_child=3 2 -2 -1 5 -4 -7 -5 10 -3 -9 12 -11 -14
right_child=1 9 4 7 -6 6 -8 8 -10 11 -12 -13 13 -15
leaf_value=-0.012789941515592857 -0.037984769808515284 0.054347186177492325 -0.032015256848825217 -0.061508616288278542 0.0018102605695198598 0.082600175093887382 0.036679977312646786 -0.054719389648318177 -0.055354225532337223 0.054142963733605554 -0.05467195925536477 0.054125949774852536 0.05414213798312343 0.054142084267669123
leaf_weight=2.0931967720389393 1.8016725406050662 0.87716168910264869 1.2355877757072447 2.1683689504861832 2.6357421725988388 1.1562717556953432 1.7287232205271719 1.1821286752820019 0.86177537590265263 0.70663836598396335 0.85934736579656612 1.1970802694559095 1.2717342376708987 0.84781358391046513
leaf_count=17 13 12 10 16 12 6 17 15 10 10 11 17 18 12
internal_value=8.05086e-05 0.0238643 0.00650799 -0.0445951 0.0183726 0.0289668 0.0550842 -0.057722 -0.0548938 0.054175 -0.0546994 0.0541375 0.0541423 0.0541421
internal_weight=20.6232 13.4584 8.558 7.16482 6.75632 4.12058 2.88499 5.07162 2.90325 4.90043 2.04148 4.02327 2.82619 2.11955
internal_count=196 127 58 69 45 33 23 52 36 69 26 57 40 30
is_linear=0
shrinkage=0.05


Tree=37
num_leaves=15
num_cat=0
split_feature=4 5 3 0 0 4 3 4 3 4 0 4 0 4
split_gain=8.22321 3.23222 2.90624 3.36681 1.34737 0.431266 0.148975 0.0226549 0.0104885 0.00896866 0.00118358 3.00718e-07 4.37367e-07 7.5501e-09
threshold=19.999970436096195 30.000000000000004 4.0003957748413095 0.70933333039283764 0.97999998927116405 10.000007152557375 0.0012995499419048431 26.000002861022953 0.00043318863026797777 1.3792829577141676e-05 0.842666655778885 36.000003814697273 0.2546666711568833 49.999975204467781
decision_type=2 2 2 2 2 2 2 2 2 2 2 2 2 2
left_child=1 2 3 -1 7 -4 8 -2 -5 10 -3 12 -9 -13
right_child=4 9 5 6 -6 -7 -8 11 -10 -11 -12 13 -14 -15
leaf_value=0.040285024683514609 0.062356853990021555 -0.057072584474560178 0.017751457086549516 -0.057329457525665241 0.010624158691983285 0.057900089195766072 -0.039610934439324917 0.053917459431983721 -0.06437637691004762 -0.06011563483141702 -0.054813017694974389 0.053923836007961294 0.053863695137643358 0.05391803052585447
leaf_weight=1.3491508811712281 0.98083394765853782 0.97629661858081829 1.4022059738636019 1.3978682532906539 2.4733834341168404 1.2789545357227323 1.4923244491219518 0.87587859481573083 0.84855996072292317 2.2672091498970985 1.4260878190398216 1.8217248618602755 0.66581271588802338 0.80862396210432042
leaf_count=9 9 9 8 14 14 15 12 13 9 17 18 27 10 12
internal_value=7.94175e-05 -0.024984 -0.00522396 -0.0274235 0.0409587 0.036903 -0.0518565 0.0555193 -0.0599913 -0.05786 -0.0557313 0.0539118 0.0538942 0.0539221
internal_weight=20.0649 12.4387 7.76906 5.0879 7.62626 2.68116 3.73875 5.15287 2.24643 4.66959 2.40238 4.17204 1.54169 2.63035
internal_count=196 111 67 44 85 23 35 71 23 44 27 62 23 39
is_linear=0
shrinkage=0.05


Tree=38
num_leaves=15
num_cat=0
split_feature=4 3 0 0 4 0 3 4 4 4 3 4 3 3
split_gain=7.73675 1.79075 1.66864 3.88835 1.55436 0.292074 0.0167593 0.0117554 0.000797339 0.000139225 9.6099e-05 1.76018e-06 1.12657e-06 4.63583e-07
threshold=12.99998188018799 0.00040733325295150285 0.77866667509078991 0.37466666102409368 26.000002861022953 0.97999998927116405 0.0011627212516032161 3.0000323057174687 -4.0874838305171571e-06 18.99996376037598 0.0011668260558508339 30.000006675720218 0.00086154707241803419 -11.998832225799559
decision_type=2 2 2 2 2 2 2 2 2 2 2 2 2 2
left_child=2 4 3 8 -2 6 -3 10 -1 -8 12 -11 -4 -6
right_child=1 5 7 -5 13 -7 9 -9 -10 11 -12 -13 -14 -15
leaf_value=-0.05694864344734011 -0.011383912503124179 0.061147051350042864 -0.054146965538766301 0.026315807280069436 0.053709288267002608 0.024154004426794048 0.054451495116503358 -0.06028429059476792 -0.058690538146534792 0.053625926135028715 -0.054823761139846196 0.053718022517942603 -0.054220190633145884 0.053769176735843444
leaf_weight=1.38900563120842 3.1472403407096845 1.0164045989513395 1.2018084898591048 2.8738974221050739 0.64289908111095406 0.88891395926475514 0.78010769188404117 1.1692504584789274 1.2465381324291245 0.693290185183287 0.79231480509042729 2.0615423247218132 0.93307650834321965 0.64966678619384766
leaf_count=13 17 10 17 17 10 6 11 9 10 11 10 32 13 10
internal_value=7.33386e-05 0.0311388 -0.0318788 -0.0139094 0.00757551 0.0503688 0.0554888 -0.0560463 -0.0577725 0.0538618 -0.0543535 0.0536948 -0.054179 0.0537394
internal_weight=19.486 9.88006 9.60589 5.50944 4.43981 5.44026 4.55134 4.09645 2.63554 3.53494 2.9272 2.75483 2.13488 1.29257
internal_count=196 107 89 40 37 70 64 49 23 54 40 43 30 20
is_linear=0
shrinkage=0.05


Tree=39
num_leaves=15
num_cat=0
split_feature=4 4 3 0 3 3 0 0 3 3 5 3 0 4
split_gain=7.34072 2.49502 1.48034 1.20016 0.509712 1.66955 2.54507 0.0183449 0.00917596 7.42701e-05 2.22038e-05 4.23024e-07 1.98281e-07 1.32095e-10
threshold=3.9999772310256962 24.000045776367191 1.0000000180025095e-35 0.54933331906795513 0.0003888201317749918 0.0012995499419048431 0.71599999070167553 0.842666655778885 9.998624801635744 0.0011668260558508339 30.000000000000004 0.00088406799477525066 0.96399998664855968 30.000021934509281
decision_type=2 2 2 2 2 2 2 2 2 2 2 2 2 2
left_child=3 2 -2 -1 -4 -6 -7 -5 -8 11 -3 -9 13 -12
right_child=1 10 4 7 5 6 8 9 -10 -11 12 -13 -14 -15
leaf_value=-0.010459466256852635 -0.035461341614502984 0.053810971384153951 0.042319180182183537 -0.060546392772626217 -0.032877548851841541 -0.030923293345628763 0.063895130601478542 -0.053956073666868568 0.057324682591528488 -0.054567030297190317 0.053524224639181973 -0.054006203325994977 0.053497537305524236 0.05352337852792214
leaf_weight=1.9939723834395433 1.6765973120927791 0.77932890877127547 1.5448958426713941 2.0150391757488251 1.5830941349267957 1.1437244936823847 1.2701173573732378 1.0867981761693957 0.91359367221593846 0.75712935626506794 0.61508196219801936 0.6867769956588744 1.0386938005685808 1.8448607139289377
leaf_count=17 13 12 7 16 8 10 7 16 13 10 10 10 17 30
internal_value=6.86017e-05 0.0226594 0.00639867 -0.0428005 0.0172705 0.00938998 0.0294996 -0.0569868 0.0611463 -0.0541525 0.0535696 -0.0539755 0.0535159 0.0535236
internal_weight=18.9497 12.41 8.13202 6.53972 6.45543 4.91053 3.32744 4.54574 2.18371 2.5307 4.27797 1.77358 3.49864 2.45994
internal_count=196 127 58 69 45 38 30 52 20 36 69 26 57 40
is_linear=0
shrinkage=0.05


Tree=40
num_leaves=15
num_cat=0
split_feature=4 4 3 0 4 0 3 0 3 5 3 0 4 4
split_gain=6.84043 2.41222 1.43536 1.18214 0.642831 0.355746 0.0585761 0.0155672 6.32262e-05 1.89545e-05 3.59583e-07 1.68819e-07 1.12319e-10 2.39675e-12
threshold=3.9999772310256962 24.000045776367191 0.00040733325295150285 0.54933331906795513 12.99998188018799 0.97999998927116405 11.998989582061769 0.842666655778885 0.0011668260558508339 30.000000000000004 0.00088406799477525066 0.96399998664855968 30.000021934509281 42.00004959106446
decision_type=2 2 2 2 2 2 2 2 2 2 2 2 2 2
left_child=3 2 5 -1 -4 -2 -6 -5 10 -3 -9 12 -11 -14
right_child=1 9 4 7 6 -7 -8 8 -10 11 -12 -13 13 -15
leaf_value=-0.010008508001679607 -0.034439548633653082 0.053611720997227622 0.0065647223289742179 -0.059951443836121401 0.037413341196703212 -0.0028806253218779999 0.053973193996146342 -0.053748284696672893 -0.054325047600378366 0.053340552108426531 -0.053795583110932292 0.053315346256428767 0.053339801123081655 0.05333968203213732
leaf_weight=1.9799905270338083 1.6409428715705854 0.74400608986616035 2.2534821890294552 1.9353031069040296 1.2124018520116808 1.9590359479188919 0.9543587565422057 1.0376899465918543 0.72333057969808567 0.58704780414700586 0.65577551722526539 0.99132712185382832 1.056477829813957 0.70429654046893109
leaf_count=17 13 12 15 16 6 9 15 16 10 10 10 17 18 12
internal_value=7.00825e-05 0.0220996 0.00617273 -0.0420379 0.0252618 -0.0172658 0.0447072 -0.0566097 -0.0539337 0.0533835 -0.0537666 0.0533326 0.05334 0.0533398
internal_weight=18.4355 12.1034 8.02022 6.33209 4.42024 3.59998 2.16676 4.3521 2.4168 4.08316 1.69347 3.33915 2.34782 1.76077
internal_count=196 127 58 69 36 22 21 52 36 69 26 57 40 30
is_linear=0
shrinkage=0.05


Tree=41
num_leaves=15
num_cat=0
split_feature=4 4 3 3 3 0 0 0 0 3 5 3 0 4
split_gain=6.40905 2.60038 1.11139 0.62201 1.22146 2.01359 0.886891 0.353565 0.00932485 6.04903e-05 1.61881e-05 1.01451e-06 1.43834e-07 9.60956e-11
threshold=2.0000710487365727 24.000045776367191 1.0000000180025095e-35 0.0003888201317749918 0.0012995499419048431 0.37466666102409368 0.82666665315628063 0.54933331906795513 0.77866667509078991 0.0011668260558508339 30.000000000000004 0.00052327479352243255 0.96399998664855968 30.000021934509281
decision_type=2 2 2 2 2 2 2 2 2 2 2 2 2 2
left_child=7 2 -2 -4 -5 -6 -7 -1 -9 11 -3 -10 13 -12
right_child=1 10 3 4 5 6 -8 8 9 -11 12 -13 -14 -15
leaf_value=-0.027158013329658521 -0.033434241073500896 0.053423553125519989 0.040919158412458162 -0.032355138975354344 -0.033684287593185973 0.068850177487647712 0.013339647375878536 -0.059284863035108208 -0.053499717544806175 -0.054096849636869754 0.053167035267613218 -0.053576637355933432 0.053143216732566459 0.053166279073804661
leaf_weight=1.6110021099448228 1.6066534072160701 0.7101502045989031 1.5238086432218549 1.5846346020698545 1.2516087517142294 1.5022885054349902 1.3810031265020368 1.0565406531095507 0.67207643762230906 0.69088235124945629 0.56019355356693346 1.1835971809923647 0.94595659524202336 1.6802272126078603
leaf_count=15 13 12 7 8 11 8 17 8 11 10 10 19 17 30
internal_value=6.97702e-05 0.0191727 0.00418758 0.0125325 0.00496969 0.0192738 0.0422624 -0.0466297 -0.0553359 -0.0536975 0.0532077 -0.0535488 0.0531596 0.0531665
internal_weight=17.9606 12.7465 8.85 7.24334 5.71953 4.1349 2.88329 5.2141 3.6031 2.54656 3.89653 1.85567 3.18638 2.24042
internal_count=196 133 64 51 44 36 25 63 48 40 69 30 57 40
is_linear=0
shrinkage=0.05


Tree=42
num_leaves=15
num_cat=0
split_feature=4 3 0 0 4 3 0 3 3 4 4 4 3 3
split_gain=6.05332 1.65568 1.52559 3.65188 0.489942 0.914186 0.317252 0.222633 0.017453 0.00950818 0.000520864 0.000250265 5.15529e-05 8.63565e-07
threshold=12.99998188018799 0.00040733325295150285 0.77866667509078991 0.37466666102409368 19.999984741210941 0.00038078818761277949 0.97999998927116405 -1.0000000180025095e-35 0.0011627212516032161 3.0000323057174687 -4.0874838305171571e-06 18.99996376037598 0.0011668260558508339 0.00052327479352243255
decision_type=2 2 2 2 2 2 2 2 2 2 2 2 2 2
left_child=2 4 3 10 -2 7 8 -6 -3 12 -1 -10 13 -4
right_child=1 6 9 -5 5 -7 -8 -9 11 -11 -12 -13 -14 -15
leaf_value=-0.056259155124628084 -0.022601536550548557 0.06109430603871685 -0.053317418389980359 0.02753424323061426 0.052983364281391714 -0.020845603282280883 0.021330965560454301 0.019132274649945546 0.054074033167581963 -0.059168002742539909 -0.057726821656616613 0.052993049056013299 -0.053881554453632713 -0.053390060100434671
leaf_weight=1.2819523960351946 1.1077409982681254 0.92817691341042552 0.64142946898937303 2.7055691853165627 1.0094986408948896 1.0697882026433942 0.84532343596220005 0.93614175170660052 0.69869728758931193 1.0659784972667692 1.1439677402377144 2.2913303188979626 0.6597471423447131 1.1297074966132639
leaf_count=13 8 10 11 17 19 5 6 5 11 9 10 43 10 19
internal_value=6.88585e-05 0.0290326 -0.0297621 -0.0124064 0.00583535 0.0162819 0.0491115 0.036696 0.0551049 -0.0552308 -0.0569512 0.0532456 -0.0535043 -0.0533638
internal_weight=17.515 8.8867 8.62835 5.13149 4.12317 3.01543 4.76353 1.94564 3.9182 3.49686 2.42592 2.99003 2.43088 1.77114
internal_count=196 107 89 40 37 29 70 24 64 49 23 54 40 30
is_linear=0
shrinkage=0.05


Tree=43
num_leaves=15
num_cat=0
split_feature=4 4 3 0 4 0 4 0 3 5 3 0 4 4
split_gain=5.72071 2.13122 1.24612 1.21032 0.569721 0.2632 0.252995 0.0142667 3.9127e-05 1.80362e-05 2.22457e-07 2.17504e-07 6.76486e-11 1.1644e-12
threshold=3.9999772310256962 24.000045776367191 0.00040733325295150285 0.54933331906795513 12.99998188018799 0.97999998927116405 19.999970436096195 0.842666655778885 0.0011668260558508339 30.000000000000004 0.00088406799477525066 0.96399998664855968 30.000021934509281 42.00004959106446
decision_type=2 2 2 2 2 2 2 2 2 2 2 2 2 2
left_child=3 2 5 -1 -4 -2 -6 -5 10 -3 -9 12 -11 -14
right_child=1 9 4 7 6 -7 -8 8 -10 11 -12 -13 13 -15
leaf_value=-0.0073023758116421466 -0.031506795897186711 0.053129402667577721 0.0063966105588538413 -0.059403520792700608 0.028038591792970576 -0.00383279797107695 0.063489497659160968 -0.053192022413616286 -0.053678345505860307 0.052848054741085199 -0.053231917214071361 0.052817553889036084 0.052847425317918577 0.052847336265251614
leaf_weight=1.8760321363806749 1.5385489836335164 0.65381538867950473 2.1532123163342476 1.8106683641672137 1.1771080829203131 1.9457350820302963 0.87913270667195309 0.90226632729172729 0.62988660857081402 0.5098709315061577 0.57027725130319595 0.85838421061635006 0.91758668050169923 0.61170749738812447
leaf_count=17 13 12 15 16 14 9 7 16 10 10 10 17 18 12
internal_value=6.3364e-05 0.0208536 0.00606481 -0.0403206 0.0243721 -0.0160528 0.0431954 -0.0561503 -0.0533485 0.0528922 -0.0532075 0.0528387 0.0528476 0.0528474
internal_weight=17.0342 11.2451 7.69374 5.78913 4.20945 3.48428 2.05624 3.9131 2.10243 3.55136 1.47254 2.89755 2.03917 1.52929
internal_count=196 127 58 69 36 22 21 52 36 69 26 57 40 30
is_linear=0
shrinkage=0.05


Tree=44
num_leaves=15
num_cat=0
split_feature=4 4 5 0 3 3 0 0 3 5 3 0 4 4
split_gain=5.3913 2.28682 0.909156 1.33548 0.967713 2.10335 0.370533 0.0077743 3.78646e-05 1.54236e-05 7.54672e-07 1.85553e-07 5.7351e-11 9.79883e-13
threshold=2.0000710487365727 24.000045776367191 30.000000000000004 0.82666665315628063 0.0003888201317749918 0.0012995499419048431 0.54933331906795513 0.77866667509078991 0.0011668260558508339 30.000000000000004 0.00052327479352243255 0.96399998664855968 30.000021934509281 42.00004959106446
decision_type=2 2 2 2 2 2 2 2 2 2 2 2 2 2
left_child=6 2 3 -2 -5 -6 -1 -8 10 -3 -9 12 -11 -14
right_child=1 9 -4 4 5 -7 7 8 -10 11 -12 -13 13 -15
leaf_value=-0.024780996147977231 0.041549584831455932 0.05296782923899214 -0.025638581146315554 0.021720990528874367 -0.087584398528183449 0.012996177729995832 -0.05847597558976201 -0.052976053533287319 -0.053486465584411648 0.052701446072077801 -0.053047267529731851 0.052672601479110848 0.052700852542921478 0.052700768892250616
leaf_weight=1.5140759348869348 2.533113416284321 0.62377763539552633 1.9669597223401067 1.8494454175233839 0.87090331315994296 1.2892609387636182 0.99136013537645373 0.58279697597026858 0.60126180574297894 0.48631936311721835 1.028640531003475 0.81871056556701649 0.87520163878798463 0.58345155417919159
leaf_count=15 17 12 15 11 4 17 8 11 10 10 19 17 18 12
internal_value=6.28273e-05 0.0179989 0.00416813 0.013129 -0.00482598 -0.0275544 -0.0451643 -0.0547964 -0.0531479 0.0527433 -0.0530215 0.0526926 0.052701 0.0527008
internal_weight=16.6153 11.8971 8.50968 6.54272 4.00961 2.16016 4.71814 3.20406 2.2127 3.38746 1.61144 2.76368 1.94497 1.45865
internal_count=196 133 64 49 32 21 63 48 40 69 30 57 40 30
is_linear=0
shrinkage=0.05


Tree=45
num_leaves=15
num_cat=0
split_feature=4 3 0 0 4 3 0 4 3 4 4 4 3 3
split_gain=5.07008 1.51054 1.4398 3.5272 0.379986 0.750266 0.311362 0.252668 0.0122399 0.00828652 0.000626092 0.000220187 3.23184e-05 6.43411e-07
threshold=12.99998188018799 0.00040733325295150285 0.77866667509078991 0.37466666102409368 19.999984741210941 0.00038078818761277949 0.97999998927116405 26.000002861022953 0.0011645684135146441 3.0000323057174687 -4.0874838305171571e-06 18.99996376037598 0.0011668260558508339 0.00052327479352243255
decision_type=2 2 2 2 2 2 2 2 2 2 2 2 2 2
left_child=2 4 3 10 -2 7 8 -6 -3 12 -1 -10 13 -4
right_child=1 6 9 -5 5 -7 -8 -9 11 -11 -12 -13 -14 -15
leaf_value=-0.055730256933327685 -0.02034201836873905 0.059507737229149142 -0.052822509783852549 0.028352392580897934 0.0150242666368436 -0.018113943984578759 0.020362169799920306 0.052583374140361988 0.05363708040815085 -0.058494998150298461 -0.057381736909755045 0.052563719670734567 -0.053305212280389584 -0.052889833523488541
leaf_weight=1.1959478333592417 1.0596718415617927 0.94153983891010318 0.55594436079263754 2.6176129579544067 0.86193396151065849 1.0864499509334562 0.81827527284622181 0.93189248442649841 0.63810297474265132 1.008246377110481 1.1033549979329125 1.9018191955983637 0.57383351773023594 0.9813121072947979
leaf_count=13 8 12 11 17 4 5 6 20 11 9 10 41 10 19
internal_value=6.25981e-05 0.0276224 -0.0281948 -0.0113379 0.00525799 0.0146764 0.0481154 0.0345362 0.0546384 -0.054766 -0.0565227 0.0528334 -0.052985 -0.0528655
internal_weight=16.2759 8.23969 8.03625 4.91692 3.93995 2.88028 4.29974 1.79383 3.48146 3.11934 2.2993 2.53992 2.11109 1.53726
internal_count=196 107 89 40 37 29 70 24 64 49 23 52 40 30
is_linear=0
shrinkage=0.05


Tree=46
num_leaves=15
num_cat=0
split_feature=4 4 0 4 0 3 0 0 3 5 3 0 4 4
split_gain=4.80392 2.10419 0.821543 1.73873 1.6149 1.02475 0.395005 0.00761888 2.75969e-05 1.52718e-05 5.48766e-07 2.42501e-07 4.56168e-11 1.18527e-12
threshold=2.0000710487365727 24.000045776367191 0.82666665315628063 15.999974727630617 0.37466666102409368 0.00040733325295150285 0.54933331906795513 0.77866667509078991 0.0011668260558508339 30.000000000000004 0.00052327479352243255 0.96399998664855968 30.000021934509281 42.00004959106446
decision_type=2 2 2 2 2 2 2 2 2 2 2 2 2 2
left_child=6 2 4 -4 -2 -5 -1 -8 10 -3 -9 12 -11 -14
right_child=1 9 3 5 -6 -7 7 8 -10 11 -12 -13 13 -15
leaf_value=-0.022645221094041705 -0.011571037263113221 0.052707205767991289 -0.054159944086931193 -0.011761215780731476 0.062776538644328986 0.039799044742348508 -0.05822447034221151 -0.052677299684939262 -0.053133934681556853 0.052431534341791666 -0.05274096271419132 0.05239703833907268 0.052430986552292481 0.052430890067273452
leaf_weight=1.4328273832798011 1.4647773355245575 0.57249479368328993 1.4540720321238039 2.3082188516855244 1.4567853882908819 1.6543580442667005 0.97027070075273547 0.53025157749652885 0.54756240174174298 0.44224753230810199 0.93602120876312256 0.74199423566460598 0.79588286951184251 0.53056923300027847
leaf_count=15 13 12 14 12 8 17 8 11 10 10 19 17 18 12
internal_value=5.6789e-05 0.0171811 0.00413097 -0.00739536 0.0255011 0.00976496 -0.0442237 -0.0545847 -0.052831 0.0524742 -0.0527179 0.052421 0.0524311 0.0524309
internal_weight=15.8383 11.4214 8.33821 5.41665 2.92156 3.96258 4.41693 2.98411 2.01384 3.08319 1.46627 2.51069 1.7687 1.32645
internal_count=196 133 64 43 21 29 63 48 40 69 30 57 40 30
is_linear=0
shrinkage=0.05


Tree=47
num_leaves=15
num_cat=0
split_feature=4 4 5 0 3 3 0 0 3 5 3 0 4 4
split_gain=4.48705 2.02766 0.790867 1.10562 0.969957 1.85134 0.397072 0.0064535 2.35746e-05 1.30741e-05 4.68303e-07 2.07195e-07 3.91103e-11 1.08114e-12
threshold=2.0000710487365727 24.000045776367191 30.000000000000004 0.82666665315628063 0.0003888201317749918 0.0012995499419048431 0.54933331906795513 0.77866667509078991 0.0011668260558508339 30.000000000000004 0.00052327479352243255 0.96399998664855968 30.000021934509281 42.00004959106446
decision_type=2 2 2 2 2 2 2 2 2 2 2 2 2 2
left_child=6 2 3 -2 -5 -6 -1 -8 10 -3 -9 12 -11 -14
right_child=1 9 -4 4 5 -7 7 8 -10 11 -12 -13 13 -15
leaf_value=-0.02189236598164326 0.038502085935455704 0.052568533540751264 -0.024777835412939351 0.022470941386682555 -0.082174687811949615 0.013026318457139238 -0.057759299484279242 -0.052539927960702393 -0.052972026793919984 0.052307331487241218 -0.052600150192718076 0.052274674847544257 0.052306813171962153 0.052306718815042411
leaf_weight=1.408622860908509 2.4713217206299287 0.54597415775060598 1.8533934280276296 1.818810433149338 0.88867564499378238 1.2005887702107427 0.93019448220729861 0.50567637383937813 0.52240921929478634 0.42165252938866649 0.89269426465034485 0.70741714537143696 0.7588190361857412 0.50586088746786118
leaf_count=15 17 12 15 11 4 17 8 11 10 10 19 17 18 12
internal_value=5.41901e-05 0.0167016 0.00397325 0.0123262 -0.00422638 -0.0274677 -0.0436104 -0.0543409 -0.0526854 0.0523477 -0.0525784 0.0522974 0.0523069 0.0523068
internal_weight=15.4321 11.1725 8.23279 6.3794 3.90807 2.08926 4.2596 2.85097 1.92078 2.93972 1.39837 2.39375 1.68633 1.26468
internal_count=196 133 64 49 32 21 63 48 40 69 30 57 40 30
is_linear=0
shrinkage=0.05


Tree=48
num_leaves=15
num_cat=0
split_feature=4 3 0 0 3 0 3 3 4 4 4 3 4 3
split_gain=4.33866 1.3702 1.29796 3.23637 0.312354 0.310781 0.0155399 0.0124084 0.00644838 0.000683508 0.000237487 2.01472e-05 4.49484e-07 3.99839e-07
threshold=12.99998188018799 0.00040733325295150285 0.77866667509078991 0.37466666102409368 -11.998832225799559 0.97999998927116405 0.001016420195810497 0.00035516027128323918 3.0000323057174687 -4.0874838305171571e-06 18.99996376037598 0.0011668260558508339 30.000006675720218 0.00052327479352243255
decision_type=2 2 2 2 2 2 2 2 2 2 2 2 2 2
left_child=2 4 3 9 -2 6 -3 -6 11 -1 -8 13 -12 -4
right_child=1 5 8 -5 7 -7 10 -9 -10 -11 12 -13 -14 -15
leaf_value=-0.055183875664027104 0.02954592914572432 0.06109287031782034 -0.052409932578868293 0.027369726455310078 -0.0066582360875097543 0.019282116674672778 0.053348783023694106 -1.3545466372872672e-05 -0.057647446444731611 -0.056964631460343473 0.052240875205355086 -0.052818931736669662 0.052183472849846514 -0.052466918126786444
leaf_weight=1.1033841520547869 0.96177384629845653 0.66566245257854539 0.48217719420790695 2.5223137177526951 1.4597185738384726 0.79456994682550419 0.59057041257619891 1.354603126645088 0.93689103424549092 1.0532174929976461 0.45053603127598751 0.49833499267697323 1.403119161725044 0.85125889629125595
leaf_count=13 14 7 11 17 16 6 11 7 9 10 11 10 35 19
internal_value=5.38491e-05 0.0264212 -0.0271383 -0.0110817 0.00494664 0.0471898 0.0543201 -0.00345998 -0.0542734 -0.0560535 0.0524756 -0.0525477 0.0521974 -0.0524463
internal_weight=15.1281 7.68055 7.44758 4.67892 3.7761 3.90446 3.10989 2.81432 2.76866 2.1566 2.44423 1.83177 1.85366 1.33344
internal_count=196 107 89 40 37 70 64 23 49 23 57 40 46 30
is_linear=0
shrinkage=0.05


Tree=49
num_leaves=15
num_cat=0
split_feature=4 3 0 0 0 4 3 4 3 4 4 4 3 3
split_gain=4.0202 1.32322 1.25951 3.02896 0.317082 0.30895 0.603963 0.239587 0.013258 0.00549491 0.000578518 0.000203531 1.72237e-05 1.19062e-06
threshold=12.99998188018799 0.00040733325295150285 0.77866667509078991 0.37466666102409368 0.97999998927116405 19.999984741210941 0.00038078818761277949 26.000002861022953 0.001016420195810497 3.0000323057174687 -4.0874838305171571e-06 18.99996376037598 0.0011668260558508339 -11.998832225799559
decision_type=2 2 2 2 2 2 2 2 2 2 2 2 2 2
left_child=2 5 3 10 8 -2 7 -7 -3 12 -1 -10 -4 -9
right_child=1 4 9 -5 -6 6 -8 13 11 -11 -12 -13 -14 -15
leaf_value=-0.054905711873847789 -0.018842059278224514 0.060476890120542998 -0.052321322280102202 0.025868185976824207 0.018444541470688077 0.014104941176618159 -0.015280693204445837 0.052120235984254561 0.053176950454098551 -0.057230920625999451 -0.0565806298458481 0.052085673307249586 -0.052674113962395963 0.052242333166707317
leaf_weight=1.0547541975975039 1.0176018178462984 0.63948334753513414 1.2713571749627592 2.5349527448415756 0.78925783559679974 0.8552273213863375 1.1020546108484266 0.39022746309638046 0.56353733316063914 0.89752002060413349 1.008478485047817 1.7669389471411703 0.47530122101306904 0.40886861085891701
leaf_count=13 8 7 30 17 6 4 5 10 11 9 10 46 10 10
internal_value=4.46762e-05 0.0256171 -0.0265547 -0.0107429 0.0466137 0.00470274 0.013395 0.0324978 0.0540995 -0.0540512 -0.0557244 0.0523496 -0.0524173 0.0521827
internal_weight=14.7756 7.5332 7.24236 4.59819 3.75922 3.77398 2.75638 1.65432 2.96996 2.64418 2.06323 2.33048 1.74666 0.799096
internal_count=196 107 89 40 70 37 29 24 64 49 23 57 40 20
is_linear=0
shrinkage=0.05


Tree=50
num_leaves=15
num_cat=0
split_feature=4 4 0 3 4 3 0 3 5 3 3 3 4 0
split_gain=3.82618 1.6218 1.30054 0.888042 0.42478 0.21472 0.0158542 0.00151676 1.72307e-05 1.15622e-06 4.10288e-07 2.88636e-07 7.98413e-08 1.58657e-09
threshold=3.9999772310256962 24.000045776367191 0.54933331906795513 0.00040733325295150285 12.99998188018799 1.0000000180025095e-35 0.77866667509078991 3.0004068613052373 30.000000000000004 -1.0000000180025095e-35 0.00052327479352243255 0.0011668260558508339 -3.4944745493703515e-05 0.37466666102409368
decision_type=2 2 2 2 2 2 2 2 2 2 2 2 2 2
left_child=2 3 -1 5 -5 -2 -4 10 -3 -10 -8 -11 -12 -13
right_child=1 8 6 4 -6 -7 7 -9 9 11 12 13 -14 -15
leaf_value=-0.000732173675959177 -0.028040149207548493 0.052309226170779523 -0.060440368751912665 0.006177128995333854 0.039981584448563541 -0.002315707176391563 -0.052170322307370565 -0.05539112101005618 0.052044543540671909 0.051921828117254404 -0.05224263033152985 0.05197265752063928 -0.052214648748247154 0.051968680004191893
leaf_weight=1.6424526423215873 1.3848670274019226 0.4931004345417026 1.1402596309781077 1.9205001071095469 1.8005691431462763 1.958208695054054 0.43823067843914021 0.50452579557895649 0.52823026850819577 0.39194256812334094 0.49299370869994119 0.8033311031758783 0.52792657539248489 0.3644566647708416
leaf_count=17 13 12 9 15 21 9 11 7 14 11 12 22 13 10
internal_value=3.91538e-05 0.0181244 -0.0367121 0.00573123 0.0225346 -0.012972 -0.0557509 -0.0530279 0.0520434 0.0519806 -0.0522108 0.051959 -0.0522282 0.0519714
internal_weight=14.3916 9.64521 4.74639 7.06414 3.72107 3.34308 3.10394 1.96368 2.58106 2.08796 1.45915 1.55973 1.02092 1.16779
internal_count=196 127 69 58 36 22 52 43 69 57 36 43 25 32
is_linear=0
shrinkage=0.05


Tree=51
num_leaves=15
num_cat=0
split_feature=4 4 5 0 3 3 0 0 5 3 3 3 3 0
split_gain=3.59133 1.73556 0.736115 0.999887 1.01128 1.63135 0.431335 0.0059071 1.47626e-05 1.23067e-05 9.89133e-07 2.50444e-07 2.46927e-07 1.35863e-09
threshold=2.0000710487365727 24.000045776367191 30.000000000000004 0.82666665315628063 0.0003888201317749918 0.0012995499419048431 0.54933331906795513 0.77866667509078991 30.000000000000004 0.0011668260558508339 0.00043318863026797777 0.00052327479352243255 0.0011668260558508339 0.37466666102409368
decision_type=2 2 2 2 2 2 2 2 2 2 2 2 2 2
left_child=6 2 3 -2 -5 -6 -1 -8 -3 11 -10 -9 -12 -14
right_child=1 8 -4 4 5 -7 7 9 10 -11 12 -13 13 -15
leaf_value=-0.018310113685698313 0.037346101881352199 0.052191827586919738 -0.025049954113819189 0.023243120611127717 -0.078377404475486023 0.012827185960728311 -0.057271286329334571 -0.052060005971787816 0.051940859292174263 -0.052403811156365734 0.051824592977629806 -0.052108459157783338 0.051872752987300388 0.051868982620063654
leaf_weight=1.2867853865027439 2.3718655332922918 0.47008006647229206 1.724257208406925 1.7774115800857546 0.90072147548198689 1.0759846083819864 0.88660738617181811 0.41771893575787522 0.5034458562731744 0.43176561966538418 0.37350915744900692 0.73760922253131866 0.76558676362037636 0.34733143821358681
leaf_count=15 17 12 15 11 4 17 8 11 14 10 11 19 22 10
internal_value=3.75608e-05 0.0152931 0.00380951 0.0119325 -0.00412394 -0.0287318 -0.0417889 -0.0540023 0.0519398 -0.0521761 0.0518803 -0.0520909 0.0518598 0.0518716
internal_weight=14.0707 10.3102 7.85024 6.12598 3.75412 1.97671 3.76049 2.4737 2.45995 1.58709 1.98987 1.15533 1.48643 1.11292
internal_count=196 133 64 49 32 21 63 48 69 40 57 30 43 32
is_linear=0
shrinkage=0.05


Tree=52
num_leaves=15
num_cat=0
split_feature=4 5 4 0 0 3 4 4 4 0 3 3 3 4
split_gain=3.39159 2.38719 1.45923 1.34699 1.05403 0.0225677 0.0128202 0.00324335 0.00265455 0.000671135 1.0124e-06 2.26728e-07 1.73811e-07 2.21029e-08
threshold=19.999970436096195 30.000000000000004 10.000007152557375 0.77866667509078991 0.97999998927116405 1.9986275434494021 24.000045776367191 1.3792829577141676e-05 3.0000323057174687 0.842666655778885 0.00043318863026797777 0.00064602337079122673 0.0011668260558508339 30.000021934509281
decision_type=2 2 2 2 2 2 2 2 2 2 2 2 2 2
left_child=1 2 3 5 6 -1 -2 9 11 -3 -8 -5 -12 -14
right_child=4 7 -4 8 -6 -7 10 -9 -10 -11 12 -13 13 -15
leaf_value=0.0012070859682451289 0.060148207752184407 -0.054375708548140569 0.042054503267198347 -0.051958967290188188 0.0078071547316836539 0.010264193815867979 0.051837631341637824 -0.056537700488965975 -0.05626365192057077 -0.052163675124255043 0.051732444160282887 -0.052014517910439963 0.051763903589744066 0.05177802046644589
leaf_weight=1.5000910162925705 0.58151982352137688 0.66534106433391593 1.519513741135597 0.36259070783853509 2.3261477686464787 1.2701171189546583 0.64948941394686732 1.62256284058094 0.71682648360729218 0.7075527086853981 0.35590979456901539 0.37226497754454613 0.46072796732187249 0.69636146351695061
leaf_count=12 6 9 18 10 14 9 19 17 8 18 11 10 14 21
internal_value=3.73719e-05 -0.0188406 3.75457e-05 -0.0150849 0.0325677 0.00535969 0.0535577 -0.0550243 -0.0540988 -0.0532357 0.0517854 -0.0519871 0.051763 0.0517724
internal_weight=13.807 8.73686 5.7414 4.22189 5.07016 2.77021 2.74401 2.99546 1.45168 1.37289 2.16249 0.734856 1.513 1.15709
internal_count=196 111 67 49 85 21 71 44 28 27 65 20 46 35
is_linear=0
shrinkage=0.05


Tree=53
num_leaves=15
num_cat=0
split_feature=4 4 5 0 3 3 0 0 0 3 3 3 3 4
split_gain=3.15926 1.61078 0.625112 0.878032 0.951803 1.45663 0.440683 0.00487619 2.52804e-05 9.08047e-06 7.38051e-07 1.84675e-07 1.4878e-07 1.89107e-08
threshold=2.0000710487365727 24.000045776367191 30.000000000000004 0.82666665315628063 0.0003888201317749918 0.0012995499419048431 0.54933331906795513 0.77866667509078991 0.97333332896232616 0.0011668260558508339 -1.0000000180025095e-35 0.00052327479352243255 0.0011668260558508339 30.000021934509281
decision_type=2 2 2 2 2 2 2 2 2 2 2 2 2 2
left_child=6 2 3 -2 -5 -6 -1 -8 10 11 -3 -9 -12 -14
right_child=1 8 -4 4 5 -7 7 9 -10 -11 12 -13 13 -15
leaf_value=-0.016686526030500227 0.034877861995540882 0.051745169535021743 -0.023816885953853749 0.022550554519646059 -0.074268132869549933 0.012409619036176838 -0.056756908127568666 -0.051855748035703433 0.052177983774986482 -0.052165546548664093 0.051645102893920325 -0.051899412803166026 0.051674923191392969 0.051688300229034562
leaf_weight=1.2401087060570728 2.3533319942653161 0.48866129666566793 1.6378117874264715 1.7513511031866076 0.91307967901229847 1.0331258885562418 0.83781649917364154 0.37925753742456414 0.31076173856854428 0.39248672127723683 0.33910996839404184 0.66982882469892502 0.43899360485374905 0.66352027282118797
leaf_count=15 17 15 15 11 4 17 8 11 8 10 11 19 14 21
internal_value=3.11693e-05 0.0144585 0.00358624 0.0110035 -0.00419144 -0.028256 -0.0406733 -0.0537234 0.0517594 -0.0519604 0.0516921 -0.0518836 0.0516741 0.051683
internal_weight=13.4492 9.92975 7.6887 6.05089 3.69756 1.94621 3.5195 2.27939 2.24105 1.44157 1.93029 1.04909 1.44162 1.10251
internal_count=196 133 64 49 32 21 63 48 69 40 61 30 46 35
is_linear=0
shrinkage=0.05


Tree=54
num_leaves=15
num_cat=0
split_feature=4 0 4 0 0 3 3 3 4 4 4 4 3 3
split_gain=3.03906 1.18653 1.52233 1.12862 2.90974 0.798789 0.38762 0.144628 0.0182611 0.00423235 0.000901088 0.000128647 7.77519e-06 5.31202e-06
threshold=12.99998188018799 0.90266665816307079 19.999984741210941 0.77866667509078991 0.37466666102409368 0.00040733325295150285 0.00038078818761277949 -47.001037597656243 24.000045776367191 3.0000323057174687 2.0000710487365727 18.99996376037598 0.0011668260558508339 0.0011627212516032161
decision_type=2 2 2 2 2 2 2 2 2 2 2 2 2 2
left_child=3 7 -3 4 10 6 -4 -2 -7 12 -1 -9 -5 -10
right_child=1 2 5 9 -6 8 -8 11 13 -11 -12 -13 -14 -15
leaf_value=-0.054329218739853392 0.091013547711749049 -0.040606753675651426 0.027065885666783446 -0.051788393571501001 0.027468583831003382 0.063644673966308754 -0.012692568596974822 0.052624513446543522 0.051887743593683783 -0.056400757825882657 -0.05650323587964709 0.051640251064408886 -0.052055603299705058 0.051598133166567556
leaf_weight=1.0209010094404218 0.27949950844049465 1.1146961301565168 1.3717811983078725 0.99971057474613212 2.3778636865317822 0.65596085786819436 1.1083520650863645 0.48075274378061261 0.33514001406729221 0.81983081996440876 0.89402464032173146 1.0728196576237676 0.3741135261952877 0.30012195557355881
leaf_count=14 2 9 21 30 17 4 5 11 10 9 9 35 10 10
internal_value=3.08863e-05 0.0235981 0.0107285 -0.0243817 -0.00947251 0.0259017 0.00929814 0.0579019 0.0577931 -0.0535577 -0.0553442 0.0519448 -0.0518612 0.0517509
internal_weight=13.2056 6.71912 4.88605 6.48644 4.29279 3.77136 2.48013 1.83307 1.29122 2.19365 1.91493 1.55357 1.37382 0.635262
internal_count=196 107 59 89 40 50 26 48 24 49 23 46 40 20
is_linear=0
shrinkage=0.05


Tree=55
num_leaves=15
num_cat=0
split_feature=4 4 0 3 4 3 0 3 0 3 3 3 4 3
split_gain=2.83699 1.33679 1.3036 0.751146 0.390339 0.173305 0.0141176 0.00111668 1.99357e-05 1.14942e-06 1.89732e-07 1.10789e-07 1.39354e-08 2.92066e-12
threshold=3.9999772310256962 24.000045776367191 0.54933331906795513 0.00040733325295150285 12.99998188018799 1.0000000180025095e-35 0.77866667509078991 3.0004068613052373 0.97333332896232616 0.00043318863026797777 0.00086154707241803419 0.0011668260558508339 30.000021934509281 37.99836730957032
decision_type=2 2 2 2 2 2 2 2 2 2 2 2 2 2
left_child=2 3 -1 5 -5 -2 -4 10 9 -3 -8 -11 -13 -14
right_child=1 8 6 4 -6 -7 7 -9 -10 11 -12 12 13 -15
leaf_value=0.0024983471940707835 -0.026475329111700831 0.051602279524641803 -0.060032988929720393 0.0054409975120629029 0.039040496657921218 -0.00267592787596688 -0.051682214082342685 -0.054692360725143954 0.051983511039265677 0.051483469943185159 -0.051722981189621466 0.051510521510979082 0.051522690437553753 0.051522469966009635
leaf_weight=1.5402153879404075 1.2641828581690773 0.45086981356143985 1.0356530100107195 1.8060732893645766 1.6578761823475359 1.9368980079889295 0.5349613372236488 0.42974795401096333 0.28603628277778614 0.30771332979202259 0.61180691048502922 0.398435518145561 0.28680352680385113 0.31544104963541031
leaf_count=17 13 15 9 15 21 9 17 7 8 11 19 14 10 11
internal_value=2.38511e-05 0.0162369 -0.0339857 0.0053861 0.021522 -0.0120749 -0.0554978 -0.0525186 0.0515964 0.0515334 -0.051704 0.0515097 0.0515178 0.0515226
internal_weight=12.8627 8.71033 4.15238 6.66503 3.46395 3.20108 2.61217 1.57652 2.0453 1.75926 1.14677 1.30839 1.00068 0.602245
internal_count=196 127 69 58 36 22 52 43 69 61 36 46 35 21
is_linear=0
shrinkage=0.05


Tree=56
num_leaves=15
num_cat=0
split_feature=4 4 5 0 3 0 0 0 3 3 3 3 4 3
split_gain=2.64649 1.42686 0.556898 0.781858 0.908712 0.448197 0.00389751 1.70845e-05 5.57234e-06 9.84764e-07 1.1627e-07 9.49071e-08 1.19397e-08 2.49201e-12
threshold=2.0000710487365727 24.000045776367191 30.000000000000004 0.82666665315628063 0.0003888201317749918 0.54933331906795513 0.77866667509078991 0.97333332896232616 0.0011668260558508339 0.00043318863026797777 0.00052327479352243255 0.0011668260558508339 30.000021934509281 37.99836730957032
decision_type=2 2 2 2 2 2 2 2 2 2 2 2 2 2
left_child=5 2 3 -2 -5 -1 -7 9 10 -3 -8 -11 -13 -14
right_child=1 7 -4 4 -6 6 8 -9 -10 11 -12 12 13 -15
leaf_value=-0.014692256915284228 0.033245512067561697 0.05152170083506448 -0.023325532872065624 0.022185279214750515 -0.028093782647485729 -0.056179744302290141 -0.051588788568474701 0.051883223297386274 -0.051850037122294801 0.05140903064352869 -0.051626039322415468 0.051434683380121277 0.051446223892916136 0.051446015243303646
leaf_weight=1.1831399276852619 2.2956448905169946 0.42953446321189392 1.5398643463850019 1.7194659337401392 1.882529020309448 0.78205397725105319 0.32806519232690312 0.27259878069162358 0.33945261500775814 0.2931191101670263 0.5795122254639864 0.37954830378293991 0.27321121841669083 0.30049147456884384
leaf_count=15 17 15 15 11 21 8 11 8 10 11 19 14 10 11
internal_value=2.21395e-05 0.0134286 0.00345024 0.0104414 -0.00409232 -0.039151 -0.0534126 0.0515161 -0.0516772 0.0514564 -0.0516126 0.0514339 0.0514416 0.0514461
internal_weight=12.5982 9.38601 7.4375 5.89764 3.60199 3.21222 2.02908 1.9485 1.24703 1.6759 0.907577 1.24637 0.953251 0.573703
internal_count=196 133 64 49 32 63 48 69 40 61 30 46 35 21
is_linear=0
shrinkage=0.05


Tree=57
num_leaves=15
num_cat=0
split_feature=4 0 4 0 0 3 3 3 4 4 4 4 0 3
split_gain=2.53204 1.12913 1.30876 1.07798 2.80135 0.779082 0.319509 0.118655 0.0145497 0.00333971 0.000904484 0.000122694 1.47362e-05 4.77478e-06
threshold=12.99998188018799 0.90266665816307079 19.999984741210941 0.37466666102409368 0.77866667509078991 0.00040733325295150285 0.00038078818761277949 -47.001037597656243 24.000045776367191 3.0000323057174687 2.0000710487365727 15.99997663497925 0.83333331346511852 0.0011668260558508339
decision_type=2 2 2 2 2 2 2 2 2 2 2 2 2 2
left_child=3 7 -3 10 -5 6 -4 -2 -7 13 -1 -9 -13 -6
right_child=1 2 5 4 9 8 -8 11 -10 -11 -12 12 -14 -15
leaf_value=-0.05405085877510353 0.08781221404858891 -0.038958059531461302 0.024657529320177576 0.028216219650758913 -0.051531458603120743 0.06264717054462586 -0.011909615827953253 0.052608573447841457 0.051500001740809521 -0.05583176775650206 -0.056278172063705029 0.051371617481646481 0.051799542759989839 -0.051756645231162329
leaf_weight=0.96506577357649781 0.27280826121568691 1.0688934028148649 1.293809179216624 2.2980592474341393 0.86463898606598355 0.62652458250522591 1.1097545474767683 0.30940046161413159 0.54943876527249813 0.76306603848934162 0.86376237869262695 0.80550037883222081 0.26815832406282425 0.32346524856984615
leaf_count=14 2 9 21 17 30 4 5 7 20 9 9 31 8 10
internal_value=2.10661e-05 0.0222218 0.00959239 -0.023006 -0.00919187 0.0240902 0.00777403 0.0576757 0.0574389 -0.0532506 -0.0551028 0.0517313 0.0514785 -0.0515928
internal_weight=12.3823 6.30429 4.64842 6.07806 4.24923 3.57953 2.40356 1.65587 1.17596 1.95117 1.82883 1.38306 1.07366 1.1881
internal_count=196 107 59 89 66 50 26 48 24 49 23 46 39 40
is_linear=0
shrinkage=0.05


Tree=58
num_leaves=15
num_cat=0
split_feature=4 0 4 3 4 3 3 4 0 0 3 3 3 3
split_gain=2.35617 1.29055 1.19422 0.695342 0.358434 0.190689 0.149133 0.0163199 0.00369239 1.3571e-05 4.09244e-06 1.36497e-06 8.55463e-08 7.05257e-08
threshold=3.9999772310256962 0.54933331906795513 24.000045776367191 0.00040733325295150285 12.99998188018799 0.0012995499419048431 1.0000000180025095e-35 2.0000710487365727 0.77866667509078991 0.97333332896232616 0.0011668260558508339 0.00043318863026797777 0.00052327479352243255 0.0011668260558508339
decision_type=2 2 2 2 2 2 2 2 2 2 2 2 2 2
left_child=1 -1 3 6 -5 -6 -2 8 -3 11 12 -4 -10 -13
right_child=2 7 9 4 5 -7 -8 -9 10 -11 -12 13 -14 -15
leaf_value=0.0041294538052513491 -0.025680546118300701 -0.056009389878003281 0.051401525874804413 0.0053281412897480188 0.021811986836407411 0.056523708924221532 -0.0032134994608611204 -0.063861037792524208 -0.05143312379068609 0.051718392419414352 -0.051668123254284729 0.05127124261639078 -0.051466664539427991 0.051300687678351366
leaf_weight=1.4876573532819759 1.1994266062974914 0.76512188464403186 0.39703817665576924 1.7393640018999579 0.8388015031814573 0.74889380671083927 1.9225561618804929 0.45600796490907658 0.29771485924720742 0.25112532451748837 0.30820351280272007 0.2658780403435228 0.5259536299854517 0.86482544243335724
leaf_count=17 13 8 15 15 5 16 9 4 11 8 10 11 19 35
internal_value=1.4101e-05 -0.032322 0.0151081 0.00510366 0.0210077 0.038185 -0.0118451 -0.055368 -0.0533264 0.0513778 -0.0515127 0.0513218 -0.0514545 0.0512938
internal_weight=12.0686 3.84066 8.22791 6.44904 3.32706 1.5877 3.12198 2.353 1.89699 1.77887 1.13187 1.52774 0.823668 1.1307
internal_count=196 69 127 58 36 21 22 52 48 69 40 61 30 46
is_linear=0
shrinkage=0.05


Tree=59
num_leaves=15
num_cat=0
split_feature=4 4 3 0 3 3 0 0 3 3 3 3 4 3
split_gain=2.21964 1.26266 0.515425 0.559556 0.844952 0.457043 0.0021936 1.16357e-05 2.94378e-06 1.1702e-06 6.04623e-08 9.17935e-09 7.51061e-09 4.86389e-13
threshold=2.0000710487365727 24.000045776367191 0.00035516027128323918 0.71599999070167553 4.0003957748413095 -2.0016093254089351 0.842666655778885 0.97333332896232616 0.0011668260558508339 0.00043318863026797777 0.0011668260558508339 0.00088406799477525066 30.000021934509281 37.99836730957032
decision_type=2 2 2 2 2 2 2 2 2 2 2 2 2 2
left_child=5 2 -2 -4 -5 -1 -7 9 11 -3 -11 -8 -12 -14
right_child=1 7 3 4 -6 6 8 -9 -10 10 12 -13 13 -15
leaf_value=-0.012543884512376058 -0.019849142411199436 0.051331313343877617 -0.016564685666840707 0.0042355366536131686 0.052819233450891269 -0.054928755403214791 -0.051389042219957416 0.051631902711047617 -0.051584195920773193 0.051207708729857526 0.051229775248680623 -0.051401072601131671 0.051239580769132778 0.051239481603799535
leaf_weight=1.1230700407177212 1.7986006811261157 0.37817795388400544 1.3680901341140268 2.6815076842904091 1.3432260658591983 0.86618862301111288 0.39443443343043327 0.23926783725619305 0.29363720491528511 0.2532168887555597 0.32794619537889957 0.2651468925178051 0.23606613650918007 0.25965305604040623
leaf_count=17 16 15 13 16 19 11 15 8 10 11 14 10 10 11
internal_value=1.39695e-05 0.0124781 0.0033294 0.0110598 0.02045 -0.0376254 -0.0531075 0.0513088 -0.0514525 0.0512556 0.0512291 -0.0513939 0.0512356 0.0512395
internal_weight=11.8282 8.88575 7.19142 5.39282 4.02473 2.94248 1.81941 1.69433 0.953219 1.45506 1.07688 0.659581 0.823665 0.495719
internal_count=196 133 64 48 35 63 46 69 35 61 46 25 35 21
is_linear=0
shrinkage=0.05


Tree=60
num_leaves=15
num_cat=0
split_feature=4 0 0 0 4 3 3 0 4 4 4 4 0 3
split_gain=2.08913 1.08273 2.61835 1.07805 1.1618 0.738701 0.280029 0.10878 0.011202 0.00285044 0.000760188 0.000100057 8.77063e-06 2.77477e-06
threshold=12.99998188018799 0.37466666102409368 0.77866667509078991 0.90266665816307079 19.999984741210941 0.00040733325295150285 0.00038078818761277949 0.19466666877269748 24.000045776367191 3.0000323057174687 2.0000710487365727 15.99997663497925 0.83333331346511852 0.0011668260558508339
decision_type=2 2 2 2 2 2 2 2 2 2 2 2 2 2
left_child=1 10 -3 7 -5 6 -6 -2 -7 13 -1 -9 -13 -4
right_child=3 2 9 4 5 8 -8 11 -10 -11 -12 12 -14 -15
leaf_value=-0.053755523698503942 0.0867612686381284 0.028827964462361994 -0.051320156683392903 -0.038170300460487319 0.023237766156995725 0.061589794272952497 -0.0113283404754079 0.052348361084072641 0.051285909967327695 -0.05547975419303644 -0.055860210131668531 0.051175942103009991 0.051531727011041077 -0.051504616627716694
leaf_weight=0.90346845611929871 0.26757862605154503 2.2158358916640286 0.75176670402288415 1.0243899375200269 1.2369158212095506 0.59336416423320748 1.1132844090461729 0.27647282741963841 0.47487704083323479 0.71402789652347554 0.81699170917272568 0.69587896950542927 0.23062720336019993 0.27973703108727932
leaf_count=14 2 17 30 9 21 4 5 7 20 9 9 31 8 10
internal_value=1.61106e-05 -0.0216354 -0.00725118 0.0208197 0.00853733 0.022534 0.00686388 0.0579272 0.0570093 -0.0530512 -0.054755 0.0515136 0.0512645 -0.0513702
internal_weight=11.5952 5.68183 3.96137 5.91339 4.44283 3.41844 2.3502 1.47056 1.06824 1.74553 1.72046 1.20298 0.926506 1.0315
internal_count=196 89 66 107 59 50 26 48 24 49 23 46 39 40
is_linear=0
shrinkage=0.05


Tree=61
num_leaves=15
num_cat=0
split_feature=4 4 0 3 0 3 0 0 3 3 3 3 4 3
split_gain=1.97417 1.1653 0.482336 0.472846 0.489114 0.771294 0.00308036 9.28411e-06 2.37966e-06 1.4698e-06 4.49149e-08 1.50219e-08 5.50862e-09 3.79696e-14
threshold=2.0000710487365727 24.000045776367191 0.54933331906795513 0.00035516027128323918 0.71599999070167553 4.0003957748413095 0.77866667509078991 0.97333332896232616 0.0011668260558508339 0.00043318863026797777 0.0011668260558508339 0.00088406799477525066 30.000021934509281 37.99836730957032
decision_type=2 2 2 2 2 2 2 2 2 2 2 2 2 2
left_child=2 3 -1 -2 -5 -6 -4 9 11 -3 -11 -8 -12 -14
right_child=1 7 6 4 5 -7 8 -9 -10 10 12 -13 13 -15
leaf_value=-0.010316485168539511 -0.019297073940902923 0.051228828188792645 -0.055601310914658357 -0.015547714859250942 0.0042294281956766584 0.051609736192126603 -0.051248965732502219 0.05149126638441677 -0.051429143216490017 0.051090058016828213 0.051110064760223041 -0.051264299097807234 0.051118851418151839 0.051118822311753069
leaf_weight=1.0713402330875408 1.7468187808990459 0.34992892667651154 0.7231318876147268 1.3225517161190508 2.6442437022924428 1.2721960451453922 0.47545948252081871 0.22051146812736977 0.26647473499178886 0.22960330918431282 0.29741100035607815 0.24054127931594849 0.21408205851912498 0.23548472858965397
leaf_count=15 16 15 8 13 16 19 20 8 10 11 14 10 10 11
internal_value=8.96823e-06 0.0119261 -0.0366093 0.00323086 0.0107423 0.0196202 -0.0531246 0.0511908 -0.0513016 0.0511409 0.0511094 -0.0512541 0.0511153 0.0511188
internal_weight=11.3098 8.53283 2.77695 6.98581 5.23899 3.91644 1.70561 1.54702 0.982475 1.32651 0.976581 0.716001 0.746978 0.449567
internal_count=196 133 63 64 48 35 48 69 40 61 46 30 35 21
is_linear=0
shrinkage=0.05


Tree=62
num_leaves=15
num_cat=0
split_feature=4 0 0 0 4 3 3 0 3 4 3 4 4 0
split_gain=1.85379 1.0445 2.43734 1.02805 1.04127 0.709315 0.25588 0.0938874 0.0036648 0.00256055 0.00202675 0.000607676 9.623e-05 6.43735e-06
threshold=12.99998188018799 0.37466666102409368 0.77866667509078991 0.90266665816307079 19.999984741210941 0.00040733325295150285 0.00038078818761277949 0.19466666877269748 0.00046494518755935138 3.0000323057174687 0.001016420195810497 -1.0000000180025095e-35 15.99997663497925 0.83333331346511852
decision_type=2 2 2 2 2 2 2 2 2 2 2 2 2 2
left_child=1 11 -3 7 -5 6 -6 -2 -7 -4 -10 -1 -9 -14
right_child=3 2 9 4 5 8 -8 12 10 -11 -12 -13 13 -15
leaf_value=-0.05352267653213838 0.084662905662872989 0.028136747527175668 -0.051236512129433247 -0.036762067840926213 0.022283959178747485 0.060756112690141417 -0.010950627501316847 0.052241631839764893 0.056760923655195229 -0.055261387574137955 0.051053645550540476 -0.055458206524330103 0.051061595241960835 0.051381619935046099
leaf_weight=0.85478982329368591 0.26283096708357323 2.1677632313221697 0.93571663461625554 0.99836394935846318 1.2044716868549592 0.35569466091692437 1.1155615150928495 0.26023506931960561 0.38134481012821198 0.68402018398046494 0.26271999068558216 0.77154988795518853 0.63102861493825912 0.20924283750355244
leaf_count=14 2 17 40 9 21 4 5 7 7 9 13 9 31 8
internal_value=1.10527e-05 -0.0209257 -0.00653438 0.0199615 0.00801066 0.0214752 0.00630349 0.0578138 0.0566826 -0.0529362 0.0544329 -0.0544409 0.0514015 0.0511413
internal_weight=11.0953 5.41384 3.7875 5.68149 4.31816 3.31979 2.32003 1.36334 0.999759 1.61974 0.644065 1.62634 1.10051 0.840271
internal_count=196 89 66 107 59 50 26 48 24 49 20 23 46 39
is_linear=0
shrinkage=0.05


Tree=63
num_leaves=15
num_cat=0
split_feature=4 4 0 0 4 0 3 0 0 3 3 3 3 4
split_gain=1.75486 1.07473 0.500037 0.454935 1.04092 0.87835 0.580654 0.00288262 7.2105e-06 1.75591e-06 1.72877e-06 3.98116e-08 1.10707e-08 4.06455e-09
threshold=2.0000710487365727 24.000045776367191 0.54933331906795513 0.82666665315628063 15.999974727630617 0.37466666102409368 0.00040733325295150285 0.77866667509078991 0.97333332896232616 0.0011668260558508339 0.00043318863026797777 0.0011668260558508339 0.00088406799477525066 30.000021934509281
decision_type=2 2 2 2 2 2 2 2 2 2 2 2 2 2
left_child=2 3 -1 5 -5 -2 -6 -4 10 12 -3 -12 -9 -13
right_child=1 8 7 4 6 -7 -8 9 -10 -11 11 13 -14 -15
leaf_value=-0.0083427728792381112 -0.011391772223887396 0.05113611943634401 -0.055449638928977175 -0.051735239556529568 -0.0090031959332378536 0.049434821367817072 0.033722801200027498 -0.051127305466452291 0.051359528013879469 -0.05128979767753266 0.050981989494120944 0.051002250468787619 -0.051141127741542829 0.051010163106019614
leaf_weight=1.0261912308633339 1.123265534639357 0.32408372685313203 0.70739664882421471 0.98275552876293648 2.1722393035888676 1.2584004793316124 1.2543907165527342 0.43119034729897976 0.20275046676397313 0.24178334325551987 0.20769388973712921 0.26966145634651184 0.2181541733443737 0.40763095580041409
leaf_count=15 13 15 8 14 12 8 17 20 8 10 11 14 10 21
internal_value=4.21347e-06 0.0113905 -0.0355808 0.00313857 -0.00637246 0.0207472 0.00663756 -0.0530665 0.0510836 -0.0511748 0.0510373 0.0510011 -0.0511319 0.051007
internal_weight=10.8276 8.20287 2.62472 6.79105 4.40939 2.38167 3.42663 1.59852 1.41182 0.891128 1.20907 0.884986 0.649345 0.677292
internal_count=196 133 63 64 43 21 29 48 69 40 61 46 30 35
is_linear=0
shrinkage=0.05


Tree=64
num_leaves=15
num_cat=0
split_feature=4 0 0 0 4 3 3 3 3 4 3 4 4 0
split_gain=1.6428 1.01052 2.19579 0.983446 0.94453 0.6635 0.222228 0.0797181 0.00281593 0.00189247 0.00158639 0.000495706 9.30947e-05 5.55953e-06
threshold=12.99998188018799 0.37466666102409368 0.77866667509078991 0.90266665816307079 19.999984741210941 0.00040733325295150285 0.00038078818761277949 -47.001037597656243 0.00046494518755935138 3.0000323057174687 0.001016420195810497 2.0000710487365727 15.99997663497925 0.83333331346511852
decision_type=2 2 2 2 2 2 2 2 2 2 2 2 2 2
left_child=1 11 -3 7 -5 6 -6 -2 -7 -4 -10 -1 -9 -14
right_child=3 2 9 4 5 8 -8 12 10 -11 -12 -13 13 -15
leaf_value=-0.053311545547517984 0.082456470730099485 0.02673243013770182 -0.051116183065042467 -0.035925262937526924 0.02123099773342299 0.059852289706354256 -0.0098942800104757072 0.052150578617170366 0.056230212434434351 -0.054739237013710473 0.05095142770578235 -0.055107565631381132 0.0509585778240269 0.051268903882439681
leaf_weight=0.80989042669534661 0.25765204802155484 2.1268216334283356 0.84861419722437836 0.96692339330911625 1.1731800530105836 0.33319844678044308 1.121856555342674 0.2486037593334911 0.35363960079848766 0.62653419375419617 0.23818532191216946 0.73090241104364395 0.5720998402684927 0.19301797635853291
leaf_count=14 2 17 40 9 21 4 5 7 7 9 13 9 31 8
internal_value=1.90482e-06 -0.0202758 -0.00577984 0.0191072 0.00741217 0.0204256 0.00601638 0.057622 0.0561757 -0.052655 0.0541057 -0.0541635 0.05131 0.0510369
internal_weight=10.6011 5.14276 3.60197 5.45836 4.18698 3.22006 2.29504 1.27137 0.925023 1.47515 0.591825 1.54079 1.01372 0.765118
internal_count=196 89 66 107 59 50 26 48 24 49 20 23 46 39
is_linear=0
shrinkage=0.05


Tree=65
num_leaves=15
num_cat=0
split_feature=4 4 0 0 4 0 3 0 0 3 3 3 3 4
split_gain=1.55898 0.99083 0.516442 0.404077 0.822938 0.757011 0.202865 0.0026725 5.65319e-06 1.92768e-06 1.29623e-06 3.42431e-08 8.16242e-09 2.99975e-09
threshold=2.0000710487365727 24.000045776367191 0.54933331906795513 0.82666665315628063 18.99996376037598 0.37466666102409368 3.0004068613052373 0.77866667509078991 0.97333332896232616 0.00043318863026797777 0.0011668260558508339 0.0011668260558508339 0.00088406799477525066 30.000021934509281
decision_type=2 2 2 2 2 2 2 2 2 2 2 2 2 2
left_child=2 3 -1 5 6 -2 -5 -4 9 -3 12 -11 -9 -13
right_child=1 8 7 4 -6 -7 -8 10 -10 11 -12 13 -14 -15
leaf_value=-0.0064051581699000742 -0.010737877703013704 0.051052172444269697 -0.055295439142719151 -0.054243205191045252 0.0085263849833019639 0.046681906312767169 -0.013524731959651757 -0.051017742629369527 0.051241766454369321 0.050885000871879284 -0.051164336443563191 0.050905098626521428 -0.051030206859667283 0.050912238134779846
leaf_weight=0.98471447080373797 1.0754738263785841 0.30044999066740252 0.69121105968952157 0.82145070284605004 2.9622298143804073 1.2310573663562534 0.48737686313688755 0.39095662906765938 0.18656917102634896 0.18787115067243576 0.21932092122733593 0.24445232748985291 0.19780610129237175 0.36953236907720566
leaf_count=15 13 15 8 12 19 8 12 20 8 11 10 14 10 21
internal_value=-4.44131e-06 0.0108999 -0.0345366 0.00304476 -0.00606235 0.0199086 -0.0390806 -0.053013 0.0509872 0.0509442 -0.0510606 0.0509037 -0.0510219 0.0509094
internal_weight=10.3505 7.86646 2.48401 6.57759 4.27106 2.30653 1.30883 1.49929 1.28888 1.10231 0.808084 0.801856 0.588763 0.613985
internal_count=196 133 63 64 43 21 24 48 69 61 40 46 30 35
is_linear=0
shrinkage=0.05


Tree=66
num_leaves=15
num_cat=0
split_feature=4 0 0 0 4 3 3 3 3 4 3 4 4 0
split_gain=1.47003 0.974005 1.99064 0.942026 0.815556 0.645987 0.197158 0.0677317 0.00229695 0.00149574 0.00133254 0.000403594 8.78861e-05 6.41022e-06
threshold=12.99998188018799 0.37466666102409368 0.77866667509078991 0.90266665816307079 19.999984741210941 0.00040733325295150285 0.00038078818761277949 -47.001037597656243 0.00046494518755935138 3.0000323057174687 0.001016420195810497 2.0000710487365727 15.99997663497925 0.83333331346511852
decision_type=2 2 2 2 2 2 2 2 2 2 2 2 2 2
left_child=1 11 -3 7 -5 6 -6 -2 -7 -4 -10 -1 -9 -14
right_child=3 2 9 4 5 8 -8 12 10 -11 -12 -13 13 -15
leaf_value=-0.053119750082360112 0.080407786565527439 0.025450876569456472 -0.051007795973001535 -0.034259465444315518 0.019712241673359592 0.059268604631889724 -0.0098221442788651095 0.052064660349970794 0.05590555657539973 -0.054367722099159292 0.050859299033841149 -0.054784110342141312 0.050865729246369111 0.051209039557158775
leaf_weight=0.7684640511870382 0.25226851738989353 2.0860054474323992 0.76944833062589146 0.92878029495477665 1.1380916722118861 0.31623399630188931 1.1222823262214658 0.23957733064889886 0.33197889849543571 0.58160530775785446 0.21590103954076767 0.69245705381035805 0.51857456192374229 0.18428891897201538
leaf_count=14 2 17 40 9 21 4 5 7 7 9 13 9 31 8
internal_value=-8.55767e-06 -0.0197089 -0.00517237 0.018378 0.00687702 0.0191052 0.00504833 0.0573971 0.0558755 -0.0524542 0.053917 -0.0539086 0.0512376 0.0509557
internal_weight=10.146 4.89798 3.43706 5.24798 4.05327 3.12449 2.26037 1.19471 0.864114 1.35105 0.54788 1.46092 0.942441 0.702863
internal_count=196 89 66 107 59 50 26 48 24 49 20 23 46 39
is_linear=0
shrinkage=0.05


Tree=67
num_leaves=15
num_cat=0
split_feature=4 0 4 0 0 3 4 0 0 3 3 3 3 4
split_gain=1.40105 1.38509 0.831604 0.473534 0.621101 0.322557 0.0217538 0.00245721 4.47556e-06 2.07747e-06 9.57183e-07 2.88902e-08 6.01954e-09 2.21283e-09
threshold=3.9999772310256962 0.54933331906795513 24.000045776367191 0.90266665816307079 0.71599999070167553 0.0003888201317749918 2.0000710487365727 0.77866667509078991 0.97333332896232616 0.00043318863026797777 0.0011668260558508339 0.0011668260558508339 0.00088406799477525066 30.000021934509281
decision_type=2 2 2 2 2 2 2 2 2 2 2 2 2 2
left_child=1 -1 3 4 -2 -5 7 -3 9 -4 12 -11 -9 -13
right_child=2 6 8 5 -6 -7 -8 10 -10 11 -12 13 -14 -15
leaf_value=0.01187650469364138 -0.0058185309789916999 -0.055139803270463687 0.050976417530492757 0.0065082243939655927 0.049607947746941633 -0.023840531628818371 -0.066025999404217328 -0.050919029226140645 0.051136533960061084 0.050797842969052612 -0.051051315510018506 0.050817521088252229 -0.050930271295490062 0.0508239620313575
leaf_weight=1.2857622578740122 0.94024962186813388 0.6746803894639013 0.27892729546874739 2.0885330587625508 1.0929711349308489 1.5074370279908178 0.41198241710662831 0.35440652444958687 0.17185538820922364 0.16992727480828762 0.19889719970524311 0.22156008332967758 0.17931961640715599 0.33493372425436974
leaf_count=17 12 8 15 18 19 9 4 20 8 11 10 14 10 21
internal_value=-1.42734e-05 -0.0278468 0.0126828 0.0046905 0.0239763 -0.00621403 -0.0559209 -0.0529627 0.0509007 0.0508604 -0.0509577 0.0508159 -0.0509228 0.0508214
internal_weight=9.91144 3.10505 6.80639 5.62919 2.03322 3.59597 1.81929 1.4073 1.1772 1.00535 0.732623 0.726421 0.533726 0.556494
internal_count=196 69 127 58 31 27 52 48 69 61 40 46 30 35
is_linear=0
shrinkage=0.05


Tree=68
num_leaves=15
num_cat=0
split_feature=4 0 0 3 0 4 3 3 3 3 3 3 0 4
split_gain=1.31288 0.957231 3.70846 2.17484 0.889758 0.729581 0.629436 0.165693 0.0568515 0.0112485 0.00202029 0.00122413 0.00112675 0.000495572
threshold=12.99998188018799 0.37466666102409368 0.54933331906795513 4.0003957748413095 0.90266665816307079 19.999984741210941 0.00040733325295150285 0.00038078818761277949 -47.001037597656243 1.0002148674102502 0.00046494518755935138 0.001016420195810497 0.77866667509078991 6.0000686645507821
decision_type=2 2 2 2 2 2 2 2 2 2 2 2 2 2
left_child=1 -1 -3 9 8 -6 7 -7 -2 12 -8 -12 -4 -14
right_child=4 2 3 -5 5 6 10 -9 -10 -11 11 -13 13 -15
leaf_value=-0.05371249154543957 0.078381695092965303 0.12660080248995889 -0.054808148807960783 0.039144560699717369 -0.032522783944507729 0.018285101205603099 0.059020957883668547 -0.0089671143440780664 0.051149568685123284 -0.060982024291294547 0.055805267167788108 0.050776227614872972 -0.050877190930042331 -0.053485980503530109
leaf_weight=1.4006586074829099 0.24644541461020708 0.4642535746097568 0.47892974317073844 0.88247243128716935 0.91876193135976825 1.1062093526124961 0.3058175379410385 1.1249551922082899 0.86204556282609679 0.64082497358322132 0.31710670236498117 0.19566826708614826 0.54213503748178482 0.27406898140907288
leaf_count=23 2 2 6 11 9 21 4 5 46 10 7 13 32 5
internal_value=-1.36389e-05 -0.0191067 -0.00434106 -0.0259099 0.017599 0.00653645 0.0183033 0.00454451 0.057204 -0.0555638 0.0558045 0.0538863 -0.0528829 -0.0517532
internal_weight=9.76035 4.68334 3.28268 2.81843 5.07701 3.96852 3.04976 2.23116 1.10849 1.93596 0.818593 0.512775 1.29513 0.816204
internal_count=196 89 66 64 107 59 50 26 48 53 24 20 43 37
is_linear=0
shrinkage=0.05


Tree=69
num_leaves=15
num_cat=0
split_feature=4 5 4 3 3 4 4 0 4 0 3 5 3 0
split_gain=1.25432 0.987878 0.701769 0.624575 2.01533 0.846512 0.589265 0.269636 0.000548748 0.0002213 3.73461e-06 7.35095e-07 3.66872e-09 1.2714e-10
threshold=24.000045776367191 30.000000000000004 16.999973297119144 0.0003888201317749918 0.0012995499419048431 10.000007152557375 12.99998188018799 0.71599999070167553 1.3792829577141676e-05 0.842666655778885 0.001016420195810497 30.000000000000004 27.997776031494144 0.24666666984558108
decision_type=2 2 2 2 2 2 2 2 2 2 2 2 2 2
left_child=1 3 8 6 -5 7 -1 -6 9 -3 11 -2 -12 -14
right_child=10 2 -4 4 5 -7 -8 -9 -10 -11 12 -13 13 -15
leaf_value=-0.0082937378886362382 0.051011519321777027 -0.0526735522175866 0.012723881891381765 -0.069057170115838132 -0.022428897821318447 0.057635907845774298 0.040390842090982766 0.015772277366323834 -0.053805189509978382 -0.050934838437809528 0.050735314616375538 0.050881488985234591 0.050744207918687737 0.050742369657212121
leaf_weight=1.0002708435058578 0.16990935336798496 0.43262678384780906 0.54876808077096928 1.0342987887561323 1.0043082758784296 0.7646721526980399 1.6415456682443617 0.85529909282922734 0.82815032545477152 0.31717502325773239 0.21420411393046379 0.3016692940145731 0.23121269792318344 0.15856885351240635
leaf_count=18 9 9 6 14 9 19 8 12 14 18 15 18 16 11
internal_value=-2.49969e-05 -0.00651478 -0.0359801 0.00343133 -0.00994613 0.0133511 0.0219574 -0.00485883 -0.052918 -0.0519381 0.0508229 0.0509283 0.0507406 0.0507435
internal_weight=9.50268 8.42712 2.12672 6.30039 3.65858 2.62428 2.64182 1.85961 1.57795 0.749802 1.07556 0.471579 0.603986 0.389782
internal_count=196 127 47 80 54 40 26 21 41 27 69 27 42 27
is_linear=0
shrinkage=0.05


Tree=70
num_leaves=15
num_cat=0
split_feature=4 5 4 3 3 4 4 4 4 0 3 5 3 0
split_gain=1.18797 0.927779 0.676281 0.571189 1.83146 0.804619 0.543044 0.257131 0.000468758 0.000189403 3.20727e-06 6.31157e-07 3.14952e-09 1.09332e-10
threshold=24.000045776367191 30.000000000000004 16.999973297119144 0.0003888201317749918 0.0012995499419048431 10.000007152557375 12.99998188018799 3.9999772310256962 1.3792829577141676e-05 0.842666655778885 0.001016420195810497 30.000000000000004 27.997776031494144 0.24666666984558108
decision_type=2 2 2 2 2 2 2 2 2 2 2 2 2 2
left_child=1 3 8 6 -5 7 -1 -6 9 -3 11 -2 -12 -14
right_child=10 2 -4 4 5 -7 -8 -9 -10 -11 12 -13 13 -15
leaf_value=-0.0079297998988808009 0.050961258991613294 -0.052536401701748198 0.012105322759411258 -0.065995176953314735 -0.021642736840297126 0.057306666849607363 0.039049252520777747 0.015814128971954899 -0.053606980196197807 -0.05088845661009718 0.050698939695069493 0.050837778023199769 0.050707385939114218 0.050705638733714267
leaf_weight=0.99403258413076256 0.16177815571427412 0.41257452219724677 0.54798928648233403 1.0283258073031905 1.0097750499844553 0.73145221732556809 1.6137618720531461 0.83875131607055653 0.79060003347694874 0.30197426304221153 0.20389975793659687 0.28719721268862486 0.22009200043976307 0.15094186551868916
leaf_count=18 9 9 6 14 14 19 8 7 14 18 15 18 16 11
internal_value=-2.12964e-05 -0.00631185 -0.0354532 0.00331335 -0.00957171 0.0129175 0.0211419 -0.00464704 -0.0527681 -0.05184 0.0507821 0.0508823 0.0507039 0.0507067
internal_weight=9.29315 8.26924 2.05314 6.2161 3.6083 2.57998 2.60779 1.84853 1.50515 0.714549 1.02391 0.448975 0.574934 0.371034
internal_count=196 127 47 80 54 40 26 21 41 27 69 27 42 27
is_linear=0
shrinkage=0.05


Tree=71
num_leaves=14
num_cat=0
split_feature=4 4 5 3 3 0 4 5 4 3 5 3 0
split_gain=1.12664 0.890955 0.796034 0.992127 1.77475 0.705407 0.67836 0.000105726 0.000102747 2.75476e-06 5.41951e-07 2.70599e-09 9.37393e-11
threshold=-1.9999143481254575 24.000045776367191 30.000000000000004 0.0003888201317749918 0.0012995499419048431 0.96399998664855968 10.000007152557375 30.000000000000004 10.000007152557375 0.001016420195810497 30.000000000000004 27.997776031494144 0.24666666984558108
decision_type=2 2 2 2 2 2 2 2 2 2 2 2 2
left_child=7 2 3 -2 -5 8 -6 -1 -4 10 -3 -11 -13
right_child=1 9 5 4 6 -7 -8 -9 -10 11 -12 12 -14
leaf_value=-0.052984835345395637 0.035543450630201458 0.050913539821588451 -0.052771456768242145 -0.063103502213123927 -0.0013844474405985048 0.01808618472673431 0.056989366397959131 -0.051888674749907326 -0.053731987682528681 0.050664386804572296 0.050796271869320633 0.050672410583084727 0.050670752363383698
leaf_weight=0.55194362252950746 2.1345205567777139 0.15402873791754235 0.54287614487111546 1.0218417998403313 1.7247922811657193 0.50266309455037106 0.69955505430698384 0.36573936231434345 0.57150668650865555 0.19408438634127378 0.27340803761035204 0.20949885156005621 0.1436767065897584
leaf_count=15 16 9 14 14 16 11 19 13 9 15 18 16 11
internal_value=-1.78747e-05 0.00588072 -0.000194443 0.00875619 -0.00783546 -0.0310846 0.0154595 -0.052548 -0.0532641 0.0507434 0.0508385 0.0506691 0.0506717
internal_weight=9.09014 8.17245 7.19776 5.58071 3.44619 1.61705 2.42435 0.917683 1.11438 0.974697 0.427437 0.54726 0.353176
internal_count=196 168 99 65 49 34 35 28 23 69 27 42 27
is_linear=0
shrinkage=0.05


Tree=72
num_leaves=15
num_cat=0
split_feature=4 4 5 0 3 3 0 3 5 4 3 5 3 0
split_gain=1.06614 0.849941 0.740709 0.956413 1.24536 1.32306 0.673954 0.179085 9.07167e-05 8.72949e-05 2.36627e-06 4.65401e-07 2.32428e-09 8.06387e-11
threshold=24.000045776367191 -1.9999143481254575 30.000000000000004 0.70933333039283764 4.0003957748413095 0.0003888201317749918 0.96399998664855968 0.0012995499419048431 30.000000000000004 10.000007152557375 0.001016420195810497 30.000000000000004 27.997776031494144 0.24666666984558108
decision_type=2 2 2 2 2 2 2 2 2 2 2 2 2 2
left_child=1 8 3 -3 5 -5 9 -7 -1 -4 11 -2 -12 -14
right_child=10 2 6 4 -6 7 -8 -9 -10 -11 12 -13 13 -15
leaf_value=-0.052834157185636027 0.050868226306903234 0.048096858994340061 -0.05263087637552824 0.015907920090070689 0.047907839383492766 -0.060369061042446659 0.017232059689074423 -0.02814142222252335 -0.051794208538276203 -0.053537264418235059 0.050631564851123856 0.050756850536831988 0.050639187518006827 0.050637611098614269
leaf_weight=0.52648451924324025 0.14664389193058003 1.1907454468309877 0.51774426363408543 1.6193930041044953 0.95579403825104226 1.0148984268307684 0.50123700033873309 0.74933284334838379 0.34852056205272675 0.54556126147508621 0.1847354443743825 0.26027066633105278 0.19940891582518816 0.13675670139491558
leaf_count=15 9 11 14 13 19 14 11 8 13 9 15 18 16 11
internal_value=-1.96213e-05 -0.00592506 -0.000190746 0.00840238 -0.00248986 -0.016726 -0.0305647 -0.0466808 -0.0524199 -0.0530959 0.0507066 0.050797 0.0506361 0.0506385
internal_weight=8.89753 7.96971 7.09471 5.53016 4.33942 3.38362 1.56454 1.76423 0.875005 1.06331 0.927816 0.406915 0.520901 0.336166
internal_count=196 127 99 65 54 35 34 22 28 23 69 27 42 27
is_linear=0
shrinkage=0.05


Tree=73
num_leaves=15
num_cat=0
split_feature=4 4 5 0 4 3 0 4 5 4 3 5 3 0
split_gain=1.01023 0.809596 0.688535 0.853973 1.17629 1.09048 0.644276 0.0229627 7.78505e-05 7.42149e-05 2.03282e-06 3.99729e-07 1.99705e-09 6.94321e-11
threshold=24.000045776367191 -1.9999143481254575 30.000000000000004 0.70933333039283764 3.9999772310256962 0.0012995499419048431 0.96399998664855968 10.000007152557375 30.000000000000004 10.000007152557375 0.001016420195810497 30.000000000000004 27.997776031494144 0.24666666984558108
decision_type=2 2 2 2 2 2 2 2 2 2 2 2 2 2
left_child=1 8 3 -3 -5 -6 9 -7 -1 -4 11 -2 -12 -14
right_child=10 2 6 4 5 7 -8 -9 -10 -11 12 -13 13 -15
leaf_value=-0.052691328608773749 0.050825198584103753 0.045322450046389171 -0.05249768747068833 -0.05818957899494473 -0.0091664890553152575 0.043597332532059344 0.016413557854364033 0.057905073533609255 -0.051704577824045153 -0.053353330722399443 0.050600382783732904 0.050719408172149032 0.050607625843035346 0.05060612648308125
leaf_weight=0.50213079527020443 0.13960709609091271 1.2002041973173616 0.4937114994972942 0.77406572364270676 2.3952407315373425 0.57660114765167214 0.49995477031916369 0.54594791959971189 0.3320832122117281 0.52069778367877007 0.17583134490996599 0.2477552704513073 0.18979894742369652 0.13016588799655437
leaf_count=15 9 11 14 19 15 4 11 16 13 9 15 18 16 11
internal_value=-2.53932e-05 -0.00573584 -0.000191898 0.00803872 -0.00238756 0.00989129 -0.0300414 0.0505559 -0.0522985 -0.0529369 0.0506717 0.0507575 0.0506047 0.050607
internal_weight=8.7238 7.84064 7.00642 5.49206 4.29186 3.51779 1.51436 1.12255 0.834214 1.01441 0.883159 0.387362 0.495796 0.319965
internal_count=196 127 99 65 54 35 34 20 28 23 69 27 42 27
is_linear=0
shrinkage=0.05


Tree=74
num_leaves=14
num_cat=0
split_feature=4 4 5 3 3 4 0 5 4 3 5 3 0
split_gain=0.9576 0.770937 0.640139 0.871473 1.38352 0.651075 0.616244 6.68184e-05 6.31347e-05 1.74647e-06 3.43357e-07 1.71531e-09 5.95849e-11
threshold=24.000045776367191 -1.9999143481254575 30.000000000000004 0.0003888201317749918 0.0012995499419048431 10.000007152557375 0.96399998664855968 30.000000000000004 10.000007152557375 0.001016420195810497 30.000000000000004 27.997776031494144 0.24666666984558108
decision_type=2 2 2 2 2 2 2 2 2 2 2 2 2
left_child=1 7 3 -3 -5 -6 8 -1 -4 10 -2 -11 -13
right_child=9 2 6 4 5 -7 -8 -9 -10 11 -12 12 -14
leaf_value=-0.052555914341066823 0.050784334864963802 0.032759820535456945 -0.052371471735816348 -0.057424052802488496 -0.0031385354491391612 0.056620015624962938 0.015629821982075642 -0.051619526387269167 -0.05317952654172952 0.050570760270107054 0.050683842929079771 0.050577640702628796 0.05057621697812209
leaf_weight=0.47884119302034367 0.13290253933519114 2.1190980635583401 0.47073613572865702 1.0005694841966035 1.6964673725888135 0.62324671447277058 0.49880360439419746 0.31639465317130089 0.4968809187412262 0.16735145356506109 0.23583330679684877 0.18064667750149965 0.12388900201767683
leaf_count=15 9 16 14 14 16 19 11 13 9 15 18 16 11
internal_value=-3.30913e-05 -0.00556426 -0.000195849 0.00770829 -0.0082803 0.012917 -0.0295146 -0.0521834 -0.0527864 0.0506385 0.0507201 0.0505748 0.0505771
internal_weight=8.54166 7.70104 6.9058 5.43938 3.32028 2.31971 1.46642 0.795236 0.967617 0.840623 0.368736 0.471887 0.304536
internal_count=196 127 99 65 49 35 34 28 23 69 27 42 27
is_linear=0
shrinkage=0.05


Tree=75
num_leaves=15
num_cat=0
split_feature=4 4 5 3 3 0 0 4 5 4 3 5 3 0
split_gain=0.907518 0.734424 0.595224 0.790889 1.25941 0.589738 0.525642 0.334432 5.73576e-05 5.37393e-05 1.50061e-06 2.94959e-07 1.47282e-09 5.09996e-11
threshold=24.000045776367191 -1.9999143481254575 30.000000000000004 0.0003888201317749918 0.0012995499419048431 0.96399998664855968 0.71599999070167553 6.0000686645507821 30.000000000000004 10.000007152557375 0.001016420195810497 30.000000000000004 27.997776031494144 0.24666666984558108
decision_type=2 2 2 2 2 2 2 2 2 2 2 2 2 2
left_child=1 8 3 -3 -5 9 -6 -8 -1 -4 11 -2 -12 -14
right_child=10 2 5 4 6 -7 7 -9 -10 -11 12 -13 13 -15
leaf_value=-0.052427509475609202 0.050745522956691262 0.031304026004140319 -0.052251847159893533 -0.054971634585670261 -0.013790949700191062 0.014879932203788733 0.0067848885187950627 0.058619066693782508 -0.051538809387171813 -0.053015231293253633 0.05054261530921738 0.050650058386103786 0.050549149637805671 0.050547799495619272
leaf_weight=0.45657524466514576 0.12651505786925543 2.1070783771574497 0.44877732265740611 0.99313816800713572 1.0414926968514922 0.49777165520936251 0.5860666576772926 0.66345870587974787 0.30142336338758469 0.47407545894384384 0.15927603933960199 0.2244774354621768 0.17193084210157394 0.11791144590824842
leaf_count=15 9 16 14 14 11 11 7 17 13 9 15 18 16 11
internal_value=-3.42392e-05 -0.00538686 -0.00019168 0.00739537 -0.00794416 -0.0289843 0.0124419 0.0343072 -0.0520741 -0.052644 0.050607 0.0506845 0.0505465 0.0505486
internal_weight=8.36997 7.56986 6.81186 5.39123 3.28416 1.42062 2.29102 1.24953 0.757999 0.922853 0.800111 0.350992 0.449118 0.289842
internal_count=196 127 99 65 49 34 35 24 28 23 69 27 42 27
is_linear=0
shrinkage=0.05


Tree=76
num_leaves=15
num_cat=0
split_feature=4 5 4 0 4 3 4 4 0 4 0 3 5 4
split_gain=0.860175 0.634578 0.634529 0.472807 1.27088 0.951571 0.0240366 0.00876842 0.000697882 0.000260303 6.95366e-05 1.28951e-06 2.53403e-07 5.82872e-08
threshold=24.000045776367191 30.000000000000004 16.999973297119144 0.70933333039283764 3.9999772310256962 0.0012995499419048431 10.000007152557375 2.0000710487365727 0.77866667509078991 1.3792829577141676e-05 0.842666655778885 0.001016420195810497 30.000000000000004 -3.4944745493703515e-05
decision_type=2 2 2 2 2 2 2 2 2 2 2 2 2 2
left_child=1 3 9 -1 7 -6 -7 8 -5 10 -3 12 -2 -10
right_child=11 2 -4 4 5 6 -8 -9 13 -11 -12 -13 -14 -15
leaf_value=0.02773810533130119 0.050708658941447882 -0.051855531772589607 0.015932937686973719 -0.054137919289002717 -0.0087570630418208721 0.04162137729229938 0.056876749322961453 -0.062549897770715582 -0.050641534808657518 -0.052840582534204254 -0.050735093466996131 0.050519541332185447 0.050617965147677135 -0.050591845415369631
leaf_weight=1.4147968478500841 0.12043012678623188 0.30974078923463799 0.48195239156484593 0.34768174216151226 2.3659013509750371 0.56156778335571267 0.47797967772930861 0.36988969892263412 0.12421753630042076 0.62189145665615797 0.25044374726712704 0.42743660043925047 0.21366151701658964 0.11244101822376251
leaf_count=16 9 9 6 5 15 4 16 4 10 14 18 42 18 10
internal_value=-3.51572e-05 -0.00521666 -0.0324215 0.00262294 -0.0055274 0.00876267 0.0486357 -0.0565257 -0.0527123 -0.0521364 -0.0513546 0.0505771 0.0506507 -0.0506179
internal_weight=8.20003 7.4385 1.66403 5.77448 4.35968 3.40545 1.03955 0.95423 0.58434 1.18208 0.560185 0.761528 0.334092 0.236659
internal_count=196 127 47 80 64 35 20 29 25 41 27 69 27 20
is_linear=0
shrinkage=0.05


Tree=77
num_leaves=15
num_cat=0
split_feature=4 4 5 3 3 0 4 3 5 4 3 5 3 0
split_gain=0.830696 0.669346 0.519255 0.736693 1.62602 0.561829 0.388274 0.106453 5.32998e-05 5.2678e-05 1.10814e-06 2.17737e-07 1.08835e-09 3.76987e-11
threshold=-1.9999143481254575 24.000045776367191 30.000000000000004 0.0003888201317749918 0.00040733325295150285 0.96399998664855968 3.9999772310256962 9.998624801635744 30.000000000000004 10.000007152557375 0.001016420195810497 30.000000000000004 27.997776031494144 0.24666666984558108
decision_type=2 2 2 2 2 2 2 2 2 2 2 2 2 2
left_child=8 2 3 -2 -5 9 -6 -8 -1 -4 11 -3 -12 -14
right_child=1 10 5 4 6 -7 7 -9 -10 -11 12 -13 13 -15
leaf_value=-0.052281612389378375 0.03000010022374483 0.050673641364035828 -0.052029726274788315 -0.090420143834165967 -0.018777529160823682 0.015039723645071321 0.030055405248947727 0.0041095866434041591 -0.051388929653241627 -0.052817788982735953 0.050490457917359427 0.050587471274469678 0.050496360089403274 0.050495140390416443
leaf_weight=0.43022183328866948 2.0960015039891005 0.11463384749367822 0.40769213438034035 0.50551836192607913 0.9308407595381144 0.48429581709206104 1.1542725330218671 0.60126007813960303 0.27352331206202507 0.44190467149019241 0.14426351618021727 0.20336054172366858 0.15572837926447392 0.10679927654564381
leaf_count=15 16 9 14 3 18 11 9 19 13 9 15 18 16 11
internal_value=-4.04134e-05 0.00493066 -6.24425e-05 0.00696977 -0.00815343 -0.0279399 0.00732741 0.0211691 -0.0519347 -0.0524396 0.0505486 0.0506185 0.0504939 0.0504959
internal_weight=8.05032 7.34657 6.62179 5.28789 3.19189 1.33389 2.68637 1.75553 0.703745 0.849597 0.724786 0.317994 0.406791 0.262528
internal_count=196 168 99 65 49 34 46 28 28 23 69 27 42 27
is_linear=0
shrinkage=0.05


Tree=78
num_leaves=15
num_cat=0
split_feature=4 4 5 0 4 3 4 4 4 4 5 3 5 3
split_gain=0.786297 0.638823 0.482196 0.690769 0.979038 0.865101 0.556618 0.02944 0.000113192 6.31046e-05 4.57439e-05 9.52381e-07 1.87087e-07 9.35699e-10
threshold=-1.9999143481254575 24.000045776367191 30.000000000000004 0.70933333039283764 3.9999772310256962 0.0012995499419048431 16.999973297119144 10.000007152557375 10.000007152557375 1.3792829577141676e-05 30.000000000000004 0.001016420195810497 30.000000000000004 27.997776031494144
decision_type=2 2 2 2 2 2 2 2 2 2 2 2 2 2
left_child=10 2 3 -2 -5 -6 8 -7 9 -4 -1 12 -3 -13
right_child=1 11 6 4 5 7 -8 -9 -10 -11 -12 13 -14 -15
leaf_value=-0.052167150771763204 0.039834608901690674 0.050640374291372386 -0.051130126158757908 -0.057330958155622364 -0.0086194891676931833 0.039125205215551163 0.016065581435927682 0.056372078930542441 -0.052878435518724481 -0.052259109871203441 -0.051319915045338588 0.050466308741791588 0.05055850197351236 0.050471446973394507
leaf_weight=0.41011492535471905 1.2085575498640535 0.10911291372030962 0.2532293666154144 0.69328111689537752 2.3498855605721478 0.54664310812950123 0.46909546107053757 0.45204871706664562 0.3289312832057476 0.24211220163851976 0.26052448339760303 0.13729170989245176 0.19355057552456856 0.24984179902821779
leaf_count=15 11 9 14 19 15 4 6 16 7 7 13 15 18 27
internal_value=-4.56348e-05 0.00475614 -6.81127e-05 0.00666834 -0.00324871 0.00794834 -0.0274147 0.0469318 -0.0521594 -0.0516819 -0.051838 0.0505216 0.050588 0.0504696
internal_weight=7.90422 7.23358 6.54378 5.25042 4.04186 3.34858 1.29337 0.998692 0.824273 0.495342 0.670639 0.689797 0.302663 0.387134
internal_count=196 168 99 65 54 35 34 20 28 21 28 69 27 42
is_linear=0
shrinkage=0.05


Tree=79
num_leaves=15
num_cat=0
split_feature=4 4 5 3 3 0 4 0 4 5 3 5 3 0
split_gain=0.744427 0.609598 0.448096 0.686831 1.45191 0.535094 0.319662 0.144151 5.14762e-05 3.92646e-05 8.18562e-07 1.60775e-07 8.05562e-10 2.78818e-11
threshold=-1.9999143481254575 24.000045776367191 30.000000000000004 0.0003888201317749918 0.00040733325295150285 0.96399998664855968 10.000007152557375 0.71599999070167553 10.000007152557375 30.000000000000004 0.001016420195810497 30.000000000000004 27.997776031494144 0.24666666984558108
decision_type=2 2 2 2 2 2 2 2 2 2 2 2 2 2
left_child=9 2 3 -2 -5 8 7 -6 -4 -1 11 -3 -12 -14
right_child=1 10 5 4 6 -7 -8 -9 -10 -11 12 -13 13 -15
leaf_value=-0.05205857920018591 0.028606359848607401 0.050608770155072716 -0.051830906347842799 -0.08669883747259248 -0.019602389887119352 0.015191593970909287 0.030433962733094889 0.0094969806851706653 -0.052643160509583668 -0.05125438910051984 0.050443357488986387 0.050530974453091293 0.050448693032645646 0.050447590819708177
leaf_weight=0.39090644568204869 2.0848975665867329 0.10385459521785367 0.37032304611057021 0.49827443063259158 0.92972673475742362 0.47104953974485397 0.90610297676175822 0.78486667945981026 0.41214162483811378 0.24812738224864006 0.13065383210778236 0.18420877028256655 0.14103871677070856 0.096724702045321465
leaf_count=15 16 9 14 3 8 11 21 17 9 13 15 18 16 11
internal_value=-5.23533e-05 0.00459128 -7.55423e-05 0.00638887 -0.00846257 -0.026912 0.00641253 -0.00628196 -0.0522587 -0.0517463 0.0504959 0.050559 0.0504465 0.0504482
internal_weight=7.7529 7.11386 6.45738 5.20387 3.11897 1.25351 2.6207 1.71459 0.782465 0.639034 0.656481 0.288063 0.368417 0.237763
internal_count=196 168 99 65 49 34 46 25 23 28 69 27 42 27
is_linear=0
shrinkage=0.05


Tree=80
num_leaves=15
num_cat=0
split_feature=4 0 0 3 0 3 3 3 3 0 0 3 3 3
split_gain=0.697625 0.799105 2.73217 1.55587 0.575113 0.478759 0.996865 1.79392 0.363455 0.0180063 0.0131915 0.00521536 0.00045668 0.000396698
threshold=12.99998188018799 0.37466666102409368 0.54933331906795513 4.0003957748413095 0.90266665816307079 0.00035516027128323918 0.0003888201317749918 0.00040733325295150285 0.0011668260558508339 0.15599999576807025 0.97999998927116405 1.0002148674102502 1.0002148674102502 -7.0004262924194327
decision_type=2 2 2 2 2 2 2 2 2 2 2 2 2 2
left_child=1 12 -3 11 9 10 -7 -8 -9 -2 13 -4 -1 -6
right_child=4 2 3 -5 5 6 7 8 -10 -11 -12 -13 -14 -15
leaf_value=-0.052148558506529101 0.068524404327215099 0.10550619839375959 -0.052257213442907673 0.037013375988484129 -0.015222736813918289 0.065891971247233394 -0.08424632202390489 0.057857962896875441 -0.0031843068978376597 0.050682001308900361 -0.028085173781650985 -0.058473166132448323 -0.05427423255188938 -0.018083481973952261
leaf_weight=0.45701972767710708 0.19725303351879153 0.48835104703903232 0.94170423317700647 0.67983243521302927 0.23352655954658985 0.74450737889856133 0.48251634836196888 0.59777872078120686 0.41186886094510555 0.4994068774394691 0.53607228398323059 0.52589977532625198 0.56510182656347752 0.25190111435949825
leaf_count=13 1 2 43 11 12 5 2 18 8 47 3 10 10 11
internal_value=-5.71387e-05 -0.0157954 -0.00124248 -0.0255183 0.0144996 0.00568286 0.0186355 -0.00494281 0.0329568 0.0557339 -0.0226783 -0.0544846 -0.0533238 -0.0167073
internal_weight=7.61274 3.65791 2.63579 2.14744 3.95483 3.25817 2.23667 1.49216 1.00965 0.69666 1.0215 1.4676 1.02212 0.485428
internal_count=196 89 66 64 107 59 33 28 26 48 26 53 23 23
is_linear=0
shrinkage=0.05


Tree=81
num_leaves=15
num_cat=0
split_feature=4 5 4 0 4 3 3 4 0 4 0 3 3 4
split_gain=0.674985 0.477503 0.541382 0.374752 1.02589 0.487157 0.380762 0.00511817 0.000403051 0.000149947 2.93881e-05 8.80526e-07 8.76821e-08 3.02347e-08
threshold=24.000045776367191 30.000000000000004 16.999973297119144 0.70933333039283764 3.9999772310256962 0.00040733325295150285 4.0003957748413095 2.0000710487365727 0.77866667509078991 1.3792829577141676e-05 0.842666655778885 0.00043318863026797777 -11.998832225799559 34.000040054321296
decision_type=2 2 2 2 2 2 2 2 2 2 2 2 2 2
left_child=1 3 9 -1 7 -6 -7 8 -5 10 -3 12 -2 -13
right_child=11 2 -4 4 5 6 -8 -9 -10 -11 -12 13 -14 -15
leaf_value=0.02487782467951493 0.050504916341845341 -0.051432871270147944 0.015236086896898142 -0.053450671407503952 -0.0088714937238194482 0.003094943683924491 0.05701194941365078 -0.060343231161980995 -0.050505221254202808 -0.052311951414974335 -0.050625067276088301 0.050398768678910355 0.050568675677274279 0.050426998989388253
leaf_weight=1.3597163390368221 0.096670377068221569 0.24310456961393334 0.44091983512043953 0.29201116785407055 1.9150515943765642 0.63974148035049416 0.6707860054448247 0.3311508446931839 0.19284644909203053 0.50476035289466381 0.2097172299399972 0.16466617491096258 0.12193666212260712 0.22368212835863233
leaf_count=16 10 9 6 5 13 4 18 4 20 14 18 21 11 27
internal_value=-6.08882e-05 -0.00457044 -0.0306096 0.00217161 -0.00546747 0.00720287 0.0306921 -0.0555517 -0.0522792 -0.0517193 -0.0510587 0.0504602 0.0505405 0.050415
internal_weight=7.40676 6.79981 1.3985 5.4013 4.04159 3.22558 1.31053 0.816008 0.484858 0.957582 0.452822 0.606955 0.218607 0.388348
internal_count=196 127 47 80 64 35 22 29 25 41 27 69 21 48
is_linear=0
shrinkage=0.05


Tree=82
num_leaves=15
num_cat=0
split_feature=4 4 5 3 3 0 4 0 4 5 3 3 4 4
split_gain=0.654364 0.538094 0.377229 0.594183 1.19899 0.486247 0.265794 0.121194 5.20966e-05 3.14001e-05 7.56802e-07 7.5334e-08 2.59998e-08 6.43319e-08
threshold=-1.9999143481254575 24.000045776367191 30.000000000000004 0.0003888201317749918 0.00040733325295150285 0.96399998664855968 10.000007152557375 0.71599999070167553 10.000007152557375 30.000000000000004 0.00043318863026797777 -11.998832225799559 34.000040054321296 39.00000190734864
decision_type=2 2 2 2 2 2 2 2 2 2 2 2 2 2
left_child=9 2 3 -2 -5 8 7 -6 -4 -1 11 -3 -12 -14
right_child=1 10 5 4 6 -7 -8 -9 -10 -11 12 -13 13 -15
leaf_value=-0.051843449565585113 0.026635136582415515 0.05048005606409002 -0.051567376665852475 -0.080734563573868046 -0.018813450861301387 0.015227524916705818 0.028081418552174282 0.0086441276270022294 -0.052435206466719113 -0.051079615940975945 0.050379169849696474 0.050540636302804191 0.050439909391656393 0.050383720077821062
leaf_weight=0.35051141306757916 2.038472400046885 0.091999850235879421 0.31994683668017365 0.4804764888249341 0.88471801578998588 0.43748765531927347 0.85740108042955387 0.73637946043163538 0.3763597160577774 0.21836992166936398 0.15669471072033048 0.11605246830731619 0.084424737840890884 0.12843466503545642
leaf_count=15 16 10 14 3 8 11 21 17 9 13 21 11 10 17
internal_value=-6.35697e-05 0.00430228 -4.39936e-05 0.00586334 -0.00844659 -0.0260819 0.005567 -0.00634091 -0.0520364 -0.0515502 0.0504376 0.0505138 0.0503946 0.050406
internal_weight=7.27773 6.70885 6.13124 4.99745 2.95898 1.13379 2.4785 1.6211 0.696307 0.568881 0.577606 0.208052 0.369554 0.212859
internal_count=196 168 99 65 49 34 46 25 23 28 69 21 48 27
is_linear=0
shrinkage=0.05


Tree=83
num_leaves=15
num_cat=0
split_feature=4 4 5 0 4 3 3 3 4 4 4 4 5 3
split_gain=0.619787 0.513386 0.350309 0.540925 0.807882 0.631091 0.833022 1.45731 0.471964 0.0348657 8.20059e-05 2.83454e-05 2.69579e-05 6.50525e-07
threshold=-1.9999143481254575 24.000045776367191 30.000000000000004 0.70933333039283764 3.9999772310256962 0.00035516027128323918 0.0003888201317749918 0.0012995499419048431 16.999973297119144 10.000007152557375 10.000007152557375 1.3792829577141676e-05 30.000000000000004 0.00043318863026797777
decision_type=2 2 2 2 2 2 2 2 2 2 2 2 2 2
left_child=12 2 3 -2 -5 -6 -7 -8 10 -9 11 -4 -1 -3
right_child=1 13 8 4 5 6 7 9 -10 -11 -12 -13 -14 -15
leaf_value=-0.051751359929351259 0.035208134744184202 0.050488540791427408 -0.0508962367532559 -0.056153597538183254 -0.034110012887557571 0.064886421924771065 -0.047005969491525863 0.036021311583908332 0.015389655220687474 0.055939046115066317 -0.052427074995981843 -0.051739252834355431 -0.051026168127737109 0.050375234809017712
leaf_weight=0.33399510383605946 1.1773323416709898 0.19800218706950534 0.20762674603611209 0.61281504342332516 0.73293150961399112 0.69921912252903018 0.84089148044586159 0.50455455482006073 0.42895963788032532 0.38919297326356173 0.27168015763163567 0.19184776023030281 0.20793198235332966 0.35166265396401286
leaf_count=15 11 21 14 19 7 4 4 4 6 16 7 7 13 48
internal_value=-6.85118e-05 0.00414804 -5.06886e-05 0.00561401 -0.00360444 0.0065645 0.0188132 0.00024148 -0.0255749 0.0446947 -0.0517569 -0.0513011 -0.0514731 0.0504161
internal_weight=7.14864 6.60672 6.05705 4.95694 3.7796 3.16679 2.43386 1.73464 1.10011 0.893748 0.671155 0.399475 0.541927 0.549665
internal_count=196 168 99 65 54 35 28 24 34 20 28 21 28 69
is_linear=0
shrinkage=0.05


Tree=84
num_leaves=15
num_cat=0
split_feature=4 5 4 3 3 4 4 0 0 4 0 3 3 3
split_gain=0.575914 0.392721 0.96845 0.327726 1.01956 0.277016 0.257288 0.102027 0.948844 0.000216517 5.01467e-05 5.59185e-07 1.02364e-07 5.56692e-08
threshold=24.000045776367191 30.000000000000004 19.999993324279789 0.0003888201317749918 0.00040733325295150285 10.000007152557375 12.99998188018799 0.71599999070167553 0.82666665315628063 10.000071048736574 0.842666655778885 0.00043318863026797777 0.0011602283339016142 -11.998832225799559
decision_type=2 2 2 2 2 2 2 2 2 2 2 2 2 2
left_child=1 3 9 6 -5 7 -1 -6 -9 10 -3 13 -12 -2
right_child=11 2 -4 4 5 -7 -8 8 -10 -11 12 -13 -14 -15
leaf_value=-0.0054308303854768043 0.050433965323797271 -0.051502410019188753 0.05547568720452295 -0.077088042274450957 -0.019467623451467939 0.027295632561859878 0.029394161572202506 0.059165179777415436 -0.053350832434278898 -0.052735593910440186 -0.050519656018806064 0.050356804241518553 -0.050590330529841666 0.050488686459833322
leaf_weight=0.85156476590782437 0.083316411823034286 0.43636095523834206 0.26687555760145187 0.46401690412312779 0.90358387865126155 0.82670149859040964 1.4061214327812193 0.3926335871219635 0.3584158206358552 0.35704834014177322 0.10438178898766637 0.33463121205568314 0.10062512289732695 0.10511658620089281
leaf_count=18 10 16 3 3 9 21 8 3 18 8 11 48 9 11
internal_value=-6.88679e-05 -0.0041497 -0.029133 0.00192581 -0.00906071 0.0036606 0.0162587 -0.00814814 0.00547029 -0.0517487 -0.0511994 0.0503956 -0.0505543 0.0504645
internal_weight=6.99139 6.46833 1.26529 5.20304 2.94535 2.48133 2.25769 1.65463 0.751049 0.998416 0.641368 0.523064 0.205007 0.188433
internal_count=196 127 47 80 54 51 26 30 21 44 36 69 20 21
is_linear=0
shrinkage=0.05


Tree=85
num_leaves=15
num_cat=0
split_feature=4 5 4 0 4 3 3 3 4 0 4 0 3 3
split_gain=0.54654 0.37341 0.91873 0.331225 0.86091 0.597181 0.762353 1.27781 0.00338913 0.000274987 0.000185571 4.30336e-05 4.80718e-07 8.7899e-08
threshold=24.000045776367191 30.000000000000004 19.999993324279789 0.70933333039283764 3.9999772310256962 0.00035516027128323918 0.0003888201317749918 0.0012995499419048431 2.0000710487365727 0.77866667509078991 10.000071048736574 0.842666655778885 0.00043318863026797777 0.0011602283339016142
decision_type=2 2 2 2 2 2 2 2 2 2 2 2 2 2
left_child=1 3 10 -1 8 -6 -7 -8 9 -5 11 -3 -2 -13
right_child=12 2 -4 4 5 6 7 -9 -10 -11 -12 13 -14 -15
leaf_value=0.023232195336141622 0.050441637186222327 -0.051427162419373854 0.055180197356311855 -0.053049019783287216 -0.033671662155199171 0.063554137155020549 -0.044076581746644861 0.043517745811159803 -0.0590027625738773 -0.050433755072381306 -0.052596332332603947 -0.050494089474005771 0.050339284225623837 -0.050561220514184706
leaf_weight=1.3385463189333675 0.17932217568159092 0.41567139513790585 0.25518488883972168 0.25875675305724177 0.72750824689865146 0.66334281861782107 0.82421778142452218 0.84134126361459494 0.29676385968923569 0.16435622191056609 0.34051144123077393 0.09934003371745348 0.31841904623433948 0.09577129315584898
leaf_count=16 21 16 3 5 7 4 4 20 4 20 8 11 48 9
internal_value=-6.91413e-05 -0.00404121 -0.0290628 0.00186085 -0.00571446 0.00587171 0.0182244 0.000170857 -0.0549063 -0.0520331 -0.051661 -0.0511396 0.0503762 -0.050527
internal_weight=6.81905 6.32131 1.20648 5.11483 3.77629 3.05641 2.3289 1.66556 0.719877 0.423113 0.951294 0.610783 0.497741 0.195111
internal_count=196 127 47 80 64 35 28 24 29 25 44 36 69 20
is_linear=0
shrinkage=0.05


Tree=86
num_leaves=15
num_cat=0
split_feature=4 5 4 0 4 3 3 3 4 0 4 0 3 3
split_gain=0.51857 0.355205 0.871689 0.298235 0.815456 0.543442 0.71954 1.17324 0.00290795 0.000235534 0.000159082 3.69346e-05 4.13282e-07 7.54963e-08
threshold=24.000045776367191 30.000000000000004 19.999993324279789 0.70933333039283764 3.9999772310256962 0.00035516027128323918 0.0003888201317749918 0.0012995499419048431 2.0000710487365727 0.77866667509078991 10.000071048736574 0.842666655778885 0.00043318863026797777 0.0011602283339016142
decision_type=2 2 2 2 2 2 2 2 2 2 2 2 2 2
left_child=1 3 10 -1 8 -6 -7 -8 9 -5 11 -3 -2 -13
right_child=12 2 -4 4 5 6 7 -9 -10 -11 -12 13 -14 -15
leaf_value=0.02194780749766748 0.050419916536770561 -0.051355776614456686 0.05490209289753939 -0.052892406834437133 -0.03180892459538151 0.062723768613403161 -0.042203788808522588 0.042415902906896931 -0.058532125249591775 -0.05041243848439985 -0.052464444160064717 -0.050469792071994646 0.050322630142280146 -0.050533565907160655
leaf_weight=1.3458416704088447 0.17064816039055575 0.39593460038304307 0.24393782764673233 0.24684742465615306 0.73150052875280414 0.63913172483444247 0.81791569292545296 0.8205723874270916 0.28450281918048859 0.15640491526573896 0.32469818741083145 0.094539509620517492 0.30298727657645941 0.091149072162806988
leaf_count=16 21 16 3 5 7 4 4 20 4 20 8 11 48 9
internal_value=-6.76418e-05 -0.00392414 -0.0289964 0.00179492 -0.0055417 0.00568494 0.0177268 0.00017466 -0.0546614 -0.0519305 -0.0515779 -0.0510829 0.0503577 -0.0505011
internal_weight=6.66661 6.19298 1.15026 5.04272 3.69688 3.00912 2.27762 1.63849 0.687755 0.403252 0.906321 0.581623 0.473635 0.185689
internal_count=196 127 47 80 64 35 28 24 29 25 44 36 69 20
is_linear=0
shrinkage=0.05


Tree=87
num_leaves=15
num_cat=0
split_feature=4 0 0 4 3 3 3 4 0 4 0 3 5 3
split_gain=0.492056 0.352119 1.27904 0.88309 0.84664 0.600118 0.722287 0.44718 0.0957374 0.00327634 0.000290705 3.55327e-07 2.29441e-07 6.48417e-08
threshold=24.000045776367191 0.37466666102409368 0.70933333039283764 3.9999772310256962 0.00035516027128323918 0.0003888201317749918 0.0012995499419048431 10.000003337860109 0.82666665315628063 2.0000710487365727 0.77866667509078991 0.00043318863026797777 30.000000000000004 0.0011602283339016142
decision_type=2 2 2 2 2 2 2 2 2 2 2 2 2 2
left_child=1 7 -3 9 -5 -6 -7 -1 -8 10 -4 -2 -12 -14
right_child=11 2 3 4 5 6 8 -9 -10 -11 12 -13 13 -15
leaf_value=-0.053441372460438133 0.050399273483982543 0.071549936908447478 -0.052744229243238849 -0.03564111782371867 0.061953976208273698 -0.021056165674964485 0.056828891317040456 0.010725689582171516 0.022054056563543215 -0.058087361488682258 -0.050392178970403302 0.05030679919554059 -0.050446699520112416 -0.050507283906899993
leaf_weight=0.70580632612109162 0.1623903615400194 0.58284685760736454 0.23545153066515911 0.98514181375503573 0.61532257497310672 1.1044470518827436 0.44348931219428767 0.44127092324197292 0.35743907000869513 0.27264711633324623 0.1488352632150054 0.2882988229393959 0.089968890883028507 0.08674765657633543
leaf_count=18 21 5 5 14 4 8 6 9 14 4 20 48 11 9
internal_value=-6.61715e-05 -0.00380913 0.00200456 -0.00733624 0.00366266 0.0190234 0.00515939 -0.0287568 0.0413095 -0.0535911 -0.0514059 0.0503401 -0.0504379 -0.0504764
internal_weight=6.5201 6.06941 4.92234 4.33949 3.50584 2.5207 1.90538 1.14708 0.800928 0.83365 0.561003 0.450689 0.325552 0.176717
internal_count=196 127 100 95 46 32 28 27 20 49 45 69 40 20
is_linear=0
shrinkage=0.05


Tree=88
num_leaves=15
num_cat=0
split_feature=4 0 0 3 0 4 3 3 0 4 3 3 4 0
split_gain=0.472586 0.737366 2.08006 1.13978 0.451466 0.345931 0.554651 0.0301238 0.00923357 0.00843769 0.00245542 0.000446194 9.81596e-05 0.00017597
threshold=12.99998188018799 0.37466666102409368 0.54933331906795513 4.0003957748413095 0.90266665816307079 19.999984741210941 0.00040733325295150285 0.00035516027128323918 0.15599999576807025 19.999993324279789 1.0002148674102502 1.0002148674102502 6.0000686645507821 0.77866667509078991
decision_type=2 2 2 2 2 2 2 2 2 2 2 2 2 2
left_child=1 11 -3 10 8 -6 7 -7 -2 -8 12 -1 13 -4
right_child=4 2 3 -5 5 6 9 -9 -10 -11 -12 -13 -14 -15
leaf_value=-0.051976597796685946 0.064563871272402457 0.092295031066094768 -0.052325981694682389 0.035514581973994624 -0.029791832161483758 -0.0082976705752115121 0.066392891708031518 0.0051963420751216169 0.050526284757428812 0.053255743450383357 -0.0565702323531629 -0.054273113818427227 -0.052610953786042275 -0.050413564699111652
leaf_weight=0.36408434808254275 0.17468982934951816 0.48572044074535403 0.23672532290220238 0.52564966212958086 0.57363248057663474 0.69039610307663712 0.18594409525394429 1.0315368566662071 0.35562214581295848 0.35667791916057467 0.42329896613955498 0.50470511056482792 0.22946467995643616 0.24454528838396072
leaf_count=13 1 2 6 11 9 19 1 7 47 23 10 10 5 32
internal_value=-6.61673e-05 -0.0144489 0.00128836 -0.0253455 0.0128037 0.00489132 0.0136769 -0.000213981 0.0551504 0.0577575 -0.0535555 -0.0533107 -0.05176 -0.0513542
internal_weight=6.38269 3.01419 2.1454 1.65968 3.3685 2.83819 2.26455 1.72193 0.530312 0.542622 1.13403 0.868789 0.710735 0.481271
internal_count=196 89 66 64 107 59 50 26 48 24 53 23 43 38
is_linear=0
shrinkage=0.05


Tree=89
num_leaves=15
num_cat=0
split_feature=4 4 4 3 3 3 4 0 3 4 4 5 3 3
split_gain=0.451489 0.426948 0.47434 0.32275 0.871187 0.884048 0.614159 0.316851 0.761592 0.228908 0.0203109 2.11891e-05 4.12222e-07 3.00496e-08
threshold=24.000045776367191 -1.9999143481254575 -3.4944745493703515e-05 0.00035516027128323918 0.0003888201317749918 0.00040733325295150285 19.999970436096195 0.37466666102409368 0.0012995499419048431 3.9999772310256962 14.000003814697267 30.000000000000004 0.00043318863026797777 -11.998832225799559
decision_type=2 2 2 2 2 2 2 2 2 2 2 2 2 2
left_child=1 11 -3 10 -5 -6 7 -7 -9 -10 -4 -1 13 -2
right_child=12 2 3 4 5 6 -8 8 9 -11 -12 -13 -14 -15
leaf_value=-0.051483104701498229 0.050355294415062424 0.056909906278805461 -0.01712432841543907 0.059039003608103158 -0.072702771742860162 -0.040504386944228039 0.058797993009978879 -0.059277594384180912 -0.0018059473666978843 0.040388891352582605 -0.029544738807871809 -0.050757903538145611 0.050277046652410499 0.050399741830310256
leaf_weight=0.27891562692821015 0.067965663503855467 0.34498458402231325 0.55614087637513854 0.60155133996158872 0.43610528809949789 0.52292102761566717 0.43021804094314564 0.36979779507964838 0.56982791423797585 0.73734668083488941 0.80645245686173439 0.15765980165451765 0.26066598435863853 0.086324475239962228
leaf_count=15 10 6 13 5 3 12 7 19 7 17 10 13 48 11
internal_value=-7.14755e-05 -0.00366897 0.000193137 -0.00369653 0.00402291 -0.00677052 0.00416187 -0.00652294 0.0040733 0.0219952 -0.0244754 -0.0512212 0.0503154 0.0503802
internal_weight=6.22688 5.81192 5.37535 5.03036 3.66777 3.06622 2.63011 2.19989 1.67697 1.30717 1.36259 0.436575 0.414956 0.15429
internal_count=196 127 99 93 70 65 62 55 43 24 23 28 69 21
is_linear=0
shrinkage=0.05


Tree=90
num_leaves=15
num_cat=0
split_feature=4 4 0 4 3 3 3 0 4 0 5 3 0 3
split_gain=0.465931 0.369009 0.27877 0.727722 0.680601 0.547372 0.636971 0.0932561 0.00207732 0.000160193 1.81973e-05 3.54456e-07 7.88678e-08 2.58259e-08
threshold=-1.9999143481254575 24.000045776367191 0.54933331906795513 3.9999772310256962 0.00035516027128323918 0.0003888201317749918 0.0012995499419048431 0.82666665315628063 2.0000710487365727 0.842666655778885 30.000000000000004 0.00043318863026797777 0.97999998927116405 -11.998832225799559
decision_type=2 2 2 2 2 2 2 2 2 2 2 2 2 2
left_child=10 2 -2 8 -5 -6 -7 -8 9 -4 -1 13 -11 -3
right_child=1 11 3 4 5 6 7 -9 -10 12 -12 -13 -14 -15
leaf_value=-0.051409272438104642 0.020480419209409316 0.050337852389188364 -0.052388209414347166 -0.032004957820867326 0.060543078285728948 -0.020940859595096312 0.055998496687726974 0.020472430949508003 -0.057273313054120194 -0.05043931976424966 -0.050720533133430716 0.050263463546681854 -0.050372420258873153 0.050380093509910809
leaf_weight=0.26568417437374581 1.2817465793341396 0.064672776497900486 0.24078107252717051 0.96853909082710776 0.56801047176122699 1.0460733771324155 0.4001067392528056 0.34315311955288053 0.25497062504291534 0.096725677140057087 0.15007834881544113 0.24801847478374839 0.080903184600174427 0.08214559732004989
leaf_count=15 19 10 6 14 4 8 6 14 4 12 13 48 12 11
internal_value=-6.81195e-05 0.00367447 0.000188499 -0.00631497 0.00328211 0.0177802 0.00420541 0.0395966 -0.0537158 -0.0515479 -0.0511607 0.0502999 -0.0504088 0.0503615
internal_weight=6.09161 5.67585 5.28101 3.99926 3.32588 2.35734 1.78933 0.74326 0.673381 0.41841 0.415763 0.394837 0.177629 0.146818
internal_count=196 168 99 80 46 32 28 20 34 30 28 69 24 21
is_linear=0
shrinkage=0.05


Tree=91
num_leaves=15
num_cat=0
split_feature=4 4 0 4 3 0 3 4 0 5 3 0 3 4
split_gain=0.441788 0.351841 0.251818 0.691322 0.620659 0.148637 0.18753 0.00178239 0.000137414 1.56294e-05 3.04801e-07 6.77778e-08 2.22012e-08 6.51099e-09
threshold=-1.9999143481254575 24.000045776367191 0.54933331906795513 3.9999772310256962 0.00035516027128323918 0.97999998927116405 4.0003957748413095 2.0000710487365727 0.842666655778885 30.000000000000004 0.00043318863026797777 0.97999998927116405 -11.998832225799559 34.000040054321296
decision_type=2 2 2 2 2 2 2 2 2 2 2 2 2 2
left_child=9 2 -2 7 -5 6 -6 8 -4 -1 12 -10 -3 -12
right_child=1 10 3 4 5 -7 -8 -9 11 -11 13 -13 -14 -15
leaf_value=-0.051339183033375507 0.019377928113776165 0.05032127033567535 -0.052267309197939482 -0.030486716208448159 0.0076144139650799608 0.0074979145330794188 0.054637188690967203 -0.056895967039160805 -0.050417729770610015 -0.05068502782266944 0.050240872093280542 -0.050354154057036839 0.050361419757976658 0.05025767727971886
leaf_weight=0.25306292437016953 1.2868036925792692 0.061538407579064369 0.22955445386469397 0.96600131504237685 0.38181966170668613 1.4562623873353004 0.47680041799321771 0.24410337954759598 0.092046716250479221 0.14285642933100462 0.10008566500619054 0.076984703540802002 0.07816755212843407 0.13589590229094028
leaf_count=15 19 10 6 14 5 9 18 4 12 13 21 12 11 27
internal_value=-6.39421e-05 0.00355353 0.000183999 -0.00611098 0.00317813 0.0172265 0.0337266 -0.0535313 -0.0514707 -0.0511031 0.0502852 -0.0503888 0.0503437 0.0502505
internal_weight=5.98198 5.58606 5.21038 3.92357 3.28088 2.31488 0.85862 0.642689 0.398586 0.395919 0.375688 0.169031 0.139706 0.235982
internal_count=196 168 99 80 46 32 23 34 30 28 69 24 21 48
is_linear=0
shrinkage=0.05


Tree=92
num_leaves=15
num_cat=0
split_feature=4 4 4 0 0 0 3 4 3 0 3 0 4 4
split_gain=0.418779 0.382909 0.481424 0.40526 0.395548 0.795577 0.295146 0.370236 0.0715131 0.00710562 0.00558274 0.000593349 0.000118379 1.71501e-05
threshold=-1.9999143481254575 -3.4944745493703515e-05 12.99998188018799 0.90266665816307079 0.37466666102409368 0.82666665315628063 0.00040733325295150285 19.999984741210941 0.00035516027128323918 0.15599999576807025 0.00043318863026797777 0.842666655778885 6.0000686645507821 15.999965190887453
decision_type=2 2 2 2 2 2 2 2 2 2 2 2 2 2
left_child=-1 -2 4 9 -3 -6 8 -8 -5 -4 -9 -7 -13 -11
right_child=1 2 3 6 5 11 7 10 -10 13 -12 12 -14 -15
leaf_value=-0.0510485328665286 0.054813579796828986 -0.053897910119512386 0.063346383340649043 -0.016115063553982872 0.024059727696525993 -0.054951757793406879 -0.012002796664666457 0.064140455989729769 0.0033652134245025682 0.051188547858473689 0.053103303100746346 -0.050348420070145054 -0.052294762095085691 0.050287405621955605
leaf_weight=0.37700288277119387 0.34008098253980268 0.58049224317073855 0.16629914939403567 0.91794460313394688 0.89088127482682444 0.20917621627449989 0.3187323361635207 0.18191134976223111 0.96787421777844429 0.06803983636200428 0.30949640180915594 0.12666065990924835 0.20386171340942383 0.23569493764080107
leaf_count=28 6 13 1 26 13 4 2 2 7 3 22 20 5 44
internal_value=-6.41937e-05 0.00341972 4.36581e-05 0.0121957 -0.0190871 -0.00496184 0.00472628 0.029967 -0.00611704 0.0550381 0.0571891 -0.0528678 -0.0515489 0.0504893
internal_weight=5.89415 5.51715 5.17706 3.16599 2.01107 1.43058 2.69596 0.81014 1.88582 0.470034 0.491408 0.539699 0.330522 0.303735
internal_count=196 168 162 107 55 42 59 26 33 48 24 29 25 47
is_linear=0
shrinkage=0.05


Tree=93
num_leaves=15
num_cat=0
split_feature=4 0 0 3 0 3 4 3 0 3 3 3 3 4
split_gain=0.380094 0.649672 1.72842 0.93657 0.38831 0.273704 0.353524 0.0643017 0.00599877 0.00469181 0.00184016 0.000326324 5.63452e-05 4.78281e-05
threshold=12.99998188018799 0.37466666102409368 0.54933331906795513 4.0003957748413095 0.90266665816307079 0.00040733325295150285 19.999984741210941 0.00035516027128323918 0.15599999576807025 0.00043318863026797777 1.0002148674102502 1.0002148674102502 0.00035516027128323918 1.0000000180025095e-35
decision_type=2 2 2 2 2 2 2 2 2 2 2 2 2 2
left_child=1 11 -3 10 8 7 -7 -6 -2 -8 12 -1 -4 -14
right_child=4 2 3 -5 5 6 9 -9 -10 -11 -12 -13 13 -15
leaf_value=-0.051739585092275775 0.062527159243573632 0.084371883410039095 -0.051912767322540035 0.034066363152248778 -0.015261438367547873 -0.011403913460524627 0.063274721907521578 0.0031992643892266681 0.050465182031694047 0.052948919721096346 -0.055990823625040834 -0.053853765132976628 -0.05033991016036389 -0.051858557558694375
leaf_weight=0.30406965594738755 0.1602084040641788 0.4741196036338805 0.37591766752302624 0.4475252153351903 0.92074990971013926 0.31869806349277485 0.17534664552658796 0.96719294181093574 0.28905586944893003 0.29523879336193204 0.37990846671164036 0.45657916273921728 0.1387268858961761 0.08278321847319603
leaf_count=13 1 2 15 11 26 2 2 7 47 22 10 10 23 5
internal_value=-6.83885e-05 -0.0139628 0.00167726 -0.0258392 0.0117512 0.00453287 0.0292584 -0.00580402 0.0547665 0.0567965 -0.0532701 -0.0530086 -0.05154 -0.0509075
internal_weight=5.78612 2.65963 1.89898 1.42486 3.12649 2.67723 0.789284 1.88794 0.449264 0.470585 0.977336 0.760649 0.597428 0.22151
internal_count=196 89 66 64 107 59 26 33 48 24 53 23 43 28
is_linear=0
shrinkage=0.05


Tree=94
num_leaves=15
num_cat=0
split_feature=4 4 4 4 0 0 3 0 4 5 3 0 3 4
split_gain=0.379379 0.318373 0.46341 0.292651 0.350202 0.738731 0.260265 0.000495956 9.55191e-05 9.8739e-06 4.48734e-07 4.81724e-08 1.8202e-08 3.88419e-09
threshold=-1.9999143481254575 24.000045776367191 -3.6210121834301383e-05 12.99998188018799 0.37466666102409368 0.82666665315628063 0.00040733325295150285 0.842666655778885 6.0000686645507821 30.000000000000004 0.00043318863026797777 0.97999998927116405 -11.998832225799559 34.000040054321296
decision_type=2 2 2 2 2 2 2 2 2 2 2 2 2 2
left_child=9 2 -2 4 -4 -6 -5 -7 11 -1 12 -9 -3 -12
right_child=1 10 3 6 5 7 -8 8 -10 -11 13 -13 -14 -15
leaf_value=-0.051149090502567551 0.059362750909066932 0.050311945777005145 -0.053511024583037581 -0.0035023680500704587 0.022857250284023248 -0.054502385040213791 0.030073317228427238 -0.050373036696061205 -0.052068288185920075 -0.050592903121092908 0.050206885882500378 -0.050314418193632575 0.05034906509260989 0.050220887166581019
leaf_weight=0.21839796192944039 0.3087479113601147 0.05874520936049521 0.52910183090716589 1.927650270983577 0.85883040167391278 0.1951378807425499 0.82384718395769585 0.081185426563024521 0.18529340997338295 0.12573872413486242 0.086071512196213007 0.061673409305512905 0.075435934588312992 0.11668834369629622
leaf_count=15 3 10 13 17 13 4 21 12 5 13 21 11 11 27
internal_value=-7.12495e-05 0.00322688 3.90858e-05 -0.00388911 -0.0189189 -0.00567643 0.00655079 -0.0525063 -0.0513193 -0.0509459 0.0502619 -0.0503477 0.0503328 0.0502149
internal_weight=5.65255 5.30841 4.97147 4.66272 1.91122 1.38212 2.7515 0.52329 0.328152 0.344137 0.336941 0.142859 0.134181 0.20276
internal_count=196 168 99 96 58 45 38 32 28 28 69 23 21 48
is_linear=0
shrinkage=0.05


Tree=95
num_leaves=15
num_cat=0
split_feature=4 4 4 0 0 0 4 0 0 4 0 4 4 5
split_gain=0.359683 0.371026 0.398966 0.372049 0.336331 0.693576 0.283745 2.36031 0.00505295 0.000437024 0.000425536 8.19263e-05 1.16248e-05 8.48415e-06
threshold=-1.9999143481254575 -3.6210121834301383e-05 12.99998188018799 0.90266665816307079 0.37466666102409368 0.82666665315628063 19.999993324279789 0.97999998927116405 0.15599999576807025 24.000045776367191 0.842666655778885 6.0000686645507821 15.999965190887453 30.000000000000004
decision_type=2 2 2 2 2 2 2 2 2 2 2 2 2 2
left_child=13 -2 4 8 -3 -6 -5 9 -4 -8 -7 -12 -10 -1
right_child=1 2 3 6 5 10 7 -9 12 -11 11 -13 -14 -15
leaf_value=-0.051092144576832567 0.056157508922726786 -0.053332703330925393 0.061809146750807967 0.012711058279313897 0.02178641441930863 -0.054271897682931683 0.053747037632246988 -0.15342548654447122 0.051041858409650857 0.050276920400848801 -0.050330675852706133 -0.051963604545156833 0.050250297640659983 -0.050563730292643876
leaf_weight=0.20797227509319771 0.31001684814691532 0.50493751745671023 0.15455500781536136 2.0513212140649562 0.85606418550014474 0.18638927489519119 0.19456000626087178 0.22636659629642963 0.059985682368278503 0.17001762194558978 0.1359364134259522 0.17660265415906906 0.2045346254017204 0.11967364139854908
leaf_count=15 3 13 1 18 13 4 3 5 3 33 23 5 44 13
internal_value=-7.89634e-05 0.003104 -0.000238116 0.0108585 -0.0185026 -0.00552314 0.00391673 -0.0266107 0.0546265 0.0521288 -0.052381 -0.0512534 0.0504298 -0.0508991
internal_weight=5.55893 5.23129 4.92127 3.06134 1.85993 1.35499 2.64227 0.590944 0.419075 0.364578 0.498928 0.312539 0.26452 0.327646
internal_count=196 168 165 107 58 45 59 41 48 36 32 28 47 28
is_linear=0
shrinkage=0.05


Tree=96
num_leaves=15
num_cat=0
split_feature=4 4 4 4 3 0 0 3 3 3 4 4 5 4
split_gain=0.341246 0.333295 0.39164 0.195884 0.485687 0.432707 0.398535 0.320937 0.0243524 0.0047287 0.000366699 5.49664e-05 7.2905e-06 1.93759e-06
threshold=-1.9999143481254575 -3.6210121834301383e-05 2.0000710487365727 19.999970436096195 0.00040733325295150285 0.82666665315628063 0.37466666102409368 0.0012995499419048431 0.00038078818761277949 0.00043318863026797777 24.000045776367191 1.3792829577141676e-05 30.000000000000004 -6.0427669268392484e-06
decision_type=2 2 2 2 2 2 2 2 2 2 2 2 2 2
left_child=12 -2 11 5 8 6 -4 -7 -5 -6 -11 13 -1 -3
right_child=1 2 3 4 9 7 -8 -9 -10 10 -12 -13 -14 -15
leaf_value=-0.051038061785788062 0.053176697610436453 -0.050306967418740446 -0.016977156369941845 0.0068827035794277337 0.061896856019675789 -0.056454534015052696 0.038038109305151446 0.003474459094684581 -0.0051162684798705081 0.053273215405590192 0.050199939798076576 -0.051707723837796954 -0.050536007389485327 -0.050640440912710166
leaf_weight=0.19803368858993042 0.31099826004356135 0.097159731667488813 0.63001747243106387 0.84650681097991787 0.16539748152717937 0.5638363230973481 0.68939354596659541 0.3700034492649138 0.84492111206054688 0.20303428685292602 0.18596076755784452 0.17496736627072096 0.11389796435832977 0.078958246856927761
leaf_count=15 3 18 13 24 2 13 8 14 5 6 48 7 13 7
internal_value=-7.0258e-05 0.00299907 -0.000218381 0.00375061 0.0142008 -0.00666514 0.0117684 -0.0327096 0.000888842 0.0548151 0.051804 -0.05108 -0.0508547 -0.0504565
internal_weight=5.47309 5.16115 4.85016 4.49907 2.24582 2.25325 1.31941 0.93384 1.69143 0.554393 0.388995 0.351085 0.311932 0.176118
internal_count=196 168 165 133 85 48 21 27 29 56 54 32 28 25
is_linear=0
shrinkage=0.05


Tree=97
num_leaves=15
num_cat=0
split_feature=4 4 4 4 3 0 0 3 3 3 4 4 5 4
split_gain=0.323669 0.299765 0.37129 0.179577 0.465395 0.401264 0.36489 0.310377 0.0220281 0.00400066 0.000314254 4.7181e-05 6.26533e-06 1.6657e-06
threshold=-1.9999143481254575 -3.6210121834301383e-05 2.0000710487365727 19.999970436096195 0.00040733325295150285 0.82666665315628063 0.37466666102409368 0.0012995499419048431 0.00038078818761277949 0.00043318863026797777 24.000045776367191 1.3792829577141676e-05 30.000000000000004 -6.0427669268392484e-06
decision_type=2 2 2 2 2 2 2 2 2 2 2 2 2 2
left_child=12 -2 11 5 8 6 -4 -7 -5 -6 -11 13 -1 -3
right_child=1 2 3 4 9 7 -8 -9 -10 10 -12 -13 -14 -15
leaf_value=-0.050986696206286146 0.05039309002456685 -0.05029192702826224 -0.016225601616674492 0.0065636586290891185 0.061192501808904155 -0.056169163239161768 0.036681017512313063 0.0033006074432670833 -0.0048570851805094656 0.053104915294967914 0.050190154066383885 -0.051622040150343163 -0.050509657602561146 -0.050608872281829198
leaf_weight=0.18856046348810185 0.31174776796251524 0.092448137467727065 0.62633608281612418 0.84335349826142214 0.15909582516178478 0.53899386338889588 0.67941375588998199 0.37001750990748405 0.8454916924238205 0.19372879387810826 0.17692497558891773 0.1667033894918859 0.10839819069951773 0.075153077021241077
leaf_count=15 3 18 13 24 2 13 8 14 5 6 48 7 13 7
internal_value=-7.44264e-05 0.00289189 -0.000214119 0.00361747 0.0136718 -0.00645426 0.011303 -0.0319617 0.000846057 0.0545603 0.0517136 -0.0510264 -0.0508126 -0.050434
internal_weight=5.37637 5.07941 4.76766 4.43336 2.21859 2.21476 1.30575 0.909011 1.68885 0.52975 0.370654 0.334305 0.296959 0.167601
internal_count=196 168 165 133 85 48 21 27 29 56 54 32 28 25
is_linear=0
shrinkage=0.05


Tree=98
num_leaves=15
num_cat=0
split_feature=4 4 4 0 4 0 0 0 0 0 4 4 4 5
split_gain=0.307024 0.26979 0.367831 0.353804 0.311886 1.98978 0.303108 0.596721 0.00455251 0.000390983 0.000278466 5.04509e-05 1.13024e-05 5.38473e-06
threshold=-1.9999143481254575 -3.6210121834301383e-05 12.99998188018799 0.90266665816307079 19.999993324279789 0.97999998927116405 0.37466666102409368 0.82666665315628063 0.15599999576807025 0.842666655778885 24.000045776367191 6.0000686645507821 15.999965190887453 30.000000000000004
decision_type=2 2 2 2 2 2 2 2 2 2 2 2 2 2
left_child=13 -2 6 8 -5 10 -3 -8 -4 -9 -6 -11 -10 -1
right_child=1 2 3 4 5 -7 7 9 12 11 -12 -13 -14 -15
leaf_value=-0.050937906412200529 0.047784608738730416 -0.053075536196876244 0.061476113824982082 0.012991012298759867 0.053192618015733384 -0.13815572892518729 0.019521524913192125 -0.054080359786284365 0.051023437767259719 -0.050284307649314353 0.050256596240459334 -0.05166623128491471 0.050226917278918121 -0.050484611976231233
leaf_weight=0.17953172884881485 0.31231183279305685 0.46429084707051504 0.15182809531688723 2.0012397896498446 0.16924602165818203 0.24015881307423115 0.81904121488332726 0.1790270060300827 0.058967633172869682 0.1170693882741034 0.15446720249019563 0.15153343230485916 0.18198130815289915 0.10316141275689006
leaf_count=15 3 13 1 18 3 5 13 4 3 23 33 5 44 13
internal_value=-7.82203e-05 0.0027873 -0.000209853 0.0105032 0.00373646 -0.0291089 -0.0185165 -0.00584905 0.0546949 -0.0522703 0.0517916 -0.0510639 0.0504219 -0.0507725
internal_weight=5.28386 5.00116 4.68885 2.95789 2.56511 0.563872 1.73096 1.26667 0.392777 0.44763 0.323713 0.268603 0.240949 0.282693
internal_count=196 168 165 107 59 41 58 45 48 32 36 28 47 28
is_linear=0
shrinkage=0.05


Tree=99
num_leaves=15
num_cat=0
split_feature=4 4 4 4 3 0 0 3 3 3 4 4 5 4
split_gain=0.291355 0.242845 0.346376 0.161324 0.431026 0.36845 0.315046 0.302616 0.0270966 0.00326151 0.000231266 4.37741e-05 4.62822e-06 1.21879e-06
threshold=-1.9999143481254575 -3.6210121834301383e-05 2.0000710487365727 19.999970436096195 0.00040733325295150285 0.82666665315628063 0.37466666102409368 0.0012995499419048431 0.00038078818761277949 0.00043318863026797777 24.000045776367191 1.3792829577141676e-05 30.000000000000004 -6.0427669268392484e-06
decision_type=2 2 2 2 2 2 2 2 2 2 2 2 2 2
left_child=12 -2 11 5 8 6 -4 -7 -5 -6 -11 13 -1 -3
right_child=1 2 3 4 9 7 -8 -9 -10 10 -12 -13 -14 -15
leaf_value=-0.050891560502234645 0.045333146284053619 -0.050264031496430044 -0.01543511915647321 0.0074001321049578439 0.060344136297615363 -0.056002923082772604 0.034633759923419265 0.003930649656710407 -0.0052692224647142199 0.05279374151306563 0.050178854835556314 -0.051575364487984436 -0.050460806666896077 -0.050549055325474025
leaf_weight=0.17092746123671521 0.31272908486425866 0.08369523286819458 0.59551665931940101 0.84354777960106753 0.15254324814304698 0.51158015243709076 0.66503475187346339 0.35800591763108969 0.84458401799201965 0.17630055733025074 0.16248744260519743 0.16109345480799675 0.098175298888236284 0.067962650209665187
leaf_count=15 3 18 13 24 2 13 8 14 5 6 48 7 13 7
internal_value=-7.11713e-05 0.00269142 -0.00019354 0.00349363 0.0130574 -0.00629161 0.0109799 -0.0313285 0.00106157 0.0542731 0.0515396 -0.0510014 -0.0507344 -0.0503918
internal_weight=5.20418 4.93508 4.62235 4.3096 2.17946 2.13014 1.26055 0.869586 1.68813 0.491331 0.338788 0.312751 0.269103 0.151658
internal_count=196 168 165 133 85 48 21 27 29 56 54 32 28 25
is_linear=0
shrinkage=0.05


Tree=100
num_leaves=15
num_cat=0
split_feature=4 0 0 3 0 4 0 0 3 4 4 3 4 4
split_gain=0.278085 0.478798 1.30031 0.780183 0.337492 0.308264 1.70549 0.00396363 0.00199339 0.000205756 0.00013891 0.00012691 3.67715e-05 1.02547e-05
threshold=12.99998188018799 0.37466666102409368 0.54933331906795513 4.0003957748413095 0.90266665816307079 19.999993324279789 0.97999998927116405 0.15599999576807025 1.0002148674102502 24.000045776367191 7.9999883174896249 -2.0016093254089351 1.3792829577141676e-05 15.999965190887453
decision_type=2 2 2 2 2 2 2 2 2 2 2 2 2 2
left_child=1 10 -3 8 7 -6 9 -2 11 -7 -1 -4 -13 -9
right_child=4 2 3 -5 5 6 -8 13 -10 -11 -12 12 -14 -15
leaf_value=-0.051494558577594822 0.060959724691210762 0.074417755359842797 -0.052799867873234665 0.033131947880658867 0.012802203222056259 0.05287156273374382 -0.12496994473058037 0.05098765740800576 -0.056490491848828497 0.050241086127600233 -0.053049889627832893 -0.050374621835319225 -0.051437138293090705 0.050211184122336307
leaf_weight=0.25792517699301276 0.1474632024765018 0.43598294258117665 0.13738137297332287 0.3777003581635654 1.9749342910945418 0.15408049151301373 0.25293795624747872 0.056985877454280853 0.35188868455588818 0.1436459410469979 0.32376008480787277 0.13935618288814999 0.19589617662131786 0.1675254781730473
leaf_count=15 1 2 8 11 18 3 5 3 10 33 8 27 8 44
internal_value=-7.48376e-05 -0.0133911 0.000445844 -0.0263799 0.010127 0.00357827 -0.029503 0.0545912 -0.0536413 0.0516024 -0.0523602 -0.05152 -0.0509955 0.0504083
internal_weight=5.11746 2.21989 1.63821 1.20222 2.89757 2.5256 0.550664 0.371975 0.824522 0.297726 0.581685 0.472634 0.335252 0.224511
internal_count=196 89 66 64 107 59 41 48 53 36 23 43 35 47
is_linear=0
shrinkage=0.05


Tree=101
num_leaves=15
num_cat=0
split_feature=4 0 0 4 4 3 4 3 3 4 0 4 3 4
split_gain=0.264449 0.220022 0.707662 0.781326 0.652182 0.336104 0.682429 0.305623 0.441157 0.0879645 0.00270527 0.00172631 0.00153234 0.000302504
threshold=-1.9999143481254575 0.54933331906795513 0.37466666102409368 12.99998188018799 3.9999772310256962 0.0012995499419048431 19.999984741210941 0.0003888201317749918 0.00035516027128323918 6.0000686645507821 0.15599999576807025 2.0000710487365727 4.0003957748413095 10.000071048736574
decision_type=2 2 2 2 2 2 2 2 2 2 2 2 2 2
left_child=-1 2 3 -2 11 6 -6 8 -8 -7 -5 -3 -11 -14
right_child=1 4 -4 10 5 9 7 -9 -10 12 -12 -13 13 -15
leaf_value=-0.050663142410972174 -0.052737254437960041 -0.051674981241504492 0.072528887372067752 0.060311578799079481 -0.055842281824246748 0.015813436213305245 -0.00049066662496261135 -0.014776792323554883 0.059376395038383857 0.059012940317973939 0.050461495052149342 -0.0574067016088761 0.053990215741204543 0.050299482074467938
leaf_weight=0.24561507208272804 0.4151904499158261 0.31759294355288181 0.4273039533291012 0.14174044132232666 0.485840870067478 0.24319837242364872 0.71300662541762017 0.76344982790760685 0.5413643354550004 0.13444140483625233 0.13715965673327446 0.22403670288622379 0.11801441013813019 0.1048419454600662
leaf_count=28 13 30 3 1 13 3 19 21 5 2 31 4 2 21
internal_value=-6.8502e-05 0.00253824 0.0219064 -0.00925835 -0.00341915 0.00541445 -0.00264308 0.010166 0.0253469 0.0390089 0.0554674 -0.0540458 0.0547972 0.0522539
internal_weight=5.0128 4.76718 1.12139 0.694091 3.64579 3.10416 2.50366 2.01782 1.25437 0.600496 0.2789 0.54163 0.357298 0.222856
internal_count=196 168 48 45 120 86 58 45 24 28 32 34 25 23
is_linear=0
shrinkage=0.05


Tree=102
num_leaves=15
num_cat=0
split_feature=4 0 0 4 4 3 4 4 3 3 0 4 0 3
split_gain=0.251107 0.206731 0.656679 0.740328 0.617499 0.312885 0.643567 0.460932 0.970089 0.0896663 0.00229017 0.00147853 0.000528121 0.000138361
threshold=-1.9999143481254575 0.54933331906795513 0.37466666102409368 12.99998188018799 3.9999772310256962 0.0012995499419048431 19.999984741210941 19.999993324279789 0.00035516027128323918 4.0003957748413095 0.15599999576807025 2.0000710487365727 0.71866667270660411 -0.0015406648744828997
decision_type=2 2 2 2 2 2 2 2 2 2 2 2 2 2
left_child=-1 2 3 -2 11 6 -6 -8 -9 -7 -5 13 -11 -3
right_child=1 4 -4 10 5 9 7 8 -10 12 -12 -13 -14 -15
leaf_value=-0.050630566173150926 -0.052599367043979765 -0.053180313098942555 0.07097440443639999 0.059708058155257183 -0.055580821878940805 0.012605820514053546 0.024306910854092294 -0.085191070416249556 0.051993973409619525 0.054632978626212851 0.050439059042214879 -0.057020994659314234 0.050699830082814257 -0.050873533183385257
leaf_weight=0.23378281434997905 0.39595053903758504 0.094552092486992478 0.41513809375464916 0.1361558586359024 0.46426528692245561 0.21610187715850759 1.4621826782822607 0.31978988321498025 0.21584531548433006 0.23283139616250992 0.13052687444724143 0.21451534889638424 0.13473830535076559 0.20801153779029879
leaf_count=28 13 3 3 1 13 3 9 17 19 3 31 4 22 27
internal_value=-6.90151e-05 0.00247816 0.0216657 -0.00922606 -0.00332615 0.00525057 -0.00255218 0.00977094 -0.0299095 0.0381647 0.0551714 -0.0538457 0.0531912 -0.0515944
internal_weight=4.87439 4.64061 1.07777 0.662633 3.56283 3.04575 2.46208 1.99782 0.535635 0.583672 0.266683 0.517079 0.36757 0.302564
internal_count=196 168 48 45 120 86 58 45 36 28 32 34 25 30
is_linear=0
shrinkage=0.05


Tree=103
num_leaves=15
num_cat=0
split_feature=4 3 3 4 3 4 0 0 3 4 3 4 5 3
split_gain=0.238462 0.219513 0.844118 0.520203 0.505812 0.977073 0.19535 0.166357 0.474924 0.1752 0.00256361 0.000150804 2.50619e-06 8.0922e-08
threshold=-1.9999143481254575 0.0003888201317749918 0.00040733325295150285 19.999970436096195 0.00035516027128323918 19.999993324279789 0.97333332896232616 0.37466666102409368 0.0012995499419048431 3.9999772310256962 0.00043318863026797777 24.000045776367191 30.000000000000004 0.0011645684135146441
decision_type=2 2 2 2 2 2 2 2 2 2 2 2 2 2
left_child=12 4 -3 7 5 6 -2 -4 -9 -10 -5 -12 -1 -13
right_child=1 2 3 10 -6 -7 -8 8 9 -11 11 13 -14 -15
leaf_value=-0.050728116945907467 0.00499357636325597 -0.071708772769479096 -0.038026873471428836 0.059491620214476598 0.057283080616902182 -0.07456872907214708 0.046240191690479285 -0.057585147350516112 -0.005659742224771191 0.036575117623854382 0.052434166922657982 0.050220705138915182 -0.050380501839097792 0.050135340854939481
leaf_weight=0.14024929795414198 0.7238640687428417 0.42542436765506897 0.34842358995229039 0.14500505151227105 0.51685552019625891 0.34095360618084658 0.47571890614926815 0.27131837606430032 0.45568688865751028 0.53245843388140202 0.15424017328768969 0.038502033799886703 0.082264451310038567 0.09952690196223557
leaf_count=15 18 3 12 2 6 20 6 22 8 17 6 11 13 37
internal_value=-6.55547e-05 0.00241779 -0.00762852 0.00570114 0.0144817 0.000121728 0.0213508 -0.00744935 0.00100976 0.0170984 0.0540564 0.0513598 -0.0505996 0.0501592
internal_weight=4.75049 4.52798 2.47059 2.04516 2.05739 1.54054 1.19958 1.60789 1.25946 0.988145 0.437274 0.292269 0.222514 0.138029
internal_count=196 168 118 115 50 44 24 59 47 25 56 54 28 48
is_linear=0
shrinkage=0.05


Tree=104
num_leaves=15
num_cat=0
split_feature=4 0 0 4 4 3 4 3 3 3 0 3 4 3
split_gain=0.226436 0.208181 0.596801 0.691209 0.572192 0.277032 0.181006 0.0273847 0.0224174 0.0150252 0.00190102 0.00179306 0.001229 0.000119002
threshold=-1.9999143481254575 0.54933331906795513 0.37466666102409368 12.99998188018799 3.9999772310256962 0.00040733325295150285 19.999970436096195 0.00035516027128323918 -1.0000000180025095e-35 -5.9985215663909903 0.15599999576807025 0.00043318863026797777 2.0000710487365727 -0.0015406648744828997
decision_type=2 2 2 2 2 2 2 2 2 2 2 2 2 2
left_child=-1 2 3 -2 12 7 -7 8 9 -6 -5 -8 13 -3
right_child=1 4 -4 10 5 6 11 -9 -10 -11 -12 -13 -14 -15
leaf_value=-0.050570113904948311 -0.052388377270961642 -0.053033474138427739 0.069538721290482705 0.059099816986728775 -0.029727712299780076 0.010631347364648049 0.058950722649085657 -0.00044058165309290615 -0.0067586825687344617 -0.0081423358119938338 0.050441217440638245 0.051651389712374145 -0.056621174648368272 -0.05083802511153921
leaf_weight=0.21178193343803275 0.36783232260495402 0.090608465718105435 0.40273861517198384 0.13026578724384308 0.23858861811459064 0.70491842506453373 0.13916652975603938 0.90089933015406132 0.6213919520378115 0.1217639003880322 0.12348209088668227 0.2127544570248574 0.20443694666028023 0.19361252174712751
leaf_count=28 13 3 3 1 16 19 2 7 3 11 31 28 4 27
internal_value=-5.65963e-05 0.00234609 0.022125 -0.00859562 -0.0035638 0.00476492 0.025252 -0.00673566 -0.0125123 -0.022434 0.0548863 0.0545379 -0.0536646 -0.0515379
internal_weight=4.66424 4.45246 1.02432 0.62158 3.42814 2.93948 1.05684 1.88264 0.981744 0.360353 0.253748 0.351921 0.488658 0.284221
internal_count=196 168 48 45 120 86 49 37 30 27 32 30 34 30
is_linear=0
shrinkage=0.05


Tree=105
num_leaves=15
num_cat=0
split_feature=4 3 3 3 4 4 3 0 0 4 3 4 5 3
split_gain=0.214973 0.208945 0.778689 0.480036 0.849072 0.466784 0.313042 0.27777 0.182858 0.156037 0.00184882 0.000111135 1.8544e-06 5.96416e-08
threshold=-1.9999143481254575 0.0003888201317749918 0.00040733325295150285 0.00035516027128323918 19.999993324279789 19.999970436096195 0.0012995499419048431 0.37466666102409368 0.97333332896232616 3.9999772310256962 0.00043318863026797777 24.000045776367191 30.000000000000004 0.0011645684135146441
decision_type=2 2 2 2 2 2 2 2 2 2 2 2 2 2
left_child=12 3 -3 4 8 6 -4 -8 -2 -9 -7 -12 -1 -13
right_child=1 2 5 -5 -6 10 7 9 -10 -11 11 13 -14 -15
leaf_value=-0.050658230591602849 0.0044556512851823575 -0.0702074188289082 -0.057406787683513198 0.056752290965106922 -0.067656484135536585 0.058444714612936537 -0.036938645823796405 -0.0054121200437196792 0.044755759767263661 0.035153328481504105 0.052194973390327026 0.050199370916988575 -0.050344018998831501 0.05012228987090666
leaf_weight=0.12708877865225066 0.69901843508705519 0.41290274891071055 0.25724359764717508 0.49660036619752634 0.3543664626777171 0.1334963273257016 0.32434755470603682 0.43658376019448042 0.47122848778963089 0.51870786584913731 0.14027413888834417 0.034802514826878905 0.074473130516707897 0.089973459951579571
leaf_count=15 18 3 22 6 20 2 12 8 6 17 6 11 13 37
internal_value=-5.68656e-05 0.00227196 -0.0078717 0.0140573 0.000150584 0.00542695 -0.00707733 0.00304031 0.0206835 0.0166143 0.0536462 0.0512294 -0.0505421 0.0501438
internal_weight=4.57111 4.36955 2.34833 2.02121 1.52461 1.93543 1.53688 1.27964 1.17025 0.955292 0.398546 0.26505 0.201562 0.124776
internal_count=196 168 118 50 44 115 59 37 24 25 56 54 28 48
is_linear=0
shrinkage=0.05


Tree=106
num_leaves=15
num_cat=0
split_feature=4 0 0 4 4 3 4 4 3 4 0 0 4 3
split_gain=0.204149 0.208814 0.543112 0.646016 0.530739 0.249318 0.575299 0.372373 0.649498 0.105215 0.00158163 0.00105238 0.00102271 0.000192345
threshold=-1.9999143481254575 0.54933331906795513 0.37466666102409368 12.99998188018799 3.9999772310256962 0.0012995499419048431 19.999984741210941 19.999993324279789 0.00035516027128323918 6.0000686645507821 0.15599999576807025 0.97999998927116405 2.0000710487365727 6.0007662773132333
decision_type=2 2 2 2 2 2 2 2 2 2 2 2 2 2
left_child=-1 2 3 -2 12 6 -6 -8 -9 -7 -5 13 -3 -11
right_child=1 4 -4 10 5 9 7 8 -10 11 -12 -13 -14 -15
leaf_value=-0.050515494657505947 -0.052197957284366853 -0.05148245636780157 0.068229659311412241 0.058539465588659335 -0.054729086050886278 0.0095593465848046264 0.02301924488059931 -0.065328279525590283 0.051624690349578145 0.053912829518724704 0.050443690736885011 0.057901413808859242 -0.056246452608813717 0.0506202167575482
leaf_weight=0.19183018431067456 0.34187615755945433 0.26716422592289779 0.3902161882724613 0.1245957687497139 0.43427941389381963 0.23224563896656025 1.3556706830859182 0.35558016365393985 0.17820787336677313 0.071667867945507169 0.11696237325668335 0.11784101277589798 0.1947928462177515 0.11638368340209126
leaf_count=28 13 30 3 1 13 3 9 17 19 2 31 1 4 22
internal_value=-4.9108e-05 0.0022036 0.0225675 -0.00797254 -0.0037616 0.00426565 -0.00283626 0.00909096 -0.0262829 0.0349324 0.0546195 0.0541966 -0.0534913 0.0518751
internal_weight=4.48931 4.29748 0.97365 0.583434 3.32383 2.86188 2.32374 1.88946 0.533788 0.538138 0.241558 0.305893 0.461957 0.188052
internal_count=196 168 48 45 120 86 58 45 36 28 32 25 34 24
is_linear=0
shrinkage=0.05


Tree=107
num_leaves=15
num_cat=0
split_feature=4 3 4 3 4 0 4 0 3 4 3 4 5 3
split_gain=0.193894 0.20518 0.911112 0.736155 0.65196 0.696843 0.42422 0.128613 0.393305 0.133766 0.00147721 8.19048e-05 1.37228e-06 4.3938e-08
threshold=-1.9999143481254575 0.0003888201317749918 19.999993324279789 0.00040733325295150285 19.999984741210941 0.54933331906795513 19.999970436096195 0.37466666102409368 0.0012995499419048431 3.9999772310256962 0.00043318863026797777 24.000045776367191 30.000000000000004 0.0011645684135146441
decision_type=2 2 2 2 2 2 2 2 2 2 2 2 2 2
left_child=12 2 4 -3 5 -2 7 -5 -9 -10 -8 -12 -1 -13
right_child=1 3 -4 6 -6 -7 10 8 9 -11 11 13 -14 -15
leaf_value=-0.050595103471500626 0.043873130230128232 -0.069285211976066491 -0.055394663072306442 -0.035849308156490733 0.061471107477480115 -0.051528891493416586 0.05780043725125189 -0.056709174005054708 -0.0051700240372422861 0.033221003856119327 0.051979546554643166 0.050180105280735944 -0.050311057819828378 0.050110519557392347
leaf_weight=0.11514709051698435 0.39271845482289769 0.40437762835063074 0.382442439906299 0.30219116481021036 0.8228321447968483 0.37339992402121425 0.1257127453573047 0.23622181592509128 0.41809111973270774 0.49615446850657463 0.12750381277874112 0.031457393430173397 0.067416493315249681 0.08134832326322794
leaf_count=15 6 3 21 12 6 17 2 22 8 17 6 11 13 37
internal_value=-4.80516e-05 0.00214744 0.0138907 -0.0082664 0.0305669 -0.00262505 0.00530093 -0.00682065 0.000804251 0.0156645 0.0534087 0.0511113 -0.0504902 0.0501299
internal_weight=4.37702 4.19445 1.97139 2.22306 1.58895 0.766118 1.81868 1.45266 1.15047 0.914246 0.366022 0.24031 0.182564 0.112806
internal_count=196 168 50 118 29 23 115 59 47 25 56 54 28 48
is_linear=0
shrinkage=0.05


Tree=108
num_leaves=15
num_cat=0
split_feature=4 0 0 4 4 3 4 4 4 3 0 4 0 3
split_gain=0.184199 0.193169 0.495655 0.598891 0.48877 0.213421 0.513634 0.312393 0.57361 0.114894 0.00119436 0.000869158 0.000291678 7.39264e-05
threshold=-1.9999143481254575 0.54933331906795513 0.37466666102409368 12.99998188018799 3.9999772310256962 0.0012995499419048431 19.999984741210941 19.999993324279789 26.000002861022953 4.0003957748413095 0.15599999576807025 2.0000710487365727 0.71866667270660411 -0.0015406648744828997
decision_type=2 2 2 2 2 2 2 2 2 2 2 2 2 2
left_child=-1 2 3 -2 11 6 -6 -8 -9 -7 -5 13 -11 -3
right_child=1 4 -4 10 5 9 7 8 -10 12 -12 -13 -14 -15
leaf_value=-0.050466139849408231 -0.052037596017223978 -0.052613617557317194 0.066610225849551119 0.057708210946877163 -0.054292788582438883 0.0045704751561045946 0.02175615114169846 -0.059799656555040506 0.050347483793120699 0.053815903951986432 0.050446307911908551 -0.055895083408254713 0.050572719073370999 -0.050755261429426948
leaf_weight=0.17374059604480852 0.3206591005437075 0.079122316092252731 0.37406932120211422 0.1157306507229805 0.39633732102811414 0.20956577127799381 1.2963844835758207 0.35992613807320584 0.17599366884678602 0.19756943732500076 0.11085667042061687 0.18557043559849262 0.10680383164435625 0.16535938519518856
leaf_count=28 13 3 3 1 13 3 9 4 32 3 31 4 22 27
internal_value=-4.21352e-05 0.00209778 0.0222523 -0.00806841 -0.003755 0.00401629 -0.0026817 0.00848206 -0.0236278 0.0330614 0.0541554 -0.053315 0.0526779 -0.0513567
internal_weight=4.26769 4.09395 0.921316 0.547246 3.17263 2.74258 2.22864 1.8323 0.53592 0.513939 0.226587 0.430052 0.304373 0.244482
internal_count=196 168 48 45 120 86 58 45 36 28 32 34 25 30
is_linear=0
shrinkage=0.05


Tree=109
num_leaves=15
num_cat=0
split_feature=4 0 0 3 0 3 4 3 3 0 3 4 3 4
split_gain=0.175113 0.320165 0.871413 0.57503 0.243795 0.193618 1.00827 0.798791 0.178978 0.00125782 0.00111655 4.60059e-05 4.47244e-05 1.40329e-05
threshold=12.99998188018799 0.37466666102409368 0.54933331906795513 4.0003957748413095 0.90266665816307079 0.0003888201317749918 19.999993324279789 0.00040733325295150285 0.0011668260558508339 0.15599999576807025 1.0002148674102502 7.9999883174896249 -2.0016093254089351 1.3792829577141676e-05
decision_type=2 2 2 2 2 2 2 2 2 2 2 2 2 2
left_child=1 11 -3 10 9 6 -6 -7 -9 -2 12 -1 -4 -14
right_child=4 2 3 -5 5 7 -8 8 -10 -11 -12 -13 13 -15
leaf_value=-0.050988462634062398 0.0572759731748149 0.065625185280878726 -0.05200620404772989 0.032412656555526463 0.043567009226326281 -0.068473446273667721 -0.053539365106618775 0.054134193616498551 -0.0042046083176533484 0.050343267851628876 -0.055341386920445469 -0.052071015835186675 -0.050242261563954171 -0.051040191513631275
leaf_weight=0.17339022317901243 0.11089609563350711 0.35964925587177254 0.098374543478712329 0.28649609861895442 0.91993579361587785 0.3940066099166869 0.37680504284799099 0.26948201144114137 0.25670593930408359 0.15956863528117537 0.29472177289426327 0.22614268399775028 0.089219711488112918 0.14408650109544396
leaf_count=15 1 2 8 11 13 2 18 18 8 47 10 8 27 8
internal_value=-4.12894e-05 -0.0125541 -0.000294725 -0.0262648 0.00837006 0.00290257 0.01535 -0.0146384 0.025673 0.0531858 -0.053102 -0.0516012 -0.0511121 -0.0507351
internal_weight=4.15948 1.67208 1.27255 0.912899 2.4874 2.21694 1.29674 0.920195 0.526188 0.270465 0.626403 0.399533 0.331681 0.233306
internal_count=196 89 66 64 107 59 31 28 26 48 53 23 43 35
is_linear=0
shrinkage=0.05


Tree=110
num_leaves=15
num_cat=0
split_feature=4 4 3 4 3 0 0 3 4 0 0 3 0 0
split_gain=0.264721 0.435345 0.5422 0.770816 0.505531 0.462089 0.144082 0.152148 0.0847553 0.614429 0.0646123 0.0986252 0.000270835 0.000426543
threshold=24.000045776367191 19.999993324279789 0.0003888201317749918 19.999984741210941 0.00040733325295150285 0.54933331906795513 0.37466666102409368 4.0003957748413095 18.99996376037598 0.71333333849906932 0.71866667270660411 9.998624801635744 0.82666665315628063 0.842666655778885
decision_type=2 2 2 2 2 2 2 2 2 2 2 2 2 2
left_child=1 2 3 5 -4 -1 -6 8 9 -8 -9 -12 -11 -14
right_child=-2 -3 4 -5 6 -7 7 10 -10 12 11 -13 13 -15
leaf_value=0.024623293382953722 0.050275244635241079 -0.055415726729564831 -0.067181428788556166 0.060156940570491396 -0.035239564811367523 -0.051270118906933407 0.062739472748111688 0.053500662313295547 0.012941059085316651 -0.055493300669929135 -0.03256161161270614 0.05064108192308614 -0.054854938408915248 -0.050382725317605105
leaf_weight=0.43911115871742434 0.24555809120647598 0.36237808316946019 0.38297792151570309 0.75754953175783157 0.27818523021414865 0.36920054140500724 0.16182278096675851 0.18338938429951668 0.35312372446060181 0.15871017798781395 0.071963853668421507 0.070517441723495722 0.11425731144845486 0.099961112951859832
leaf_count=15 69 4 3 6 13 23 1 3 3 3 7 13 3 30
internal_value=-4.00895e-05 -0.0032888 0.00220115 0.0239199 -0.0159376 -0.0100414 -0.00278339 0.00465542 -0.00606929 -0.0186228 0.0338762 0.00861742 -0.0539279 -0.0527681
internal_weight=4.04871 3.80315 3.44077 1.56586 1.87491 0.808312 1.49193 1.21375 0.887875 0.534751 0.325871 0.142481 0.372929 0.214218
internal_count=196 127 123 44 79 38 76 63 40 37 23 20 36 33
is_linear=0
shrinkage=0.05


Tree=111
num_leaves=15
num_cat=0
split_feature=4 0 4 0 4 3 4 3 3 3 0 3 4 3
split_gain=0.166243 0.16229 0.422274 0.415738 0.52848 0.200383 0.157415 0.00934297 0.00451867 0.00678275 0.000800942 0.00075254 0.000550631 4.72348e-05
threshold=-1.9999143481254575 0.54933331906795513 3.9999772310256962 0.37466666102409368 12.99998188018799 0.00040733325295150285 19.999970436096195 0.00035516027128323918 -1.0000000180025095e-35 -11.998832225799559 0.15599999576807025 0.00043318863026797777 2.0000710487365727 -0.0015406648744828997
decision_type=2 2 2 2 2 2 2 2 2 2 2 2 2 2
left_child=-1 3 12 4 -2 7 -7 8 9 -4 -6 -8 13 -3
right_child=1 2 5 -5 10 6 11 -9 -10 -11 -12 -13 -14 -15
leaf_value=-0.050422275604402891 -0.051794031193696716 -0.05224141350741035 -0.0045419229812708262 0.064022951079135623 0.056703830440679559 0.0085279146621031025 0.056763049743863508 -0.0022695161454148508 -0.0070901256128056761 -0.0195856329256466 0.050428471511875739 0.051510677209440553 -0.055014356199112539 -0.050644687452195997
leaf_weight=0.157157413195819 0.28567121131345663 0.068691871361806989 0.11434455029666424 0.34048239164985716 0.10424808412790298 0.60306432284414757 0.11236513219773769 0.77135795168578625 0.58317151665687583 0.21734872972592711 0.099261392490006983 0.17348822916392237 0.16601911559700966 0.14219639077782664
leaf_count=28 13 3 11 3 1 19 2 7 3 16 31 28 4 27
internal_value=-3.35863e-05 0.00206043 -0.00343069 0.0215985 -0.00792999 0.00380404 0.023014 -0.00632279 -0.00974025 -0.0143996 0.053643 0.0535753 -0.0528604 -0.0511648
internal_weight=3.93887 3.78171 2.95205 0.829663 0.489181 2.57514 0.888918 1.68622 0.914865 0.331693 0.203509 0.285853 0.376907 0.210888
internal_count=196 168 120 48 45 86 49 37 30 27 32 30 34 30
is_linear=0
shrinkage=0.05


Tree=112
num_leaves=15
num_cat=0
split_feature=4 4 3 4 3 0 0 3 4 0 0 3 4 0
split_gain=0.247438 0.401415 0.515056 0.725578 0.470352 0.417892 0.126078 0.149056 0.0748008 0.551354 0.0581291 0.0887166 0.000659999 1.03558e-05
threshold=24.000045776367191 19.999993324279789 0.0003888201317749918 19.999984741210941 0.00040733325295150285 0.54933331906795513 0.37466666102409368 4.0003957748413095 18.99996376037598 0.71333333849906932 0.71866667270660411 9.998624801635744 2.0000710487365727 0.842666655778885
decision_type=2 2 2 2 2 2 2 2 2 2 2 2 2 2
left_child=1 2 3 5 -4 -1 -6 8 9 -8 -9 -12 13 -11
right_child=-2 -3 4 -5 6 -7 7 10 -10 12 11 -13 -14 -15
leaf_value=0.023261854166960153 0.050266178801669253 -0.053089465236123894 -0.066033762232326029 0.059641300628208875 -0.034169376513247279 -0.051166020940307269 0.061222744781868357 0.053290128281357513 0.011323669509081325 -0.051121279690259203 -0.030777631392401396 0.050606695208702882 -0.055168540301433061 -0.050134696414175076
leaf_weight=0.42056054249405972 0.22995785879902531 0.36313271149992932 0.36978668742813159 0.72939338535070419 0.2593927471898495 0.34193277638405561 0.14970749616622903 0.17372423410415649 0.3477129340171814 0.042905237525701523 0.06773334089666605 0.066227677976712584 0.23275673389434814 0.069983157678507268
leaf_count=15 69 4 3 6 13 23 1 3 3 2 7 13 5 29
internal_value=-3.27821e-05 -0.00321485 0.00232064 0.0239895 -0.0158416 -0.0101146 -0.00267953 0.00441865 -0.00645254 -0.0189306 0.034206 0.00945717 -0.0536469 -0.0505097
internal_weight=3.86491 3.63495 3.27182 1.49189 1.77993 0.762493 1.41014 1.15075 0.843066 0.495353 0.307685 0.133961 0.345645 0.112888
internal_count=196 127 123 44 79 38 76 63 40 37 23 20 36 31
is_linear=0
shrinkage=0.05


Tree=113
num_leaves=15
num_cat=0
split_feature=4 3 4 3 4 0 4 0 3 4 3 4 5 3
split_gain=0.156708 0.145743 0.695955 0.58186 0.512302 0.516202 0.35419 0.0995074 0.152671 0.0181833 0.000726214 7.59457e-05 6.75484e-07 1.67463e-08
threshold=-1.9999143481254575 0.0003888201317749918 19.999993324279789 0.00040733325295150285 19.999984741210941 0.54933331906795513 19.999970436096195 0.82666665315628063 0.0012995499419048431 3.9999772310256962 0.00043318863026797777 24.000045776367191 30.000000000000004 0.0011645684135146441
decision_type=2 2 2 2 2 2 2 2 2 2 2 2 2 2
left_child=12 2 4 -3 5 -2 7 9 -9 -5 -8 -12 -1 -13
right_child=1 3 -4 6 -6 -7 10 8 -10 -11 11 13 -14 -15
leaf_value=-0.050486873083425865 0.039117494494771698 -0.065010900412662262 -0.047036109993798356 -0.0034993349731184988 0.059103049987998792 -0.051175967531873805 0.056330131127941968 -0.056657228259925599 -6.6415421897742592e-05 0.012352602725895744 0.05203717654643486 0.050132596707322209 -0.050266977705279783 0.050082659237091071
leaf_weight=0.09198447456583414 0.34025952965021156 0.35714500152971584 0.38080531870946277 0.3265232006087897 0.69997869431972504 0.29597338335588574 0.10647469968534995 0.20553173869848251 0.28367051435634494 0.40564215835183859 0.12607889645732939 0.023192202439531684 0.056299095740541816 0.060799540369771421
leaf_count=15 6 3 21 6 6 17 2 22 15 16 6 11 13 37
internal_value=-2.63342e-05 0.00204175 0.0125931 -0.00751834 0.0295868 -0.00288672 0.00583299 -0.00638266 -0.0238423 0.00528313 0.0529662 0.0512612 -0.0504034 0.0500964
internal_weight=3.76036 3.61207 1.71702 1.89506 1.33621 0.636233 1.53791 1.22137 0.489202 0.732165 0.316545 0.210071 0.148284 0.0839917
internal_count=196 168 50 118 29 23 115 59 37 22 56 54 28 48
is_linear=0
shrinkage=0.05


Tree=114
num_leaves=15
num_cat=0
split_feature=4 4 3 4 3 0 0 3 4 0 0 3 4 0
split_gain=0.237541 0.349699 0.44741 0.649042 0.416105 0.371815 0.119984 0.136446 0.0697236 0.520172 0.0548694 0.0824794 0.000550235 8.74823e-06
threshold=24.000045776367191 19.999993324279789 0.0003888201317749918 19.999984741210941 0.00040733325295150285 0.54933331906795513 0.37466666102409368 4.0003957748413095 18.99996376037598 0.71333333849906932 0.71866667270660411 9.998624801635744 2.0000710487365727 0.842666655778885
decision_type=2 2 2 2 2 2 2 2 2 2 2 2 2 2
left_child=1 2 3 5 -4 -1 -6 8 9 -8 -9 -12 13 -11
right_child=-2 -3 4 -5 6 -7 7 10 -10 12 11 -13 -14 -15
leaf_value=0.021439776158308117 0.050267746696249643 -0.049676113046028869 -0.064067532262627319 0.058598513762752574 -0.03343712433156127 -0.051054038093840542 0.060593274873915692 0.053081099925787217 0.011377930675767553 -0.051061675761968642 -0.029710866773510147 0.050570513600635275 -0.05490090276228448 -0.050121986859391537
leaf_weight=0.41178043186664692 0.22070784703828383 0.36278358846902836 0.34460155852138985 0.67142777144908905 0.254838341847062 0.31005366973113269 0.14426180720329262 0.16397057101130486 0.33739375323057175 0.040719471871852875 0.065665819216519594 0.0623902075458318 0.22110467962920666 0.063225816586054862
leaf_count=15 69 4 3 6 13 23 1 3 3 2 7 13 5 29
internal_value=-2.2158e-05 -0.00323544 0.00221443 0.0232143 -0.0150149 -0.00969892 -0.00252674 0.00464257 -0.0059587 -0.0184222 0.0339279 0.00940304 -0.0534904 -0.0504901
internal_weight=3.67493 3.45422 3.09143 1.39326 1.69817 0.721834 1.35357 1.09873 0.806706 0.469312 0.292027 0.128056 0.32505 0.103945
internal_count=196 127 123 44 79 38 76 63 40 37 23 20 36 31
is_linear=0
shrinkage=0.05


Tree=115
num_leaves=15
num_cat=0
split_feature=4 4 3 4 3 0 4 0 0 4 0 3 3 5
split_gain=0.225524 0.311181 0.417144 0.615054 0.391224 0.350427 0.11127 0.193963 0.0158023 0.000287032 2.11243e-05 1.92067e-06 1.36761e-06 3.54133e-08
threshold=24.000045776367191 19.999993324279789 0.0003888201317749918 19.999984741210941 0.00040733325295150285 0.54933331906795513 12.99998188018799 0.82666665315628063 0.71333333849906932 3.9999772310256962 0.842666655778885 -3.0004529953002925 0.00040733325295150285 30.000000000000004
decision_type=2 2 2 2 2 2 2 2 2 2 2 2 2 2
left_child=1 2 3 5 -4 -1 7 8 -6 10 -9 -7 -2 -14
right_child=12 -3 4 -5 6 11 -8 9 -10 -11 -12 -13 13 -15
leaf_value=0.020399467994174844 0.050354261441434595 -0.046585422466857741 -0.063195763765105745 0.05812518042675674 -0.0063442387083415949 -0.050868981509928239 0.018746359686584859 -0.051438800675005406 0.0090486213460922241 -0.05424057854208221 -0.050129464089079701 -0.051124290816060139 0.050158687340676071 0.050074697615839263
leaf_weight=0.41115760896355025 0.13048758474178601 0.36738661676645268 0.33220169902779151 0.64375094324350357 0.34162621013820149 0.14115546923130751 0.42046457435935736 0.052369911223649979 0.3256886238232255 0.10083244182169437 0.074808599427342415 0.15406879317015409 0.015618210891261697 0.063891297671943903
leaf_count=15 20 4 3 6 11 13 18 3 9 2 33 10 6 43
internal_value=-1.62608e-05 -0.003153 0.00216915 0.0227744 -0.0147119 -0.00944205 -0.002471 -0.0124351 0.00116838 -0.0522482 -0.0506686 -0.0510022 0.0502547 0.0500912
internal_weight=3.57551 3.36551 2.99812 1.35013 1.64799 0.706382 1.31579 0.895326 0.667315 0.228011 0.127179 0.295224 0.209997 0.0795095
internal_count=196 127 123 44 79 38 76 58 20 38 36 23 69 49
is_linear=0
shrinkage=0.05


Tree=116
num_leaves=15
num_cat=0
split_feature=4 4 5 3 3 4 4 3 3 4 4 3 5 3
split_gain=0.214071 0.277232 0.402545 0.594012 0.417617 0.249254 0.101956 0.191469 0.0217758 7.52675e-06 1.30025e-06 1.17634e-06 3.04753e-08 1.94792e-08
threshold=24.000045776367191 19.999993324279789 30.000000000000004 0.0003888201317749918 0.00040733325295150285 19.999984741210941 10.000007152557375 0.0012995499419048431 4.0003957748413095 10.000071048736574 -6.0427669268392484e-06 0.00040733325295150285 30.000000000000004 -11.998832225799559
decision_type=2 2 2 2 2 2 2 2 2 2 2 2 2 2
left_child=1 2 3 5 -5 -1 8 -8 -6 10 -4 13 -13 -2
right_child=11 -3 9 4 6 -7 7 -9 -10 -11 -12 12 -14 -15
leaf_value=0.0095435294103764015 0.050314432817748111 -0.043737388467839172 -0.05023161682246418 -0.062388715289086551 -0.016801154905877011 0.05768076348030779 -0.011423028452166722 0.053506922926999628 0.00058791398044165041 -0.050899892724157493 -0.050503782336103281 0.050150930047196077 0.050071048770024121 0.050354350445702446
leaf_weight=0.47670408803969777 0.054367445176467299 0.37163084000349034 0.067878019995987415 0.31998360587749619 0.42983680812176295 0.61695326119661331 0.23037352412939072 0.22387798735871911 0.30979338847100735 0.13032510224729776 0.12414246075786639 0.014858741662465036 0.06077959924004972 0.069797985721379407
leaf_count=19 10 4 20 3 22 6 2 19 8 8 16 6 43 10
internal_value=-1.37551e-05 -0.0030552 0.00210502 0.0086213 -0.0116626 0.0366987 0.00193305 0.0205777 -0.00951776 -0.0506066 -0.0504076 0.0502422 0.0500867 0.0503369
internal_weight=3.5013 3.3015 2.92987 2.60752 1.51387 1.09366 1.19388 0.454252 0.73963 0.322346 0.19202 0.199804 0.0756383 0.124165
internal_count=196 127 123 79 54 25 51 21 30 44 36 69 49 20
is_linear=0
shrinkage=0.05


Tree=117
num_leaves=15
num_cat=0
split_feature=4 4 4 3 3 4 3 3 0 0 3 4 0 3
split_gain=0.144672 0.124193 0.169222 0.185807 0.214921 0.753156 0.375251 0.278367 0.148423 0.312939 0.376701 0.0271778 0.000822883 0.000470942
threshold=-1.9999143481254575 -3.6210121834301383e-05 10.000007152557375 0.0012995499419048431 0.0003888201317749918 19.999993324279789 0.00040733325295150285 0.00055807188618928205 0.37466666102409368 0.54933331906795513 4.0003957748413095 12.99998188018799 0.97999998927116405 1.0002148674102502
decision_type=2 2 2 2 2 2 2 2 2 2 2 2 2 2
left_child=-1 -2 8 4 5 -4 -6 -8 -3 -10 13 -5 -13 -11
right_child=1 2 3 11 6 -7 7 -9 9 10 -12 12 -14 -15
leaf_value=-0.050390843669194212 0.039329231745195807 -0.051764480928324544 0.042377345689590035 0.01375830956000655 -0.061678070126301103 -0.04447649741554751 0.054005335896822632 -0.029205026658578 0.060203914308691577 -0.05052142212667822 0.03410177063157746 0.050331490258335498 0.056418574824341143 -0.054197092511533942
leaf_weight=0.13678281707689199 0.2096152070444085 0.24315774394199241 0.7896585036069157 0.054690569173544534 0.3069796860218047 0.36496083147358149 0.19783355668187141 0.20430487382691354 0.14076261222362518 0.14226122258696705 0.18901545181870461 0.12356578267645091 0.10082409530878067 0.22491976246237755
leaf_count=28 3 11 14 5 2 21 10 11 1 30 4 49 1 6
internal_value=-5.13753e-06 0.00208804 -0.000444064 0.0073151 0.00161765 0.0149239 -0.0200482 0.0117306 -0.0181296 -0.00639494 -0.0232498 0.0453634 0.0530666 -0.052773
internal_weight=3.42933 3.29255 3.08293 2.14282 1.86374 1.15462 0.709118 0.402138 0.940117 0.696959 0.556196 0.27908 0.22439 0.367181
internal_count=196 168 165 113 58 35 23 21 52 41 40 55 50 36
is_linear=0
shrinkage=0.05


Tree=118
num_leaves=15
num_cat=0
split_feature=4 4 5 3 3 4 4 3 3 4 3 4 0 3
split_gain=0.206551 0.236255 0.37549 0.525687 0.369128 0.235534 0.0865232 0.178651 0.0199556 7.73575e-06 1.16151e-06 1.03023e-06 5.40837e-07 1.91266e-08
threshold=24.000045776367191 19.999993324279789 30.000000000000004 0.0003888201317749918 0.00040733325295150285 19.999984741210941 10.000007152557375 0.0012995499419048431 1.9986275434494021 10.000071048736574 0.00040733325295150285 1.3792829577141676e-05 0.842666655778885 -11.998832225799559
decision_type=2 2 2 2 2 2 2 2 2 2 2 2 2 2
left_child=1 2 3 5 -5 -1 8 -8 -6 11 13 12 -4 -2
right_child=10 -3 9 4 6 -7 7 -9 -10 -11 -12 -13 -14 -15
leaf_value=0.0090125972145864135 0.050312602859641481 -0.040543692528925701 -0.050359822444694308 -0.060944485490800226 0.0014727607981857918 0.05697059571886727 -0.011466901231873964 0.053157517740153037 -0.015714749351448686 -0.050884277910509194 0.050079063051822796 -0.050512509015202878 -0.050120618780742671 0.050352272067753015
leaf_weight=0.4631670610979215 0.054054908221587539 0.37124470248818386 0.061235816217958816 0.29621829011011858 0.27715398150030501 0.57243572920560837 0.22351245582103729 0.20505399035755545 0.43229193240404129 0.12809496652334929 0.069250307395122945 0.075326373102143407 0.038479117676615715 0.06939465133473266
leaf_count=19 10 4 9 3 13 6 2 19 17 8 49 9 18 10
internal_value=-5.91134e-06 -0.00308552 0.00192937 0.00837524 -0.0112261 0.0355217 0.00171526 0.0194536 -0.00900023 -0.050589 0.050243 -0.0503729 -0.0502675 0.0503349
internal_weight=3.33691 3.14421 2.77297 2.46983 1.43423 1.0356 1.13801 0.428566 0.709446 0.303136 0.1927 0.175041 0.0997149 0.12345
internal_count=196 127 123 79 54 25 51 21 30 44 69 36 27 20
is_linear=0
shrinkage=0.05


Tree=119
num_leaves=15
num_cat=0
split_feature=4 4 5 3 3 4 4 3 4 3 4 0 3 3
split_gain=0.19602 0.21111 0.355132 0.48633 0.348947 0.23181 0.079658 0.0204269 6.64766e-06 9.99075e-07 8.8582e-07 4.65189e-07 1.64368e-08 1.23316e-08
threshold=24.000045776367191 19.999993324279789 30.000000000000004 0.0003888201317749918 0.00040733325295150285 19.999984741210941 10.000007152557375 4.0003957748413095 10.000071048736574 0.00040733325295150285 1.3792829577141676e-05 0.842666655778885 -11.998832225799559 0.0011627212516032161
decision_type=2 2 2 2 2 2 2 2 2 2 2 2 2 2
left_child=1 2 3 5 -5 -1 7 -6 10 12 11 -4 -2 -11
right_child=9 -3 8 4 6 -7 -8 -9 -10 13 -12 -13 -14 -15
leaf_value=0.008555761957574376 0.050297274452830089 -0.038168870509622518 -0.050342162085580781 -0.060298088832673152 -0.01587325819190355 0.056595296224188907 0.018936708856306082 0.0013132082700093705 -0.050840492915971564 0.050110710067883563 -0.050487288328777857 -0.050114724220113309 0.050334973660854314 0.050062023634246083
leaf_weight=0.4634943967685119 0.051433893502689898 0.37453836947679509 0.058269228786229976 0.28471533651463676 0.40705811907537259 0.54803707078099251 0.41891730460338295 0.30053785955533385 0.12194999027997255 0.017833846854045987 0.071687551098875701 0.036606665002182126 0.066032348200678714 0.048044032999314368
leaf_count=19 10 4 9 3 22 6 21 8 8 10 9 18 10 39
internal_value=2.1247e-06 -0.00298224 0.00187848 0.0081231 -0.0108427 0.0345831 0.00165666 -0.00857364 -0.05056 0.0502311 -0.0503546 -0.0502544 0.0503185 0.0500752
internal_weight=3.26916 3.08581 2.71127 2.42276 1.41123 1.01153 1.12651 0.707596 0.288513 0.183344 0.166563 0.0948759 0.117466 0.0658779
internal_count=196 127 123 79 54 25 51 30 44 69 36 27 20 49
is_linear=0
shrinkage=0.05


Tree=120
num_leaves=15
num_cat=0
split_feature=4 0 0 4 4 3 4 4 0 3 4 3 3 0
split_gain=0.133706 0.118931 0.349618 0.42422 0.320735 0.181096 0.250352 0.151605 0.000389003 0.000313901 0.000261291 2.82322e-05 6.07785e-06 4.35962e-06
threshold=-1.9999143481254575 0.54933331906795513 0.37466666102409368 12.99998188018799 3.9999772310256962 0.00040733325295150285 19.999993324279789 19.999970436096195 0.15599999576807025 0.00043318863026797777 2.0000710487365727 -0.0015406648744828997 0.00052327479352243255 0.842666655778885
decision_type=2 2 2 2 2 2 2 2 2 2 2 2 2 2
left_child=-1 2 3 -2 10 6 -6 -7 -5 -9 11 -3 -11 -13
right_child=1 4 -4 8 5 7 -8 9 -10 12 -12 13 -14 -15
leaf_value=-0.05037464207462905 -0.051593287845102878 -0.051905280198872972 0.061235833987985211 0.055324222477688381 0.0053899334216133687 0.0068357104469714009 -0.044140090163306639 0.055565464263929235 0.050381760833175332 0.052250252358649989 -0.053983449057416782 -0.050777469615509607 0.051651336278485442 -0.050112776467134551
leaf_weight=0.12650161865167353 0.24434051988646421 0.054060692433267832 0.29810395883396268 0.086975246667861938 0.9559112247079613 0.5189504341688006 0.34800614090636373 0.09492016164585948 0.073416264727711678 0.093933703261427581 0.13709469232708216 0.05662159435451064 0.077153015998192132 0.043713707244023681
leaf_count=28 13 3 3 1 19 19 18 2 31 6 4 4 22 23
internal_value=6.22848e-06 0.00207332 0.0201455 -0.0101194 -0.00326275 0.00359336 -0.00782927 0.0225678 0.0530619 0.0532595 -0.0523948 -0.0509842 0.0519802 -0.0504879
internal_weight=3.2097 3.0832 0.702836 0.404732 2.38037 2.08887 1.30392 0.784957 0.160392 0.266007 0.291491 0.154396 0.171087 0.100335
internal_count=196 168 48 45 120 86 37 49 32 30 34 30 28 27
is_linear=0
shrinkage=0.05


Tree=121
num_leaves=15
num_cat=0
split_feature=4 0 0 4 4 3 4 4 0 3 4 3 3 0
split_gain=0.12699 0.11218 0.328506 0.402645 0.304364 0.165957 0.224005 0.147925 0.000331826 0.000267204 0.000224206 2.42522e-05 5.15985e-06 3.74779e-06
threshold=-1.9999143481254575 0.54933331906795513 0.37466666102409368 12.99998188018799 3.9999772310256962 0.00040733325295150285 19.999993324279789 19.999970436096195 0.15599999576807025 0.00043318863026797777 2.0000710487365727 -0.0015406648744828997 0.00052327479352243255 0.842666655778885
decision_type=2 2 2 2 2 2 2 2 2 2 2 2 2 2
left_child=-1 2 3 -2 10 6 -6 -7 -5 -9 11 -3 -11 -13
right_child=1 4 -4 8 5 7 -8 9 -10 12 -12 13 -14 -15
leaf_value=-0.050356300577216621 -0.051514098383978024 -0.051809952605367096 0.060572206489179825 0.055037662256555708 0.0051225345970067997 0.0065025278902545256 -0.041597025338093931 0.055266245604508372 0.050363168007514239 0.052136310279126477 -0.053780850344911472 -0.050739039616189419 0.05157101204400686 -0.050107269784940157
leaf_weight=0.12037478340789709 0.23277216544374857 0.051516347681172192 0.28659298282582313 0.083153270184993744 0.95552965346723817 0.51828150032088149 0.35074495011940598 0.090767322108149529 0.069860843825154006 0.089542847359552979 0.13088735844939947 0.053899893537164068 0.073501643841154873 0.041586220322642475
leaf_count=28 13 3 3 1 19 19 18 2 31 6 4 4 22 23
internal_value=8.02079e-06 0.00200978 0.0200237 -0.010099 -0.00313065 0.00344034 -0.00742203 0.021818 0.0529035 0.0530919 -0.0522757 -0.0509356 0.0518815 -0.0504639
internal_weight=3.14901 3.02864 0.672379 0.385786 2.35626 2.07837 1.30627 0.772093 0.153014 0.253812 0.27789 0.147002 0.163044 0.0954861
internal_count=196 168 48 45 120 86 37 49 32 30 34 30 28 27
is_linear=0
shrinkage=0.05


Tree=122
num_leaves=15
num_cat=0
split_feature=4 0 0 4 4 3 4 4 3 4 0 0 4 0
split_gain=0.120615 0.105855 0.308894 0.382211 0.288862 0.162028 0.393424 0.135526 0.36453 0.0776174 0.000364485 0.000283189 0.000192411 6.21232e-05
threshold=-1.9999143481254575 0.54933331906795513 0.37466666102409368 12.99998188018799 3.9999772310256962 0.0012995499419048431 19.999984741210941 19.999993324279789 0.00035516027128323918 6.0000686645507821 0.97999998927116405 0.15599999576807025 2.0000710487365727 0.71866667270660411
decision_type=2 2 2 2 2 2 2 2 2 2 2 2 2 2
left_child=-1 2 3 -2 12 6 -6 -8 -9 -7 13 -5 -3 -11
right_child=1 4 -4 11 5 9 7 8 -10 10 -12 -13 -14 -15
leaf_value=-0.050338860586696323 -0.051438914689576454 -0.05088947322873838 0.059954177176018066 0.054767897709082428 -0.054474230973663454 0.0080199989656133414 0.01984378744571717 -0.041145562049861216 0.051847324151353041 0.052720378856855869 0.055569721870599581 0.0503454805763223 -0.053588931195381474 0.050397587889815958
leaf_weight=0.11454270780086551 0.2217351947911087 0.13995661813532967 0.27535445359535515 0.079477585852146149 0.3079559383913878 0.17474228888750065 0.87912170216441132 0.34589501284062862 0.15155909955501556 0.048937540501356125 0.090183481574058533 0.066476447973400354 0.12493852712213993 0.069903029827401042
leaf_count=28 13 30 3 1 13 3 9 17 19 1 1 31 4 23
internal_value=9.71758e-06 0.00194742 0.0199091 -0.0100797 -0.00300295 0.00329313 -0.0033865 0.00804241 -0.0128135 0.0326132 0.0531729 0.0527537 -0.0521627 0.0513541
internal_weight=3.09078 2.97624 0.643044 0.367689 2.33319 2.0683 1.68453 1.37658 0.497454 0.383766 0.209024 0.145954 0.264895 0.118841
internal_count=196 168 48 45 120 86 58 45 36 28 25 32 34 24
is_linear=0
shrinkage=0.05


Tree=123
num_leaves=15
num_cat=0
split_feature=4 0 0 4 4 3 4 4 3 3 0 4 4 3
split_gain=0.114587 0.100009 0.290649 0.362852 0.274154 0.150387 0.371746 0.123013 0.335026 0.0806527 0.000241787 0.000165042 4.88454e-05 4.26965e-05
threshold=-1.9999143481254575 0.54933331906795513 0.37466666102409368 12.99998188018799 3.9999772310256962 0.0012995499419048431 19.999984741210941 19.999993324279789 0.00035516027128323918 4.0003957748413095 0.15599999576807025 2.0000710487365727 6.0000686645507821 8.0700435638427752
decision_type=2 2 2 2 2 2 2 2 2 2 2 2 2 2
left_child=-1 2 3 -2 11 6 -6 -8 -9 -7 -5 -3 -11 -14
right_child=1 4 -4 10 5 9 7 8 -10 12 -12 -13 13 -15
leaf_value=-0.05032227769402936 -0.051367525562792796 -0.050846430407885307 0.059377896715523883 0.054513790238779204 -0.054267106321774332 0.0051197578870770689 0.018978422077064017 -0.038828230597459754 0.051755219250809906 0.052815311956764838 0.050328653447645734 -0.053407095065560184 0.052367125921723039 0.050407163211996647
leaf_weight=0.10899139195680652 0.21120678260922465 0.13324071210809085 0.2644027306814678 0.075944900512695312 0.29402661975473199 0.16095860931090999 0.87339706718921639 0.34815192222595215 0.14441756723681465 0.10092684626579285 0.063254964421503246 0.11923961248248816 0.050979978870600462 0.061076525424141437
leaf_count=28 13 30 3 1 13 3 9 17 19 2 31 4 5 18
internal_value=8.37953e-06 0.00189917 0.0198014 -0.0100614 -0.00291468 0.00318539 -0.0032675 0.00771025 -0.0122699 0.0318309 0.052612 -0.0520558 0.0520175 0.0512988
internal_weight=3.01022 2.90122 0.614809 0.350407 2.28642 2.03394 1.65999 1.36597 0.492569 0.373942 0.1392 0.25248 0.212983 0.112057
internal_count=196 168 48 45 120 86 58 45 36 28 32 34 25 23
is_linear=0
shrinkage=0.05


Tree=124
num_leaves=15
num_cat=0
split_feature=4 0 0 4 4 3 4 4 4 3 0 4 4 3
split_gain=0.108863 0.0945144 0.273654 0.344509 0.260226 0.139783 0.351338 0.111614 0.308836 0.0794801 0.000206527 0.000141589 4.17508e-05 3.66229e-05
threshold=-1.9999143481254575 0.54933331906795513 0.37466666102409368 12.99998188018799 3.9999772310256962 0.0012995499419048431 19.999984741210941 19.999993324279789 26.000002861022953 4.0003957748413095 0.15599999576807025 2.0000710487365727 6.0000686645507821 8.0700435638427752
decision_type=2 2 2 2 2 2 2 2 2 2 2 2 2 2
left_child=-1 2 3 -2 11 6 -6 -8 -9 -7 -5 -3 -11 -14
right_child=1 4 -4 10 5 9 7 8 -10 12 -12 -13 13 -15
leaf_value=-0.050306508694108812 -0.051299735724319451 -0.050805455525599466 0.05883991779150341 0.054274314146854491 -0.054068895030131452 0.0048651841135939284 0.018143780429600444 -0.037239431233141683 0.050327932775406627 0.052670476247972088 0.05031264134702236 -0.053234785064380265 0.052247266906425477 0.050387395372492254
leaf_weight=0.10370749933645163 0.20116489403881166 0.12684212520252947 0.25374880665913224 0.072551712393760681 0.28068621270358596 0.16091303294524539 0.86803663149476029 0.3458523154258728 0.14204308961052448 0.09626191109418869 0.060188647825270891 0.11378208547830582 0.048602094873785973 0.058120006928220391
leaf_count=28 13 30 3 1 13 3 9 4 32 2 31 4 5 18
internal_value=7.34428e-06 0.00185192 0.0197 -0.0100441 -0.00282807 0.00308088 -0.00315134 0.00738891 -0.0117456 0.0311101 0.052478 -0.0519542 0.0519154 0.0512344
internal_weight=2.9325 2.82879 0.587654 0.333905 2.24114 2.00052 1.63662 1.35593 0.487895 0.363897 0.13274 0.240624 0.202984 0.106722
internal_count=196 168 48 45 120 86 58 45 36 28 32 34 25 23
is_linear=0
shrinkage=0.05


Tree=125
num_leaves=15
num_cat=0
split_feature=4 0 0 4 4 3 4 4 3 0 4 3 3 0
split_gain=0.103429 0.0893497 0.257805 0.327123 0.24703 0.13944 0.156974 0.136094 0.000191339 0.000176478 0.000121488 1.33163e-05 3.0977e-06 2.04393e-06
threshold=-1.9999143481254575 0.54933331906795513 0.37466666102409368 12.99998188018799 3.9999772310256962 0.00040733325295150285 19.999993324279789 19.999970436096195 0.00043318863026797777 0.15599999576807025 2.0000710487365727 -0.0015406648744828997 0.00052327479352243255 0.842666655778885
decision_type=2 2 2 2 2 2 2 2 2 2 2 2 2 2
left_child=-1 2 3 -2 10 6 -6 -7 -9 -5 11 -3 -10 -13
right_child=1 4 -4 9 5 7 -8 8 12 -11 -12 13 -14 -15
leaf_value=-0.050291513693725989 -0.051235353893464813 -0.051478390197415402 0.05833715083567792 0.054048510778577356 0.0039279929400361738 0.0056564977159084644 -0.035466700839133246 0.054721324699100432 0.051908423707138496 0.050297412316311609 -0.053071468530287373 -0.050603266949382865 0.051441057842245799 -0.050087604456475726
leaf_weight=0.098678296431899404 0.19158835127018425 0.042540306109003723 0.24340075632790104 0.069294355809688568 0.9194580679759381 0.47344535286538292 0.34878969471901655 0.082581842551007867 0.079821367748081684 0.05727011087583378 0.10855751484632492 0.044221488758921956 0.063785270263906568 0.033984534908086061
leaf_count=28 13 3 3 1 19 19 18 2 6 31 4 4 22 23
internal_value=6.29012e-06 0.00180541 0.0196045 -0.0100276 -0.00274367 0.00297925 -0.00690622 0.020899 0.0528036 0.0523511 -0.0518577 -0.0507664 0.0517008 -0.0503792
internal_weight=2.85742 2.75874 0.561554 0.318153 2.19719 1.96788 1.26825 0.699634 0.226188 0.126564 0.229304 0.120746 0.143607 0.078206
internal_count=196 168 48 45 120 86 37 49 30 32 34 30 28 27
is_linear=0
shrinkage=0.05


Tree=126
num_leaves=15
num_cat=0
split_feature=4 3 3 4 4 0 4 3 0 4 3 4 5 3
split_gain=0.098253 0.0908425 0.4101 0.375673 0.327215 0.319363 0.253007 0.19507 0.0821164 0.132191 0.000198631 4.47656e-05 2.75016e-07 2.31021e-09
threshold=-1.9999143481254575 0.0003888201317749918 0.00040733325295150285 19.999993324279789 19.999984741210941 0.54933331906795513 19.999970436096195 0.0012995499419048431 0.71599999070167553 6.0000686645507821 0.00043318863026797777 24.000045776367191 30.000000000000004 0.0011645684135146441
decision_type=2 2 2 2 2 2 2 2 2 2 2 2 2 2
left_child=12 3 -3 4 5 -2 7 -4 -9 -10 -8 -12 -1 -13
right_child=1 2 6 -5 -6 -7 10 8 9 -11 11 13 -14 -15
leaf_value=-0.050339137017592933 0.034901603021142487 -0.060423168044102638 -0.056069920384273698 -0.032416461623274537 0.055822618774058974 -0.050795757139968471 0.054470924639801521 -0.011937701593550665 -0.0059727126978008941 0.053183972606414824 0.051923646178702182 0.05006891081482661 -0.050158922030882083 0.05004343387016387
leaf_weight=0.061651163734495973 0.24309583520516775 0.28651899250689883 0.15789631009101845 0.35531497735064477 0.49581834673881531 0.1966659277677536 0.078906252514570951 0.3609111700206995 0.20434029237367213 0.17557923425920308 0.11426530126482248 0.012338467582594603 0.032240486121736467 0.031911855156067759
leaf_count=15 6 3 22 21 6 17 2 16 7 14 6 11 13 37
internal_value=8.27661e-06 0.0017482 -0.00696622 0.0113522 0.0279746 -0.00342313 0.00651479 -0.00561255 0.00514164 0.0213665 0.0524211 0.0514008 -0.0502773 0.0500505
internal_weight=2.80745 2.71356 1.42267 1.2909 0.93558 0.439762 1.13615 0.898727 0.740831 0.37992 0.237422 0.158516 0.0938916 0.0442503
internal_count=196 168 118 50 29 23 115 59 37 21 56 54 28 48
is_linear=0
shrinkage=0.05


Tree=127
num_leaves=15
num_cat=0
split_feature=4 4 3 4 3 0 0 0 4 4 0 3 3 3
split_gain=0.18764 0.16414 0.29227 0.414101 0.290449 0.23319 0.0789946 0.117607 0.166983 0.000185283 7.08717e-06 1.28501e-06 7.8004e-07 6.68838e-09
threshold=24.000045776367191 19.999993324279789 0.0003888201317749918 19.999984741210941 0.00040733325295150285 0.54933331906795513 0.37466666102409368 0.82666665315628063 15.999965190887453 3.9999772310256962 0.842666655778885 0.00040733325295150285 -3.0004529953002925 -5.9985215663909903
decision_type=2 2 2 2 2 2 2 2 2 2 2 2 2 2
left_child=1 2 3 5 -4 -1 -6 -8 9 10 -9 13 -7 -2
right_child=11 -3 4 -5 6 12 7 8 -10 -11 -12 -13 -14 -15
leaf_value=0.018947919579183792 0.050351189937126617 -0.036170797768984707 -0.059812443176109148 0.05551405460194106 -0.03317701229733936 -0.050613663912075141 0.026216993622846654 -0.051026233893844156 0.010611624747033378 -0.053859822799352121 -0.050074467834779791 0.050050045444798387 -0.050808882447218963 0.050373890499072198
leaf_weight=0.29055526526644948 0.063598531414754689 0.33248331770300854 0.2752574428450314 0.47419212758541107 0.16554880863986909 0.099761443329043686 0.3570838887244463 0.035874382592737675 0.29284633160568774 0.08630448579788208 0.043007777887396514 0.043972882907837629 0.10505506885237992 0.066247450187802204
leaf_count=15 11 4 3 6 13 13 10 3 15 2 33 49 10 9
internal_value=1.36614e-05 -0.00340228 0.00149327 0.0221158 -0.0144272 -0.00985443 -0.00168829 0.00470702 -0.0120622 -0.0522589 -0.0505073 0.0502837 -0.0507138 0.0503628
internal_weight=2.73179 2.55797 2.22549 0.969564 1.25592 0.495372 0.980666 0.815117 0.458033 0.165187 0.0788822 0.173819 0.204817 0.129846
internal_count=196 127 123 44 79 38 76 63 53 38 36 69 23 20
is_linear=0
shrinkage=0.05


Tree=128
num_leaves=15
num_cat=0
split_feature=4 4 3 4 3 0 0 0 4 0 4 0 3 3
split_gain=0.178131 0.147384 0.272099 0.393662 0.275373 0.220215 0.0727418 0.130697 0.212921 0.0158233 0.000115715 2.45783e-06 1.10528e-06 6.72966e-07
threshold=24.000045776367191 19.999993324279789 0.0003888201317749918 19.999984741210941 0.00040733325295150285 0.54933331906795513 0.37466666102409368 0.71333333849906932 3.9999772310256962 0.96399998664855968 2.0000710487365727 0.842666655778885 0.00040733325295150285 -3.0004529953002925
decision_type=2 2 2 2 2 2 2 2 2 2 2 2 2 2
left_child=1 2 3 5 -4 -1 -6 -8 10 -10 11 -9 -2 -7
right_child=12 -3 4 -5 6 13 7 8 9 -11 -12 -13 -14 -15
leaf_value=0.018052137866528994 0.050344960342283612 -0.034250996467416729 -0.059243115345506837 0.055223093084319885 -0.03217566845802252 -0.050583458753752808 0.056715187129452539 -0.050687198595043906 0.021578380102188016 0.004244183649083264 -0.052978869970377124 -0.050070831091036508 0.050047603601487106 -0.050769312524350907
leaf_weight=0.28974599624052766 0.12355591380037356 0.33353560417890538 0.26428526878589742 0.4533819667994976 0.16225152648985386 0.094951257633510977 0.10438288748264313 0.026747660711407661 0.24846284405793995 0.28003525268286467 0.10246213246136904 0.040913159085903317 0.041830289643257856 0.10000739572569728
leaf_count=15 20 4 3 6 13 13 1 2 19 4 4 33 49 10
internal_value=1.39416e-05 -0.00330916 0.0014519 0.021733 -0.0140217 -0.00959292 -0.00164014 0.00452973 -0.00326744 0.0123935 -0.0519192 -0.0503145 0.0502698 -0.0506788
internal_weight=2.66655 2.50116 2.16763 0.938087 1.22954 0.484705 0.965255 0.803004 0.698621 0.528498 0.170123 0.0676608 0.165386 0.194959
internal_count=196 127 123 44 79 38 76 63 62 23 39 35 69 23
is_linear=0
shrinkage=0.05


Tree=129
num_leaves=15
num_cat=0
split_feature=4 4 4 0 4 0 3 4 3 4 4 3 3 5
split_gain=0.0918239 0.0772763 0.0974706 0.0492978 0.210664 0.190826 0.137146 0.0092 0.00314829 6.76067e-05 1.13088e-06 8.16347e-07 3.78928e-07 2.3421e-07
threshold=-1.9999143481254575 -3.6210121834301383e-05 2.0000710487365727 0.97333332896232616 18.99996376037598 0.82666665315628063 0.0003888201317749918 14.000003814697267 4.0003957748413095 24.000045776367191 8.3305003499845056e-05 0.00043318863026797777 0.00035516027128323918 30.000000000000004
decision_type=2 2 2 2 2 2 2 2 2 2 2 2 2 2
left_child=13 -2 10 4 5 8 -5 -7 -4 -6 12 -11 -3 -1
right_child=1 2 3 6 9 7 -8 -9 -10 11 -12 -13 -14 -15
leaf_value=-0.050328385939768586 0.036496348432577784 -0.050328018889596399 0.0086425043159413916 0.009033767257235004 0.051932315816491395 -0.052957546671206515 -0.024424707951567228 -0.031856664429148654 0.016114125097391501 0.050326713293463013 -0.050573886208736353 0.050037458778391886 -0.050078234851879448 -0.050156548151807714
leaf_weight=0.057440339820459818 0.15061090863309878 0.032301262021064647 0.28526780381798744 0.73123274557292461 0.11796132510062307 0.1162037318572402 0.52700942941009998 0.092997287632897496 0.27876236196607351 0.084883626899681985 0.033032880688551813 0.03422833961667493 0.028650745109189302 0.030283808708190918
leaf_count=15 3 5 5 16 7 5 8 15 16 15 4 46 23 13
internal_value=1.58577e-05 0.00177111 -0.000442616 0.00162454 0.00985011 -0.00279219 -0.00498017 -0.0435775 0.0123352 0.0510839 -0.0503383 0.0502436 -0.0502106 -0.0502691
internal_weight=2.60087 2.51314 2.36253 2.26855 1.0103 0.773231 1.25824 0.209201 0.56403 0.237073 0.0939849 0.119112 0.060952 0.0877241
internal_count=196 168 165 133 109 41 24 20 21 68 32 61 28 28
is_linear=0
shrinkage=0.05


Tree=130
num_leaves=15
num_cat=0
split_feature=4 4 4 0 0 4 5 0 0 4 4 3 5 4
split_gain=0.0872079 0.0707835 0.093053 0.169423 0.114898 0.0853462 0.236443 0.00989235 0.000116509 6.25104e-05 1.54275e-06 7.85564e-07 2.01491e-07 5.94557e-11
threshold=-1.9999143481254575 -3.6210121834301383e-05 10.000007152557375 0.97999998927116405 0.82666665315628063 18.99996376037598 30.000000000000004 0.54933331906795513 0.842666655778885 24.000045776367191 6.0000686645507821 0.00043318863026797777 30.000000000000004 -3.2575004297541448e-05
decision_type=2 2 2 2 2 2 2 2 2 2 2 2 2 2
left_child=12 -2 4 5 7 6 -4 -3 -6 -7 13 -11 -1 -10
right_child=1 2 3 -5 8 9 -8 -9 10 11 -12 -13 -14 -15
leaf_value=-0.050312297847659518 0.035174559367458079 -0.010791584812184819 0.05186142532523437 -0.0043042388121213434 -0.053056943724699705 0.05183487074134048 -0.050542266319914292 0.0033313694433082536 -0.050066577548789452 0.050316101648384084 -0.050557123728206567 0.050035630650480813 -0.050148896040930493 -0.050061637675826366
leaf_weight=0.054655972402543163 0.14851183630526144 0.26393305184319604 0.13437630143016543 1.1832192016299814 0.099872399121522903 0.11241390299983323 0.097100187093019485 0.2338474546559155 0.010487644118256867 0.10703905811533332 0.04319265391677618 0.032560163352172822 0.028811134514398873 0.014530413318425417
leaf_count=15 3 12 15 16 4 7 10 9 9 19 4 46 13 14
internal_value=1.36963e-05 0.00170483 -0.000426139 0.00588606 -0.0162261 0.0308242 0.00890493 -0.0041569 -0.051969 0.0509573 -0.0503762 0.0502507 -0.0502559 -0.0500637
internal_weight=2.56455 2.48108 2.33257 1.66671 0.665864 0.48349 0.231476 0.497781 0.168083 0.252013 0.0682107 0.139599 0.0834671 0.0250181
internal_count=196 168 165 113 52 97 25 21 31 72 27 65 28 23
is_linear=0
shrinkage=0.05


Tree=131
num_leaves=15
num_cat=0
split_feature=4 0 0 4 4 3 4 4 3 4 0 0 4 0
split_gain=0.0828408 0.0665589 0.231269 0.2848 0.209737 0.125025 0.285161 0.100625 0.276503 0.0698547 0.000265995 0.000100152 9.45751e-05 2.68149e-05
threshold=-1.9999143481254575 0.54933331906795513 0.37466666102409368 12.99998188018799 3.9999772310256962 0.0012995499419048431 19.999984741210941 19.999993324279789 0.00035516027128323918 6.0000686645507821 0.97999998927116405 0.15599999576807025 2.0000710487365727 0.71866667270660411
decision_type=2 2 2 2 2 2 2 2 2 2 2 2 2 2
left_child=-1 2 3 -2 12 6 -6 -8 -9 -7 13 -5 -3 -11
right_child=1 4 -4 11 5 9 7 8 -10 10 -12 -13 -14 -15
leaf_value=-0.050243370579457304 -0.051150905846696654 -0.050696658167999148 0.057009422502948909 0.053359845535954104 -0.053866767995715603 0.0063914219841618401 0.017574071975985869 -0.036843743701086673 0.051547132842153044 0.052049007575368893 0.05498694015472988 0.050308287414914422 -0.052901736278731043 0.050290313359402476
leaf_weight=0.079415658023208713 0.17512946925126027 0.09933883763733331 0.21531255060108379 0.05900111049413681 0.2341854479163884 0.15236643701791752 0.75405581668019273 0.32064555492252111 0.12219252740032971 0.037817101925611496 0.082467950880527496 0.04940028878627345 0.095251119695603848 0.050772839691489935
leaf_count=28 13 30 3 1 13 3 9 17 19 1 1 31 4 23
internal_value=1.47479e-05 0.00164522 0.0179422 -0.0117253 -0.00252577 0.00293652 -0.00340868 0.006464 -0.012454 0.0310126 0.0529434 0.0519692 -0.051776 0.0510411
internal_weight=2.52735 2.44794 0.498843 0.283531 1.94909 1.7545 1.43108 1.19689 0.442838 0.323424 0.171058 0.108401 0.19459 0.0885899
internal_count=196 168 48 45 120 86 58 45 36 28 25 32 34 24
is_linear=0
shrinkage=0.05


Tree=132
num_leaves=15
num_cat=0
split_feature=4 3 3 4 4 4 3 4 0 3 3 3 4 5
split_gain=0.0787167 0.0630665 0.346974 0.340984 0.264708 0.21581 0.172181 0.127376 0.0771802 0.0715422 0.0508358 0.000167764 2.69804e-05 1.49179e-07
threshold=-1.9999143481254575 0.0003888201317749918 0.00040733325295150285 19.999993324279789 19.999984741210941 19.999970436096195 0.0012995499419048431 -8.7050088950491028e-06 0.71599999070167553 -11.998877525329588 4.0003957748413095 0.00043318863026797777 24.000045776367191 30.000000000000004
decision_type=2 2 2 2 2 2 2 2 2 2 2 2 2 2
left_child=13 3 -3 4 7 6 -4 -2 -8 -9 -10 -7 -13 -1
right_child=1 2 5 -5 -6 11 8 9 10 -11 -12 12 -14 -15
leaf_value=-0.050282468866007124 0.035099675573911818 -0.058617457452546533 -0.055582431432146598 -0.032444217788887085 0.054841788180200135 0.05423053196000327 -0.011513750179000502 0.0053257882870249513 0.0015771749322725664 -0.050459280421737453 0.040563054184862279 0.0516834698450288 0.050039326556660227 -0.050134685564011697
leaf_weight=0.049486004048958754 0.13795211538672447 0.25156046182382841 0.13803403603378661 0.33108451077714562 0.42548219487071037 0.074931617709808052 0.3267179720569402 0.10385867860168219 0.1550481867743656 0.12868531217100121 0.18149902008008212 0.10026943450793624 0.033218718541320413 0.026073949527926743
leaf_count=15 2 3 22 21 6 2 16 4 5 17 16 6 48 13
internal_value=1.36823e-05 0.00160329 -0.00607721 0.0101984 0.0279355 0.00701262 -0.0047764 -0.00296404 0.00579699 -0.0255446 0.0226022 0.0523371 0.0512743 -0.0502315
internal_weight=2.4639 2.38834 1.26128 1.12706 0.795978 1.00972 0.801299 0.370496 0.663265 0.232544 0.336547 0.20842 0.133488 0.07556
internal_count=196 168 118 50 29 115 59 23 37 21 21 56 54 28
is_linear=0
shrinkage=0.05


Tree=133
num_leaves=15
num_cat=0
split_feature=4 4 3 4 3 0 0 0 4 0 4 0 3 3
split_gain=0.159154 0.155102 0.234926 0.336335 0.2509 0.182573 0.0691182 0.112757 0.189014 0.00938227 8.16637e-05 1.49445e-06 1.45848e-06 8.21284e-07
threshold=24.000045776367191 19.999993324279789 0.0003888201317749918 19.999984741210941 0.00040733325295150285 0.54933331906795513 0.37466666102409368 0.71333333849906932 3.9999772310256962 0.96399998664855968 2.0000710487365727 0.842666655778885 -3.0004529953002925 0.00040733325295150285
decision_type=2 2 2 2 2 2 2 2 2 2 2 2 2 2
left_child=1 2 3 5 -4 -1 -6 -8 10 -10 11 -9 -7 -2
right_child=13 -3 4 -5 6 12 7 8 9 -11 -12 -13 -14 -15
leaf_value=0.017099847937821926 0.050321843090118647 -0.036125264472647078 -0.058127082816041842 0.054588687205290844 -0.031731034727770328 -0.050465023815251399 0.056075775982981128 -0.05058550944311422 0.020531156270850868 0.0066124957702502823 -0.052715756560847926 -0.050056999393222459 -0.050764886312178861 0.050039381863946381
leaf_weight=0.25565467448905188 0.11474926827941079 0.30998730100691307 0.24125920046935767 0.4065602645277977 0.1478312520775944 0.075998664193321019 0.096609793603420258 0.022881375625729561 0.22512139892205596 0.26196373626589775 0.091022239997982979 0.032196787069551647 0.086937258020043373 0.033174431533552706
leaf_count=15 20 4 3 6 13 13 1 2 19 4 4 33 10 49
internal_value=1.76478e-05 -0.00327948 0.00195796 0.0221979 -0.0129685 -0.00926198 -0.000554427 0.00576087 -0.00191604 0.0130454 -0.0517962 -0.0502766 -0.050625 0.0502585
internal_weight=2.40195 2.25402 1.94404 0.825151 1.11889 0.418591 0.877627 0.729795 0.633186 0.487085 0.1461 0.0550782 0.162936 0.147924
internal_count=196 127 123 44 79 38 76 63 62 23 39 35 23 69
is_linear=0
shrinkage=0.05


Tree=134
num_leaves=15
num_cat=0
split_feature=4 4 3 4 3 0 0 0 4 0 4 0 3 3
split_gain=0.151099 0.139683 0.218921 0.320254 0.238023 0.172549 0.0635852 0.106857 0.178077 0.00863136 7.01303e-05 1.28508e-06 1.25753e-06 7.06469e-07
threshold=24.000045776367191 19.999993324279789 0.0003888201317749918 19.999984741210941 0.00040733325295150285 0.54933331906795513 0.37466666102409368 0.71333333849906932 3.9999772310256962 0.96399998664855968 2.0000710487365727 0.842666655778885 -3.0004529953002925 0.00040733325295150285
decision_type=2 2 2 2 2 2 2 2 2 2 2 2 2 2
left_child=1 2 3 5 -4 -1 -6 -8 10 -10 11 -9 -7 -2
right_child=13 -3 4 -5 6 12 7 8 9 -11 -12 -13 -14 -15
leaf_value=0.016288792766757862 0.050306052495484338 -0.034284682451986896 -0.05766835590767893 0.054349662174313577 -0.030723335585723106 -0.050442184101428346 0.055744447398257929 -0.050556628107811932 0.019670115001824126 0.0062876533356111264 -0.052579325566261728 -0.050054216711367186 -0.050727591522853534 0.050037459461123493
leaf_weight=0.25498292781412679 0.10918627819046367 0.31028973497450341 0.23127204319462158 0.38838987797498703 0.14511665445752442 0.072324072301853448 0.092430457472801208 0.021777559071779251 0.22327557904645801 0.26172901038080454 0.086802019737660885 0.030628191016148776 0.082756546093150973 0.031557676731608808
leaf_count=15 20 4 3 6 13 13 1 2 19 4 4 33 10 49
internal_value=1.96388e-05 -0.00319097 0.00190982 0.0218122 -0.0126287 -0.00900558 -0.000541366 0.00557034 -0.00185921 0.0124484 -0.0517073 -0.050263 -0.0505945 0.0502458
internal_weight=2.34252 2.20177 1.89148 0.798453 1.09303 0.410064 0.861759 0.716643 0.624212 0.485005 0.139208 0.0524058 0.155081 0.140744
internal_count=196 127 123 44 79 38 76 63 62 23 39 35 23 69
is_linear=0
shrinkage=0.05


Tree=135
num_leaves=15
num_cat=0
split_feature=4 4 4 0 0 4 5 0 0 4 4 3 5 4
split_gain=0.0737306 0.0578454 0.0794754 0.170979 0.103462 0.0655005 0.195417 0.0119499 0.00010891 4.77808e-05 7.37483e-07 5.62441e-07 1.29501e-07 4.68826e-11
threshold=-1.9999143481254575 -3.6210121834301383e-05 10.000007152557375 0.97999998927116405 0.82666665315628063 18.99996376037598 30.000000000000004 0.54933331906795513 0.842666655778885 24.000045776367191 6.0000686645507821 0.00043318863026797777 30.000000000000004 -3.2575004297541448e-05
decision_type=2 2 2 2 2 2 2 2 2 2 2 2 2 2
left_child=12 -2 4 5 7 6 -4 -3 -6 -7 13 -11 -1 -10
right_child=1 2 3 -5 8 9 -8 -9 10 11 -12 -13 -14 -15
leaf_value=-0.050275132187639238 0.033629909528494428 -0.011488110108195901 0.051616164679613656 -0.0049330647149983661 -0.053118220640697072 0.051693994979421135 -0.050427445076681877 0.0049511780414658573 -0.050052769297275847 0.050291862843939598 -0.050435785107781489 0.050027724256720009 -0.050133000907887859 -0.050047800577513193
leaf_weight=0.046211560489610171 0.13273233617656011 0.2376605663448571 0.11929352849256214 1.0660954979248345 0.094600251875817776 0.10338101215893403 0.07733007799834013 0.20667907642200589 0.0082122760359197855 0.098427096614614129 0.034023446962237358 0.02534274136996828 0.024535324424505234 0.011252452153712511
leaf_count=15 3 12 15 16 4 7 10 9 9 19 4 46 13 14
internal_value=2.15166e-05 0.00162639 -0.000413616 0.00574607 -0.0159043 0.0326117 0.0114834 -0.00384158 -0.0520986 0.0509005 -0.0502954 0.0502378 -0.0502258 -0.0500499
internal_weight=2.28578 2.21503 2.0823 1.48987 0.592428 0.423774 0.196624 0.44434 0.148088 0.227151 0.0534882 0.12377 0.0707469 0.0194647
internal_count=196 168 165 113 52 97 25 21 31 72 27 65 28 23
is_linear=0
shrinkage=0.05


Tree=136
num_leaves=15
num_cat=0
split_feature=4 0 0 4 4 3 4 4 3 0 4 4 3 3
split_gain=0.0700445 0.0543806 0.202576 0.252795 0.177469 0.106456 0.124683 0.113562 0.000112911 6.42906e-05 5.51642e-05 8.43556e-06 7.59739e-07 4.26113e-07
threshold=-1.9999143481254575 0.54933331906795513 0.37466666102409368 12.99998188018799 3.9999772310256962 0.00040733325295150285 19.999993324279789 19.999970436096195 0.00043318863026797777 0.15599999576807025 2.0000710487365727 -3.6210121834301383e-05 1.9986275434494021 0.00046494518755935138
decision_type=2 2 2 2 2 2 2 2 2 2 2 2 2 2
left_child=-1 2 3 -2 10 6 -6 -7 -9 -5 11 -3 -13 -10
right_child=1 4 -4 9 5 7 -8 8 13 -11 -12 12 -14 -15
leaf_value=-0.050214793700121732 -0.051057218917253483 -0.051343175668806709 0.056012794846701408 0.052910148378619438 0.0046866415680316019 0.0048836645665070819 -0.033697658178679736 0.053983237404163144 0.051588303130703811 0.050319160940565745 -0.052479084482345353 -0.050149202090434601 -0.050531816897224059 0.0513694747658218
leaf_weight=0.067310950253159141 0.15783176315017056 0.029286298900842667 0.19136240956140682 0.051976542919874191 0.67964270710945107 0.40506105730310082 0.30718503426760435 0.070949137094430625 0.030761975358473137 0.044388235139194876 0.08171485411003232 0.034409559884807206 0.020827129483222961 0.080362531123682857
leaf_count=28 13 2 3 1 19 19 18 2 2 31 4 26 2 26
internal_value=2.27008e-05 0.00156978 0.0171559 -0.0120961 -0.00242087 0.00276831 -0.00726183 0.0196265 0.052425 0.0517167 -0.0515527 -0.0506572 -0.0502935 0.0514301
internal_weight=2.25307 2.18576 0.445559 0.254197 1.7402 1.57396 0.986828 0.587135 0.182074 0.0963648 0.166238 0.084523 0.0552367 0.111125
internal_count=196 168 48 45 120 86 37 49 30 32 34 30 28 28
is_linear=0
shrinkage=0.05


Tree=137
num_leaves=15
num_cat=0
split_feature=4 4 3 4 3 0 0 3 4 0 3 3 3 4
split_gain=0.13882 0.134254 0.206523 0.301731 0.227047 0.152812 0.0574051 0.0993147 0.0321573 0.267092 0.00267197 0.000709637 5.26132e-05 5.96502e-05
threshold=24.000045776367191 19.999993324279789 0.0003888201317749918 19.999984741210941 0.00040733325295150285 0.54933331906795513 0.37466666102409368 4.0003957748413095 18.99996376037598 0.71333333849906932 5.998673915863038 8.0700435638427752 3.0004068613052373 2.0000710487365727
decision_type=2 2 2 2 2 2 2 2 2 2 2 2 2 2
left_child=1 2 3 5 -4 -1 -6 8 9 -8 -9 -12 13 -11
right_child=-2 -3 4 -5 6 -7 7 10 -10 12 11 -13 -14 -15
leaf_value=0.015252593047921587 0.050233813222497273 -0.034150298596634217 -0.057238209158751163 0.054124846652081351 -0.030258270908279285 -0.050552442424400629 0.055196393940404612 0.032680925511846114 0.007532312573023104 -0.05026492751611461 0.040915796943251814 0.050268302164563808 -0.053491615635445779 -0.052702091327219674
leaf_weight=0.23540657828562039 0.12960151917650353 0.29826955311000336 0.22152523428667314 0.37102791666984558 0.13265927089378238 0.14110346342204139 0.085280671715736389 0.089456619694828987 0.24917740374803543 0.041458027844782919 0.044417065568268299 0.037327590573113412 0.072514844592660666 0.063654332421720028
leaf_count=15 69 4 3 6 13 23 1 3 3 31 5 15 3 2
internal_value=2.4272e-05 -0.00309928 0.00208925 0.022125 -0.0123473 -0.00940895 -0.000159607 0.00568401 -0.00533792 -0.017536 0.038652 0.0451865 -0.0524556 -0.0517408
internal_weight=2.21288 2.08328 1.78501 0.747538 1.03747 0.37651 0.815946 0.683287 0.512085 0.262908 0.171201 0.0817447 0.177627 0.105112
internal_count=196 127 123 44 79 38 76 63 40 37 23 20 36 33
is_linear=0
shrinkage=0.05


Tree=138
num_leaves=15
num_cat=0
split_feature=4 4 4 0 0 4 5 0 0 4 3 5 3 3
split_gain=0.0665861 0.0510099 0.0671008 0.160944 0.0956429 0.0599033 0.176266 0.0252992 8.03847e-05 3.86413e-05 4.39069e-07 9.81106e-08 4.98372e-08 4.81285e-07
threshold=-1.9999143481254575 -3.6210121834301383e-05 10.000007152557375 0.97999998927116405 0.82666665315628063 18.99996376037598 30.000000000000004 0.71333333849906932 0.842666655778885 24.000045776367191 0.00043318863026797777 30.000000000000004 -1.999054968357086 0.00035516027128323918
decision_type=2 2 2 2 2 2 2 2 2 2 2 2 2 2
left_child=11 -2 4 5 7 6 -4 -3 -6 -7 -11 -1 -10 -14
right_child=1 2 3 -5 8 9 -8 -9 12 10 -12 -13 13 -15
leaf_value=-0.050252217012717829 0.032827836010513999 -0.014165341876652752 0.051431105099140999 -0.0049876544822495365 -0.052828413614690629 0.051585600146739956 -0.050387661675512244 0.010773949684104228 -0.050348274998975318 0.050273476672501663 0.050023834429813112 -0.050122607012647424 -0.050425704766515235 -0.050043454553080458
leaf_weight=0.041475122794509267 0.12281215935945589 0.23453247826546375 0.10825190448667821 1.0302525698207319 0.086529169231653214 0.096637883456423879 0.069987330120056868 0.17953336238861084 0.014748879533726722 0.091871613345574588 0.021790724596939981 0.022533574374392629 0.016741741448640823 0.016205685795284808
leaf_count=15 3 15 15 16 4 7 10 6 3 19 46 13 2 22
internal_value=2.6661e-05 0.00156519 -0.000386651 0.0053541 -0.0152418 0.0327763 0.011451 -0.003352 -0.05192 0.0508506 0.0502256 -0.0502066 -0.0502719 -0.0502377
internal_weight=2.1539 2.0899 1.96708 1.41879 0.548291 0.388539 0.178239 0.414066 0.134225 0.2103 0.113662 0.0640087 0.0476963 0.0329474
internal_count=196 168 165 113 52 97 25 21 31 72 65 28 27 24
is_linear=0
shrinkage=0.05


Tree=139
num_leaves=15
num_cat=0
split_feature=4 0 0 4 4 3 4 4 4 0 0 4 0 3
split_gain=0.0632606 0.0472121 0.186326 0.228854 0.161436 0.104199 0.230435 0.0833615 0.0638611 0.000205165 4.48598e-05 4.10091e-05 1.51008e-05 5.72194e-06
threshold=-1.9999143481254575 0.54933331906795513 0.37466666102409368 12.99998188018799 3.9999772310256962 0.0012995499419048431 19.999984741210941 19.999993324279789 6.0000686645507821 0.97999998927116405 0.15599999576807025 2.0000710487365727 0.71866667270660411 -0.0015406648744828997
decision_type=2 2 2 2 2 2 2 2 2 2 2 2 2 2
left_child=-1 2 3 -2 11 6 -6 -8 -7 12 -5 13 -10 -3
right_child=1 4 -4 10 5 8 7 -9 9 -11 -12 -13 -14 -15
leaf_value=-0.050196486997347245 -0.050984092654228513 -0.051151063065871742 0.055435046799428955 0.052582118966963014 -0.053880931326694928 0.0053302207416338777 0.017003823058261355 -0.012305122609346998 0.051701061766002435 0.054640688525460127 0.050304034339437635 -0.052267604981426033 0.05022047828615455 -0.050269255493079451
leaf_weight=0.060898899915628468 0.14571080333553266 0.030692489759530872 0.17661597850383259 0.046694982796907425 0.19220270961523045 0.13585868105292309 0.63310650736093499 0.39333490506396629 0.031819306313991547 0.077717773616313934 0.040226944576716051 0.074938178993761539 0.037538887001574039 0.045920270466012991
leaf_count=28 13 3 3 1 13 3 9 36 1 1 31 4 23 27
internal_value=2.7673e-05 0.00151072 0.0167152 -0.0126811 -0.00225331 0.00271059 -0.0036359 0.00577256 0.0300459 0.0528765 0.0515278 -0.051436 0.0508997 -0.0506225
internal_weight=2.12328 2.06238 0.409249 0.232633 1.65313 1.50158 1.21864 1.02644 0.282935 0.147076 0.0869219 0.151551 0.0693582 0.0766128
internal_count=196 168 48 45 120 86 58 45 28 25 32 34 24 30
is_linear=0
shrinkage=0.05


Tree=140
num_leaves=15
num_cat=0
split_feature=0 4 0 4 3 4 4 3 4 0 3 4 3 3
split_gain=0.0407856 0.236612 0.204954 0.169423 0.0976686 0.113579 0.107284 8.82592e-05 4.40853e-05 3.84358e-05 5.38674e-06 5.64088e-07 2.82204e-07 2.91188e-07
threshold=0.37466666102409368 12.99998188018799 0.54933331906795513 3.9999772310256962 0.00040733325295150285 19.999993324279789 19.999970436096195 0.00043318863026797777 2.0000710487365727 0.15599999576807025 -2.0016093254089351 8.3305003499845056e-05 0.00046494518755935138 0.00052327479352243255
decision_type=2 2 2 2 2 2 2 2 2 2 2 2 2 2
left_child=1 -1 -2 8 5 -5 -6 -8 10 -3 -4 -12 -9 -14
right_child=2 9 3 4 6 -7 7 12 -10 -11 11 -13 13 -15
leaf_value=-0.050777253911423875 0.055142375817859607 0.052449856424278178 -0.05103309009756915 0.0046150562846609833 0.004515989441721345 -0.032883215032842285 0.053702566488818854 0.051502616684172886 -0.05215414836633353 0.05028919611834104 -0.05009925185230988 -0.050415445505047743 0.051434905238393572 0.05123497684089362
leaf_weight=0.17888335511088382 0.16887141671031702 0.044526822865009308 0.030629910179413855 0.63926620548590996 0.37886614690069109 0.29518099268898368 0.066595832584425807 0.029128436843166128 0.071434557903558016 0.038276061124633998 0.037451048439834378 0.022627437952905893 0.031453272385988384 0.043262454564683139
leaf_count=23 3 1 7 19 19 18 2 2 4 31 38 3 4 22
internal_value=2.3542e-05 -0.0184301 0.00268453 -0.00269773 0.00260529 -0.00723021 0.0193369 0.0522818 -0.0512251 0.0514511 -0.0504935 -0.0502183 0.0513706 0.0513191
internal_weight=2.07645 0.261686 1.81477 1.6459 1.48375 0.934447 0.549306 0.17044 0.162143 0.0828029 0.0907084 0.0600785 0.103844 0.0747157
internal_count=196 55 141 138 86 37 49 30 52 32 48 41 28 26
is_linear=0
shrinkage=0.05


Tree=141
num_leaves=15
num_cat=0
split_feature=4 4 3 4 3 0 0 3 4 0 3 3 3 4
split_gain=0.128352 0.123694 0.201204 0.273532 0.218276 0.128623 0.0492465 0.0914127 0.0283506 0.231589 0.0021652 4.89931e-05 4.29623e-05 3.81458e-05
threshold=24.000045776367191 19.999993324279789 0.0003888201317749918 19.999984741210941 0.00040733325295150285 0.54933331906795513 0.37466666102409368 4.0003957748413095 18.99996376037598 0.71333333849906932 5.998673915863038 6.0007662773132333 3.0004068613052373 2.0000710487365727
decision_type=2 2 2 2 2 2 2 2 2 2 2 2 2 2
left_child=1 2 3 5 -4 -1 -6 8 9 -8 -9 -12 13 -11
right_child=-2 -3 4 -5 6 -7 7 10 -10 12 11 -13 -14 -15
leaf_value=0.014272289695785468 0.050226489871502203 -0.033424580647895018 -0.056951897649351046 0.053847998716026538 -0.029743701347641722 -0.050487966651239641 0.054465390805838371 0.033387229602429735 0.0069398697175356953 -0.05023516239430309 0.046373497023143397 0.043786340762622798 -0.053201872838874148 -0.052339178490711451
leaf_weight=0.20723551325500034 0.11984639463480551 0.28629103116691101 0.21481642528669909 0.34927933663129807 0.11527223256416619 0.12169815599918365 0.075264133512973785 0.082711719907820225 0.23750878497958183 0.035122666275128722 0.039547544438391924 0.034058245073538274 0.066000597551465034 0.05571320652961731
leaf_count=15 69 4 3 6 13 23 1 3 3 31 3 17 3 2
internal_value=2.52426e-05 -0.00310747 0.00220361 0.0230332 -0.0125733 -0.00968757 0.000288688 0.00581953 -0.00520467 -0.0176322 0.0389384 0.0451764 -0.052231 -0.0515256
internal_weight=2.04037 1.92052 1.63423 0.678213 0.956016 0.328934 0.741199 0.625927 0.469609 0.232101 0.156318 0.0736058 0.156836 0.0908359
internal_count=196 127 123 44 79 38 76 63 40 37 23 20 36 33
is_linear=0
shrinkage=0.05


Tree=142
num_leaves=15
num_cat=0
split_feature=4 4 3 4 3 0 0 3 4 0 3 3 3 4
split_gain=0.121882 0.11166 0.187832 0.26078 0.207049 0.121832 0.0452794 0.084998 0.026791 0.219633 0.0022722 4.62278e-05 3.67555e-05 3.27303e-05
threshold=24.000045776367191 19.999993324279789 0.0003888201317749918 19.999984741210941 0.00040733325295150285 0.54933331906795513 0.37466666102409368 4.0003957748413095 18.99996376037598 0.71333333849906932 5.998673915863038 6.0007662773132333 3.0004068613052373 2.0000710487365727
decision_type=2 2 2 2 2 2 2 2 2 2 2 2 2 2
left_child=1 2 3 5 -4 -1 -6 8 9 -8 -9 -12 13 -11
right_child=-2 -3 4 -5 6 -7 7 10 -10 12 11 -13 -14 -15
leaf_value=0.013587935178597382 0.050215414082638299 -0.031784827824084753 -0.056567151666891947 0.0536496339722808 -0.028739629952481922 -0.050464185519678961 0.054228687005264432 0.03235367658904021 0.0066003139099793029 -0.05022371497678655 0.045792418828820063 0.04323160583221642 -0.05303748886803962 -0.052221017535288163
leaf_weight=0.20680080354213692 0.11402592647937138 0.28601493127644051 0.20569430649629794 0.33344217389822006 0.11338376603089273 0.11581604581442662 0.071898050606250763 0.081127478741109371 0.23724799603223801 0.033417136990465224 0.038084238301962614 0.032802564965095371 0.062971380539238453 0.053112925961613655
leaf_count=15 69 4 3 6 13 23 1 3 3 31 3 17 3 2
internal_value=2.77812e-05 -0.00302952 0.0021568 0.022642 -0.0122983 -0.0094061 0.000278024 0.00566584 -0.00507348 -0.0175829 0.0380678 0.0446074 -0.0521185 -0.0514497
internal_weight=1.98584 1.87181 1.5858 0.656059 0.92974 0.322617 0.724046 0.610662 0.458647 0.221399 0.152014 0.0708868 0.149501 0.0865301
internal_count=196 127 123 44 79 38 76 63 40 37 23 20 36 33
is_linear=0
shrinkage=0.05


Tree=143
num_leaves=14
num_cat=0
split_feature=4 0 4 0 0 3 4 4 3 4 0 3 0
split_gain=0.0572389 0.0491748 0.143044 0.138769 0.0900934 0.0798633 0.00675562 3.1856e-05 2.71151e-07 6.70729e-08 3.82329e-08 1.17741e-11 6.38118e-14
threshold=-1.9999143481254575 0.97333332896232616 18.99996376037598 0.82666665315628063 0.37466666102409368 0.0003888201317749918 14.000003814697267 24.000045776367191 0.00043318863026797777 -9.9992184638977033 0.70933333039283764 20.000427246093754 0.24666666984558108
decision_type=2 2 2 2 2 2 2 2 2 2 2 2 2
left_child=9 2 3 4 -2 -3 -5 -4 -9 -1 -11 -10 -13
right_child=1 5 7 6 -6 -7 -8 8 11 10 -12 12 -14
leaf_value=-0.050241513724454234 -0.015838320379724085 0.0064555459042840869 0.051556552709498008 -0.052104390474595697 0.026401006163512666 -0.021874389119530002 -0.02967946849258939 0.050243074928038194 0.050020495387293029 -0.050192525075602457 -0.050078773646210877 0.050017926186269705 0.050017669456405726
leaf_weight=0.025380809558555484 0.19514531083405007 0.56581141566857673 0.093664738174993545 0.089736237365286797 0.35752606100868434 0.44396641227649525 0.053672379232011735 0.061957897734828293 0.0069196794647723428 0.013629037654027454 0.016128583694808185 0.0064482027373742312 0.0038749475206714123
leaf_count=6 17 17 7 17 15 19 15 15 17 4 18 18 11
internal_value=3.01415e-05 0.00150381 0.010224 0.000114432 0.0114865 -0.0060002 -0.0437116 0.0509324 0.0501943 -0.0501818 -0.0501309 0.0500189 0.0500178
internal_weight=1.93386 1.87872 0.868945 0.69608 0.552671 1.00978 0.143409 0.172865 0.0792007 0.0551384 0.0297576 0.0172428 0.0103232
internal_count=196 168 132 64 32 36 32 68 61 28 22 46 29
is_linear=0
shrinkage=0.05


Tree=144
num_leaves=14
num_cat=0
split_feature=4 0 4 0 0 3 4 4 3 4 0 0 0
split_gain=0.0543791 0.0451612 0.136928 0.129353 0.0821663 0.0725107 0.00906427 2.73507e-05 2.33282e-07 5.76983e-08 3.28956e-08 1.01454e-11 5.60975e-14
threshold=-1.9999143481254575 0.97333332896232616 18.99996376037598 0.82666665315628063 0.37466666102409368 0.0003888201317749918 15.999965190887453 24.000045776367191 0.00043318863026797777 -9.9992184638977033 0.70933333039283764 0.96399998664855968 0.24666666984558108
decision_type=2 2 2 2 2 2 2 2 2 2 2 2 2
left_child=9 2 3 4 -2 -3 -5 -4 -9 -1 -11 12 -10
right_child=1 5 7 6 -6 -7 -8 8 11 10 -12 -13 -14
leaf_value=-0.050229687337898302 -0.015121861330654974 0.0061460311577521192 0.051478493318614739 -0.051833548469591685 0.025356016659445188 -0.020904765674713135 -0.024332945033001617 0.05023116662751087 0.050017051659885708 -0.05018310927563379 -0.050074932001980522 0.050019495977324115 0.050016804855835345
leaf_weight=0.024148514494299889 0.19419657718390215 0.56462173187173881 0.08922834787517786 0.094403804047033191 0.35374679195228964 0.44139854416425806 0.043895304552279413 0.058949795493390411 0.0061338245868682861 0.012966712936759106 0.01534313103184104 0.0065823309414554379 0.0036860261170659214
leaf_count=6 17 17 7 19 15 19 13 15 18 4 18 17 11
internal_value=3.0028e-05 0.00144833 0.00992742 0.00010435 0.0110103 -0.0057227 -0.043105 0.0508862 0.0501848 -0.0501729 -0.0501245 0.050018 0.050017
internal_weight=1.9093 1.85684 0.850823 0.686242 0.547943 1.00602 0.138299 0.16458 0.075352 0.0524584 0.0283098 0.0164022 0.00981985
internal_count=196 168 132 64 32 36 32 68 61 28 22 46 29
is_linear=0
shrinkage=0.05


Tree=145
num_leaves=14
num_cat=0
split_feature=4 0 4 0 0 3 4 4 3 4 0 0 0
split_gain=0.0516636 0.0414516 0.131072 0.120596 0.074879 0.0658051 0.0094179 2.34853e-05 2.00714e-07 4.96359e-08 2.83047e-08 8.72567e-12 4.72452e-14
threshold=-1.9999143481254575 0.97333332896232616 18.99996376037598 0.82666665315628063 0.37466666102409368 0.0003888201317749918 15.999965190887453 24.000045776367191 -1.0000000180025095e-35 -9.9992184638977033 0.70933333039283764 0.96399998664855968 0.24666666984558108
decision_type=2 2 2 2 2 2 2 2 2 2 2 2 2
left_child=9 2 3 4 -2 -3 -5 -4 -9 -1 -11 12 -10
right_child=1 5 7 6 -6 -7 -8 8 11 10 -12 -13 -14
leaf_value=-0.050218442858113659 -0.014431830418607164 0.005850683840578963 0.051404450479042664 -0.051743914691294371 0.024332796691818495 -0.019969079744242904 -0.023385254480721578 0.050219848850729013 0.050016219231141856 -0.050174155896133978 -0.050071277074804667 0.05001854436256109 0.050015987004465579
leaf_weight=0.022975790547206998 0.19333050004206587 0.5634976109722627 0.084995800862088799 0.089951307483715937 0.35028206463903189 0.43903912958921865 0.043403367977589369 0.056087100994772987 0.005834769195644407 0.012336464598775021 0.014595875982195139 0.0062614229391328999 0.0035063124378211796
leaf_count=6 17 17 7 19 15 19 13 15 18 4 18 17 11
internal_value=2.97241e-05 0.00139402 0.00963235 9.42404e-05 0.0105465 -0.00545652 -0.0425139 0.0508423 0.0501757 -0.0501645 -0.0501184 0.0500171 0.0500161
internal_weight=1.8861 1.83619 0.833653 0.676967 0.543613 1.00254 0.133355 0.156685 0.0716896 0.0499081 0.0269323 0.0156025 0.00934108
internal_count=196 168 132 64 32 36 32 68 61 28 22 46 29
is_linear=0
shrinkage=0.05


Tree=146
num_leaves=14
num_cat=0
split_feature=4 0 4 0 0 3 4 4 3 4 0 0 0
split_gain=0.0490852 0.038024 0.125463 0.112384 0.0681882 0.0596943 0.00976141 2.01688e-05 1.72685e-07 4.27059e-08 2.4354e-08 7.49918e-12 4.06741e-14
threshold=-1.9999143481254575 0.97333332896232616 18.99996376037598 0.82666665315628063 0.37466666102409368 0.0003888201317749918 15.999965190887453 24.000045776367191 0.00043318863026797777 -9.9992184638977033 0.70933333039283764 0.96399998664855968 0.24666666984558108
decision_type=2 2 2 2 2 2 2 2 2 2 2 2 2
left_child=9 2 3 4 -2 -3 -5 -4 -9 -1 -11 12 -10
right_child=1 5 7 6 -6 -7 -8 8 11 10 -12 -13 -14
leaf_value=-0.050207754941128724 -0.013768021873962944 0.0055689270657017266 0.051334208639808268 -0.051658663505726378 0.023333088372099599 -0.019067215940500842 -0.022454552745309584 0.050209081575448539 0.050015429206651488 -0.05016563921367706 -0.050067800035637933 0.05001763921881739 0.050015208281275925
leaf_weight=0.021859783912077546 0.19253996387124039 0.5624351748265326 0.08095834607956931 0.085701971896924078 0.34710879588965327 0.43687213124940172 0.042954040342010558 0.053362851904239506 0.005550289642997086 0.011736749904230348 0.01388496661093086 0.0059561547823250302 0.0033353582257404923
leaf_count=6 17 17 7 19 15 19 13 15 18 4 18 17 11
internal_value=2.93682e-05 0.00134098 0.00933863 8.44864e-05 0.0100959 -0.00520138 -0.0419084 0.0508006 0.0501671 -0.0501564 -0.0501126 0.0500163 0.0500153
internal_weight=1.86426 1.81678 0.817468 0.668305 0.539649 0.999307 0.128656 0.149163 0.0682047 0.0474815 0.0256217 0.0148418 0.00888565
internal_count=196 168 132 64 32 36 32 68 61 28 22 46 29
is_linear=0
shrinkage=0.05


Tree=147
num_leaves=15
num_cat=0
split_feature=4 0 0 0 3 4 0 3 4 3 4 3 4 3
split_gain=0.0394237 0.140022 0.124768 0.21852 0.208935 0.036794 0.0447444 5.3524e-05 1.90827e-05 3.7582e-06 2.44853e-07 1.8524e-07 2.35558e-09 2.33684e-10
threshold=10.000007152557375 0.97999998927116405 0.37466666102409368 0.54933331906795513 4.0003957748413095 18.99996376037598 0.71866667270660411 1.0002148674102502 24.000045776367191 -2.0016093254089351 1.3792829577141676e-05 0.00043318863026797777 -3.4944745493703515e-05 1.0002148674102502
decision_type=2 2 2 2 2 2 2 2 2 2 2 2 2 2
left_child=2 5 13 -4 7 6 -2 9 -7 -5 12 -10 -11 -1
right_child=1 -3 3 4 -6 8 -8 -9 11 10 -12 -13 -14 -15
leaf_value=-0.050717369916267845 0.042221471375332553 -0.0045206532637917527 0.054169037387723773 -0.050895980061385897 0.035377824108313492 0.051267558265670421 -0.012984397686550228 -0.052154251680560537 0.050213839267126407 -0.05006704917568007 -0.050286420863244002 0.050015472733557734 -0.050028251071817853 -0.050721370699713331
leaf_weight=0.072093722410500161 0.077763858716934697 0.94295804901048541 0.14036301523447037 0.033668415970169008 0.10628729639574885 0.077107549062930048 0.069512638030573726 0.11628010449931026 0.070728089718613774 0.007463390356861054 0.033205783285666257 0.014118177772616036 0.0082219064934179187 0.07392471469938755
leaf_count=13 6 16 2 8 8 7 19 10 19 9 7 46 18 8
internal_value=2.89635e-05 0.00505412 -0.010609 0.00253801 -0.0212131 0.0342512 0.016165 -0.051463 0.0506982 -0.0504895 -0.0502095 0.0501808 -0.0500467 -0.0507194
internal_weight=1.8437 1.25219 0.591508 0.44549 0.305127 0.30923 0.147276 0.19884 0.161954 0.0825595 0.0488911 0.0848463 0.0156853 0.146018
internal_count=196 113 83 62 60 97 25 52 72 42 34 65 27 21
is_linear=0
shrinkage=0.05


Tree=148
num_leaves=15
num_cat=0
split_feature=4 4 0 3 3 4 4 0 3 4 0 4 3 3
split_gain=0.0446488 0.047253 0.45378 0.195623 0.197272 0.179009 0.0472999 0.0373965 0.0709441 0.0333202 0.180226 1.73901e-05 5.03551e-06 1.5938e-07
threshold=-1.9999143481254575 19.999993324279789 0.97999998927116405 0.0003888201317749918 0.00040733325295150285 19.999984741210941 -4.0874838305171571e-06 0.37466666102409368 4.0003957748413095 18.99996376037598 0.71333333849906932 24.000045776367191 3.0004068613052373 0.00043318863026797777
decision_type=2 2 2 2 2 2 2 2 2 2 2 2 2 2
left_child=-1 3 11 5 -5 6 -2 -6 9 10 -9 -3 -12 -13
right_child=1 2 -4 4 7 -7 -8 8 -10 -11 12 13 -14 -15
leaf_value=-0.050141093018584472 0.022373463781652107 0.051244888132751666 -0.06326067382918775 -0.055693185095377129 -0.024994375251361056 0.053396214865257967 -0.021359997985239298 0.053435182767655479 0.040567588576442701 0.010466508406838496 -0.051574696551684833 0.050203370948529107 -0.052227593163284847 0.050014717402038916
leaf_weight=0.04328496230300527 0.1061798760201782 0.070974653586745151 0.2061627252260223 0.18393634828680661 0.10159165400546044 0.31289474293589592 0.14800774669856742 0.060154110193252563 0.12850476172752678 0.24059447646141052 0.078030903154285625 0.067292315885424614 0.047514994628727436 0.01342982379719615
leaf_count=28 5 3 5 3 12 6 18 1 19 3 25 19 3 46
internal_value=2.91474e-05 0.00125934 -0.0149637 0.00538435 -0.00992896 0.0280763 -0.00309155 0.00289526 0.00800225 -0.00181444 -0.0177257 0.050674 -0.0518218 0.050172
internal_weight=1.80855 1.76527 0.35786 1.40741 0.840327 0.567082 0.254188 0.656391 0.554799 0.426294 0.1857 0.151697 0.125546 0.0807221
internal_count=196 168 73 95 66 29 23 63 51 32 29 68 28 65
is_linear=0
shrinkage=0.05


Tree=149
num_leaves=15
num_cat=0
split_feature=4 0 3 4 3 0 3 3 4 0 4 0 3 0
split_gain=0.0374607 0.424128 0.151229 0.221417 0.183219 0.113755 0.076859 0.14695 0.132782 0.0278821 1.4936e-05 2.15052e-06 1.37126e-07 4.79817e-12
threshold=19.999993324279789 0.97999998927116405 0.0003888201317749918 19.999984741210941 0.00040733325295150285 0.54933331906795513 0.00043318863026797777 0.0012995499419048431 10.000071048736574 0.71599999070167553 24.000045776367191 0.77866667509078991 0.00043318863026797777 0.96399998664855968
decision_type=2 2 2 2 2 2 2 2 2 2 2 2 2 2
left_child=2 10 3 5 -4 -1 -6 -8 9 -9 -2 -7 -12 -14
right_child=1 -3 4 -5 6 11 7 8 -10 -11 12 -13 13 -15
leaf_value=0.015330570600188316 0.05118270555585034 -0.061697903667711843 -0.055384850927740092 0.053222255298297765 0.053211614404714239 -0.050756323799122753 -0.055250103837375109 -0.019998923624922716 0.053042073302693983 0.0084089804566799299 0.050193414499332505 -0.050284286017989101 0.050013207499101736 0.050015184404414763
leaf_weight=0.18219784274697282 0.067593133077025525 0.20094872626941651 0.17591505743621383 0.29858292825520039 0.06614843217539601 0.03871904406696558 0.11163495783694088 0.19235470832791179 0.12370499497046694 0.15677147108362988 0.064022807026049122 0.06402960026753135 0.0076482535805553198 0.005126768461195752
leaf_count=15 3 5 3 6 2 6 25 14 18 17 19 17 29 17
internal_value=3.15799e-05 -0.0147277 0.0036463 0.0231343 -0.0101122 -0.00839358 0.00212874 -0.00365269 0.00852941 -0.00724265 0.0506407 -0.0504622 0.0501636 0.050014
internal_weight=1.7554 0.34534 1.41006 0.583529 0.82653 0.284946 0.650615 0.584466 0.472831 0.349126 0.144391 0.102749 0.0767978 0.012775
internal_count=196 73 123 44 79 38 76 74 49 31 68 23 65 46
is_linear=0
shrinkage=0.05


Tree=150
num_leaves=15
num_cat=0
split_feature=4 0 0 0 3 4 0 3 4 3 0 4 3 4
split_gain=0.035061 0.121216 0.116423 0.197859 0.18401 0.0319898 0.0405777 3.77271e-05 1.20901e-05 3.02905e-06 2.65997e-07 1.68657e-07 1.17986e-07 1.432e-09
threshold=10.000007152557375 0.97999998927116405 0.37466666102409368 0.54933331906795513 4.0003957748413095 18.99996376037598 0.71866667270660411 1.0002148674102502 24.000045776367191 -2.0016093254089351 0.19466666877269748 1.3792829577141676e-05 0.00043318863026797777 -3.4944745493703515e-05
decision_type=2 2 2 2 2 2 2 2 2 2 2 2 2 2
left_child=2 5 10 -4 7 6 -2 9 -7 -5 -1 13 -10 -11
right_child=1 -3 3 4 -6 8 -8 -9 12 11 -12 -13 -14 -15
leaf_value=-0.050748312020129964 0.04179598047014034 -0.0041534609649229717 0.053809272589589043 -0.050836614279796688 0.033235517022386384 0.051086938269013962 -0.012439549270857692 -0.051932981485250586 0.050183947478331763 -0.050057876377907123 -0.050606878550683201 -0.050253647898580459 0.050013316071672337 -0.05002540027772534
leaf_weight=0.059033272322267405 0.074535813648253457 0.87835063831880689 0.13000621274113655 0.030669530329760164 0.10055335110519081 0.066609920264454558 0.064185858238488436 0.10492735414300114 0.060911576467333362 0.0064532278920523822 0.07609714544378221 0.029412157076876611 0.01215213889372535 0.0071608676225878298
leaf_count=11 6 16 2 8 8 7 19 10 19 9 10 7 46 18
internal_value=3.47189e-05 0.00495883 -0.0104297 0.00285894 -0.0208675 0.0337086 0.0167015 -0.051324 0.0505997 -0.0504569 -0.0506687 -0.0501863 0.0501556 -0.0500408
internal_weight=1.70106 1.15675 0.544313 0.409183 0.279176 0.278395 0.138722 0.178623 0.139674 0.0736958 0.13513 0.0430263 0.0730637 0.0136141
internal_count=196 113 83 62 60 97 25 52 72 42 21 34 65 27
is_linear=0
shrinkage=0.05


Tree=151
num_leaves=15
num_cat=0
split_feature=4 0 3 4 3 0 3 3 4 0 4 0 3 0
split_gain=0.0402701 0.383946 0.144059 0.208003 0.174051 0.103565 0.0725292 0.138938 0.124227 0.0245874 1.10227e-05 1.56177e-06 1.01518e-07 3.54399e-12
threshold=19.999993324279789 0.97999998927116405 0.0003888201317749918 19.999984741210941 0.00040733325295150285 0.54933331906795513 0.00043318863026797777 0.0012995499419048431 10.000071048736574 0.71599999070167553 24.000045776367191 0.77866667509078991 0.00043318863026797777 0.96399998664855968
decision_type=2 2 2 2 2 2 2 2 2 2 2 2 2 2
left_child=2 10 3 5 -4 -1 -6 -8 9 -9 -2 -7 -12 -14
right_child=1 -3 4 -5 6 11 7 8 -10 -11 12 -13 13 -15
leaf_value=0.014667089696598938 0.051067740769990225 -0.060097324641118069 -0.055073928706478849 0.053070160978447772 0.053002796422942838 -0.050684014227714271 -0.054976318380289435 -0.019245063938519571 0.052923657073515235 0.0079594629603154648 0.050174946863902552 -0.050263065430167148 0.050011949845831016 0.050013735933968885
leaf_weight=0.17362910148221977 0.061297211796045414 0.19544174137990922 0.16761696472531185 0.28592943213880062 0.063427575048990548 0.035086780088022351 0.10588759748497978 0.18244665127713233 0.11733452198677696 0.15246138768270612 0.057951015623984858 0.059230559854768217 0.0069205904874252155 0.0046390279458137229
leaf_count=15 3 5 3 6 2 6 25 14 18 17 19 17 29 17
internal_value=3.43834e-05 -0.0157223 0.00386195 0.0234087 -0.00985677 -0.00824349 0.00233705 -0.00342075 0.00865041 -0.00686065 0.050579 -0.0504197 0.050148 0.0500127
internal_weight=1.6693 0.32625 1.34305 0.553876 0.789175 0.267946 0.621558 0.55813 0.452243 0.334908 0.130808 0.0943173 0.0695106 0.0115596
internal_count=196 73 123 44 79 38 76 74 49 31 68 23 65 46
is_linear=0
shrinkage=0.05


Tree=152
num_leaves=15
num_cat=0
split_feature=4 0 3 4 3 0 3 3 4 0 4 0 3 0
split_gain=0.0376293 0.359052 0.134553 0.198714 0.165209 0.0979789 0.0686163 0.131225 0.117967 0.0223583 9.47008e-06 1.34473e-06 8.73491e-08 3.04681e-12
threshold=19.999993324279789 0.97999998927116405 0.0003888201317749918 19.999984741210941 0.00040733325295150285 0.54933331906795513 0.00043318863026797777 0.0012995499419048431 10.000071048736574 0.71599999070167553 24.000045776367191 0.77866667509078991 0.00043318863026797777 0.96399998664855968
decision_type=2 2 2 2 2 2 2 2 2 2 2 2 2 2
left_child=2 10 3 5 -4 -1 -6 -8 9 -9 -2 -7 -12 -14
right_child=1 -3 4 -5 6 11 7 8 -10 -11 12 -13 13 -15
leaf_value=0.013972057407359571 0.051014587030150264 -0.058651719665896378 -0.054802098991578209 0.052913632083866249 0.05275242801472179 -0.050650575533142429 -0.054716606529650616 -0.018424178499873586 0.052780145061599615 0.0075706785237647572 0.050166386442582672 -0.050250181120379246 0.050011367398770615 0.050013065383689097
leaf_weight=0.17316516418941297 0.058366931974887959 0.1903755774255842 0.16021304483001586 0.27276873961091042 0.060613330890191719 0.033397055929526687 0.10118938720552251 0.18108261295128614 0.11190787309897132 0.15228112100157887 0.055133880669018254 0.056355933542363346 0.0065831440879264846 0.0044128375448053703
leaf_count=15 3 5 3 6 2 6 25 14 18 17 19 17 29 17
internal_value=3.74124e-05 -0.0154745 0.00378597 0.0230157 -0.00963937 -0.0080025 0.00227954 -0.00331891 0.00836138 -0.00654968 0.0505504 -0.0503992 0.0501407 0.050012
internal_weight=1.61785 0.314872 1.30297 0.535687 0.767287 0.262918 0.607074 0.546461 0.445272 0.333364 0.124497 0.089753 0.0661299 0.010996
internal_count=196 73 123 44 79 38 76 74 49 31 68 23 65 46
is_linear=0
shrinkage=0.05


Tree=153
num_leaves=15
num_cat=0
split_feature=4 0 3 4 3 0 3 0 3 4 4 4 0 3
split_gain=0.0351574 0.335852 0.125618 0.189901 0.156869 0.0927208 0.0366278 0.0330067 0.0817497 0.158863 0.014579 8.1369e-06 1.15785e-06 7.51599e-08
threshold=19.999993324279789 0.97999998927116405 0.0003888201317749918 19.999984741210941 0.00040733325295150285 0.54933331906795513 0.0011602283339016142 0.82666665315628063 0.0012995499419048431 15.999965190887453 3.9999772310256962 24.000045776367191 0.77866667509078991 0.00043318863026797777
decision_type=2 2 2 2 2 2 2 2 2 2 2 2 2 2
left_child=2 11 3 5 -4 -1 -6 10 -9 -10 -8 -2 -7 -13
right_child=1 -3 4 -5 6 12 7 8 9 -11 -12 13 -14 -15
leaf_value=0.013306246001003517 0.050964131513103132 -0.057247351250976852 -0.054546058386366197 0.052765414326166264 0.036594476689601509 -0.050618778897605549 -0.0038720297652614869 -0.055010000455622036 -0.051568334816885331 0.053395115002467936 0.018642237772193048 0.050158247788817827 -0.050237930519919198 0.050011461568354836
leaf_weight=0.17274947348050751 0.055573923513293377 0.18542042665649205 0.15309661954233889 0.26017607748508453 0.068550224794307724 0.031787715735845268 0.12684893130790442 0.086047491407953203 0.065222106699366122 0.080591617908794433 0.16600132221356034 0.052453265379881486 0.053620164544554427 0.010459821016411297
leaf_count=15 3 5 3 6 21 6 7 6 13 13 16 19 17 46
internal_value=4.02868e-05 -0.0152299 0.00370973 0.0226189 -0.00942236 -0.00776338 0.00222223 -0.00226829 -0.0163618 0.00644523 0.00889012 0.0505233 -0.0503797 0.0501338
internal_weight=1.5686 0.303907 1.26469 0.518333 0.746358 0.258157 0.593262 0.524711 0.231861 0.145814 0.29285 0.118487 0.0854079 0.0629131
internal_count=196 73 123 44 79 38 76 55 32 26 23 68 23 65
is_linear=0
shrinkage=0.05


Tree=154
num_leaves=15
num_cat=0
split_feature=4 0 3 4 3 0 0 3 3 4 4 0 3 0
split_gain=0.0328234 0.314199 0.117281 0.181532 0.148942 0.0877691 0.0367516 0.0507726 0.149028 0.0828792 6.99201e-06 9.96896e-07 6.46715e-08 2.26152e-12
threshold=19.999993324279789 0.97999998927116405 0.0003888201317749918 19.999984741210941 0.00040733325295150285 0.54933331906795513 0.37466666102409368 0.00043318863026797777 0.0012995499419048431 6.0000686645507821 24.000045776367191 0.77866667509078991 0.00043318863026797777 0.96399998664855968
decision_type=2 2 2 2 2 2 2 2 2 2 2 2 2 2
left_child=2 10 3 5 -4 -1 -6 -8 -9 -10 -2 -7 -12 -14
right_child=1 -3 4 -5 6 11 7 8 9 -11 12 -13 13 -15
leaf_value=0.012668938993962568 0.050916230684421027 -0.055875923752016866 -0.054304768564668864 0.052625032285425546 -0.026988647597073576 -0.050588532011572263 0.052336520610534711 -0.054195688583805017 -0.00010729475289471954 0.05249039371344924 0.050150507207533501 -0.050226280773269849 0.050010285870182407 0.050011823746743025
leaf_weight=0.17237744643352904 0.052912028506398312 0.1805965059902519 0.14626070705708116 0.24813065864145756 0.091179249109700322 0.030255032703280449 0.056115316110663116 0.093264110386371613 0.22812060441356152 0.11150254213134758 0.049902596045285463 0.051016610203078017 0.0059567968419287354 0.0039930010971147567
leaf_count=15 3 5 3 6 13 6 2 25 19 17 19 17 29 17
internal_value=3.90118e-05 -0.0149873 0.00362804 0.0222185 -0.00921305 -0.00752651 0.00215432 0.00758831 0.00178759 0.0171612 0.0504975 -0.0503611 0.0501273 0.0500109
internal_weight=1.52158 0.293361 1.22822 0.50178 0.726443 0.253649 0.580182 0.489003 0.432887 0.339623 0.112764 0.0812716 0.0598524 0.0099498
internal_count=196 73 123 44 79 38 76 63 61 36 68 23 65 46
is_linear=0
shrinkage=0.05


Tree=155
num_leaves=15
num_cat=0
split_feature=4 4 0 3 3 4 0 3 4 0 4 4 0 3
split_gain=0.0409271 0.0368934 0.293965 0.138001 0.144763 0.129884 0.0336907 0.0546355 0.0224955 0.165463 0.0222426 6.00864e-06 1.88965e-07 5.56476e-08
threshold=-1.9999143481254575 19.999993324279789 0.97999998927116405 0.0003888201317749918 0.00040733325295150285 19.999984741210941 0.37466666102409368 4.0003957748413095 18.99996376037598 0.71333333849906932 8.3305003499845056e-05 24.000045776367191 0.82666665315628063 0.00043318863026797777
decision_type=2 2 2 2 2 2 2 2 2 2 2 2 2 2
left_child=-1 3 11 5 -5 10 -6 8 9 -8 -2 -3 -11 -13
right_child=1 2 -4 4 6 -7 7 -9 -10 12 -12 13 -14 -15
leaf_value=-0.050137135520735024 0.015914233281501274 0.050870746916894118 -0.054530259875045395 -0.054077267518951547 -0.025534606911273773 0.052492044997513365 0.053282066567631708 0.038445760803908428 0.010183742965014349 -0.051660760707273518 -0.016112043948758769 0.050143145630812319 -0.051528256752531809 0.050010370845421787
leaf_weight=0.039546826941659785 0.10246976307826094 0.050375344231724628 0.17592046468053013 0.13969798581092618 0.08821390348020941 0.23661205545067787 0.057803653180599213 0.1130014571826905 0.19261471554636955 0.053061519749462605 0.11512280532042496 0.047475611179834232 0.05458763925707899 0.0094646388170076534
leaf_count=28 8 3 5 3 12 6 1 19 3 3 15 19 25 46
internal_value=4.18479e-05 0.00142335 -0.0147455 0.00539461 -0.00854835 0.0268516 0.00282389 0.00813439 -0.00143148 -0.0149535 -0.00103007 0.050473 -0.0515936 0.0501211
internal_weight=1.47597 1.43642 0.283236 1.15319 0.698981 0.454205 0.559283 0.471069 0.358068 0.165453 0.217593 0.107316 0.107649 0.0569402
internal_count=196 168 73 95 66 29 63 51 32 29 23 68 28 65
is_linear=0
shrinkage=0.05


Tree=156
num_leaves=15
num_cat=0
split_feature=4 4 0 3 3 4 0 3 4 0 4 4 0 3
split_gain=0.0389055 0.0343938 0.275036 0.128251 0.137449 0.125827 0.0309152 0.0508039 0.021 0.157047 0.0201637 5.16399e-06 1.60772e-07 4.78852e-08
threshold=-1.9999143481254575 19.999993324279789 0.97999998927116405 0.0003888201317749918 0.00040733325295150285 19.999984741210941 0.37466666102409368 4.0003957748413095 18.99996376037598 0.71333333849906932 8.3305003499845056e-05 24.000045776367191 0.82666665315628063 0.00043318863026797777
decision_type=2 2 2 2 2 2 2 2 2 2 2 2 2 2
left_child=-1 3 11 5 -5 10 -6 8 9 -8 -2 -3 -11 -13
right_child=1 2 -4 4 6 -7 7 -9 -10 12 -12 13 -14 -15
leaf_value=-0.050130441283208649 0.015164541592385051 0.05082756156024372 -0.053204189965060281 -0.053862672176496998 -0.024566273351512541 0.052366034469774496 0.053111766914456085 0.03756200621875861 0.0096938265350335808 -0.051578253929649626 -0.015390700806785333 0.050136147522560709 -0.051453033162339068 0.050009864867855837
leaf_weight=0.037623002048349119 0.1021668247412888 0.047958194278180488 0.17140579235274345 0.13340088359836955 0.087134769069962204 0.22560027800500393 0.055156383663415909 0.10995568803627975 0.19224163889884949 0.050552382133901119 0.11450872078421526 0.045166343450546265 0.051999367191456258 0.009003131664940156
leaf_count=28 8 3 5 3 12 6 1 19 3 3 15 19 25 46
internal_value=4.31101e-05 0.00139507 -0.0145035 0.00526853 -0.00835585 0.0262296 0.00274141 0.00791519 -0.00139997 -0.014923 -0.000983297 0.0504497 -0.0515148 0.0501152
internal_weight=1.43387 1.39625 0.273533 1.12272 0.680441 0.442276 0.54704 0.459905 0.34995 0.157708 0.216676 0.102128 0.102552 0.0541695
internal_count=196 168 73 95 66 29 63 51 32 29 23 68 28 65
is_linear=0
shrinkage=0.05


Tree=157
num_leaves=15
num_cat=0
split_feature=4 0 0 3 3 0 4 4 0 3 4 3 0 4
split_gain=0.0287179 0.10991 0.167066 0.146047 0.091104 0.0846061 0.0301471 0.0100006 0.000102783 2.07162e-05 4.00789e-06 1.62217e-06 6.06335e-07 4.8068e-07
threshold=10.000007152557375 0.37466666102409368 0.54933331906795513 4.0003957748413095 0.0012995499419048431 0.97999998927116405 19.999993324279789 12.99998188018799 0.97999998927116405 1.0002148674102502 26.000002861022953 -2.0016093254089351 0.19466666877269748 15.999965190887453
decision_type=2 2 2 2 2 2 2 2 2 2 2 2 2 2
left_child=1 12 -3 9 5 6 -2 -6 13 11 -8 -4 -1 -9
right_child=4 2 3 -5 7 -7 10 8 -10 -11 -12 -13 -14 -15
leaf_value=-0.050742108462533068 0.0070309059497149747 0.053338196604319515 -0.050682167879336187 0.030108363090956769 0.01137001949776147 -0.0090262751523071914 0.050786553391183847 0.050388983216217334 0.053517255245542454 -0.051595761598203241 0.050123104639319266 -0.05014204641018119 -0.050519135145475152 0.050033891930051068
leaf_weight=0.055774962762370706 0.071235806215554476 0.11616211757063866 0.024099825182929635 0.0897079196292907 0.017582343309186399 0.63986301654949784 0.045655152760446072 0.022980119101703167 0.061402510851621628 0.08754770178347826 0.045400051720207557 0.032849322727997787 0.067252924316562712 0.016283906690659933
leaf_count=11 9 2 8 8 5 15 3 3 1 10 31 34 10 46
internal_value=4.4277e-05 -0.00996318 0.00431314 -0.0200026 0.00519145 -0.000848301 0.0313949 0.0461628 0.0522397 -0.0511129 0.0504558 -0.0503706 -0.0506202 0.0502417
internal_weight=1.3938 0.473395 0.350367 0.234205 0.920403 0.802154 0.162291 0.118249 0.100667 0.144497 0.0910552 0.0569491 0.123028 0.039264
internal_count=196 83 62 60 113 58 43 55 50 52 34 42 21 49
is_linear=0
shrinkage=0.05


Tree=158
num_leaves=15
num_cat=0
split_feature=4 0 3 4 3 0 3 3 4 0 4 4 3 0
split_gain=0.0296652 0.247715 0.0992042 0.156589 0.125603 0.0824825 0.034969 0.101987 0.0979062 0.0180929 3.81506e-06 4.24164e-07 3.54565e-08 1.24303e-12
threshold=19.999993324279789 0.97999998927116405 0.0003888201317749918 19.999984741210941 0.00040733325295150285 0.54933331906795513 0.0011602283339016142 0.0012995499419048431 10.000071048736574 0.71599999070167553 24.000045776367191 7.9999883174896249 0.00043318863026797777 0.96399998664855968
decision_type=2 2 2 2 2 2 2 2 2 2 2 2 2 2
left_child=2 10 3 5 -4 -1 -6 -8 9 -9 -2 -7 -12 -14
right_child=1 -3 4 -5 6 11 7 8 -10 -11 12 -13 13 -15
leaf_value=0.013374049538847958 0.050747607868252331 -0.051667796140943481 -0.053627417746420963 0.052266762115020016 0.037075356309219036 -0.050451096489871311 -0.054556492481168312 -0.017972757531257957 0.052175660162758736 0.0070326550563998315 0.050123160936641376 -0.050211339642285573 0.050008419534189899 0.050009679609451789
leaf_weight=0.16221894952468552 0.043461013585329167 0.16633357480168343 0.1263667806488229 0.2168576568365097 0.062236138677690178 0.038778175119659863 0.079084723023697734 0.15805492096114904 0.093913106771651655 0.13339269306743518 0.040878779080230743 0.035185425542294979 0.0048770624853204936 0.0032690512744011357
leaf_count=15 3 5 3 6 21 14 6 14 18 17 19 9 29 17
internal_value=4.55609e-05 -0.0151928 0.00361127 0.0215894 -0.00886072 -0.0065779 0.00188015 -0.00283604 0.00777817 -0.00652803 0.0504065 -0.050337 0.0501042 0.0500089
internal_weight=1.36491 0.258819 1.10609 0.45304 0.653048 0.236183 0.526682 0.464445 0.385361 0.291448 0.0924859 0.0739636 0.0490249 0.00814611
internal_count=196 73 123 44 79 38 76 55 49 31 68 23 65 46
is_linear=0
shrinkage=0.05


Tree=159
num_leaves=15
num_cat=0
split_feature=4 0 3 4 3 0 3 3 4 0 4 4 3 0
split_gain=0.0276655 0.231667 0.0924878 0.14985 0.119444 0.0780096 0.0574626 0.104675 0.0930047 0.0164399 3.27947e-06 3.65403e-07 3.0511e-08 1.06801e-12
threshold=19.999993324279789 0.97999998927116405 0.0003888201317749918 19.999984741210941 0.00040733325295150285 0.54933331906795513 0.00043318863026797777 0.0012995499419048431 10.000071048736574 0.71599999070167553 24.000045776367191 7.9999883174896249 0.00043318863026797777 0.96399998664855968
decision_type=2 2 2 2 2 2 2 2 2 2 2 2 2 2
left_child=2 10 3 5 -4 -1 -6 -8 9 -9 -2 -7 -12 -14
right_child=1 -3 4 -5 6 11 7 8 -10 -11 12 -13 13 -15
leaf_value=0.012735339613672729 0.050710616838475324 -0.050367455717064184 -0.0534380395940258 0.052152510600253069 0.052018371831312353 -0.050429122602860733 -0.053843228679342506 -0.017190654528792419 0.052069083640760183 0.0066873740068370355 0.05011714033859796 -0.050200993668701246 0.050008008624310263 0.050009206185855727
leaf_weight=0.16184678557328858 0.041370790451765171 0.16220271913334727 0.12061901653942186 0.20672187395393848 0.051350229477975518 0.036902608466334641 0.085090384905925021 0.15701094130054116 0.08951114461524412 0.13326928252354264 0.038889651215868071 0.033476135460659862 0.0046392424555961034 0.0031096464081201702
leaf_count=15 3 5 3 6 2 14 25 14 18 17 19 9 29 17
internal_value=4.6998e-05 -0.0149283 0.00353 0.0211887 -0.00864121 -0.00637453 0.00182569 -0.00371853 0.00751166 -0.00622812 0.0503866 -0.0503206 0.0500991 0.0500085
internal_weight=1.32601 0.250212 1.0758 0.438947 0.636851 0.232226 0.516232 0.464882 0.379791 0.29028 0.0880093 0.0703787 0.0466385 0.00774889
internal_count=196 73 123 44 79 38 76 74 49 31 68 23 65 46
is_linear=0
shrinkage=0.05


Tree=160
num_leaves=15
num_cat=0
split_feature=4 0 3 4 3 0 3 0 3 4 4 4 4 3
split_gain=0.0257969 0.216622 0.0862044 0.143434 0.113581 0.0737996 0.0306392 0.0352876 0.0575062 0.129774 0.0103672 2.81924e-06 3.14765e-07 2.62557e-08
threshold=19.999993324279789 0.97999998927116405 0.0003888201317749918 19.999984741210941 0.00040733325295150285 0.54933331906795513 0.0011602283339016142 0.82666665315628063 0.0012995499419048431 15.999965190887453 3.9999772310256962 24.000045776367191 7.9999883174896249 0.00043318863026797777
decision_type=2 2 2 2 2 2 2 2 2 2 2 2 2 2
left_child=2 11 3 5 -4 -1 -6 10 -9 -10 -8 -2 -7 -13
right_child=1 -3 4 -5 6 12 7 8 9 -11 -12 13 -14 -15
leaf_value=0.012124207455185259 0.05067548225859872 -0.049073059047276636 -0.053259159623369613 0.052044196014677704 0.035937454412013736 -0.050408221559063951 -0.002023319199718974 -0.05408965013391525 -0.051301538236715995 0.052589285305378812 0.018366150237162138 0.050111416109154608 -0.050191160576008066 0.050008075874782447
leaf_weight=0.16151341656222917 0.039379710331559292 0.15825863927602768 0.11511197371146409 0.19703884609043598 0.058094321546377614 0.035117035935400054 0.10965081176254898 0.072192206891486421 0.058202071231789887 0.062163611815776676 0.14450014499016106 0.036997100658481941 0.03184956731274724 0.0073710305296117431
leaf_count=15 3 5 3 6 21 14 7 6 13 13 16 19 9 46
internal_value=4.94125e-05 -0.014661 0.00345472 0.0207845 -0.0084407 -0.00617355 0.0017794 -0.00266284 -0.0188077 0.00235353 0.00956932 0.0503676 -0.050305 0.0500942
internal_weight=1.28744 0.242006 1.04543 0.425519 0.619915 0.22848 0.504803 0.446709 0.192558 0.120366 0.254151 0.0837478 0.0669666 0.0443681
internal_count=196 73 123 44 79 38 76 55 32 26 23 68 23 65
is_linear=0
shrinkage=0.05


Tree=161
num_leaves=15
num_cat=0
split_feature=0 4 0 4 3 3 4 3 3 4 0 0 4 4
split_gain=0.0247633 0.172653 0.124178 0.102933 0.0718707 0.0316959 0.186532 0.092196 0.175527 0.0299352 4.62434e-05 1.92073e-05 1.13749e-05 3.71684e-06
threshold=0.37466666102409368 12.99998188018799 0.54933331906795513 3.9999772310256962 0.0012995499419048431 0.0003888201317749918 19.999993324279789 0.00040733325295150285 0.0011542655993252995 6.0000686645507821 0.97999998927116405 0.15599999576807025 2.0000710487365727 7.9999883174896249
decision_type=2 2 2 2 2 2 2 2 2 2 2 2 2 2
left_child=1 13 -2 12 5 6 -5 -7 -9 -6 -11 -3 -4 -1
right_child=2 11 3 4 9 7 -8 8 -10 10 -12 -13 -14 -15
leaf_value=-0.050252716878013151 0.053131163686121467 0.052071997426753738 -0.05030634207934144 0.034744134557509403 0.0098588758427976802 -0.053093166120360948 -0.033364176838171326 0.051590019790346803 -0.051985480567928191 0.050548640273646139 0.052850032551521355 0.050266299143283122 -0.051373507594811477 -0.050805980157686531
leaf_weight=0.051880383747629932 0.11067090798314871 0.038207735866308212 0.049461149821581785 0.22581646032631397 0.080883167684078217 0.10973010212182999 0.18119334522634745 0.09288220047892537 0.073094655759632587 0.038149610190885141 0.051018640398979187 0.023963939398527145 0.050429465482011437 0.073169437702745199
leaf_count=15 3 1 48 17 3 2 18 12 9 24 1 31 4 8
internal_value=4.74137e-05 -0.0167205 0.00299976 -0.00282403 0.00280101 -0.00444336 0.00442356 -0.0175331 0.00597634 0.0318854 0.0518654 0.051376 -0.0508451 -0.0505764
internal_weight=1.25055 0.187221 1.06333 0.952659 0.852768 0.682717 0.40701 0.275707 0.165977 0.170051 0.0891683 0.0621717 0.0998906 0.12505
internal_count=196 55 141 138 86 58 35 23 21 28 25 32 52 23
is_linear=0
shrinkage=0.05


Tree=162
num_leaves=15
num_cat=0
split_feature=4 0 0 0 3 0 4 4 4 3 3 0 4 0
split_gain=0.0236458 0.111561 0.140778 0.0784016 0.0156916 1.17195e-05 3.19763e-06 9.33155e-07 8.09955e-08 2.48379e-08 4.792e-10 1.20489e-10 1.97333e-12 1.5999e-13
threshold=12.99998188018799 0.37466666102409368 0.77866667509078991 0.97999998927116405 -5.9985215663909903 0.842666655778885 7.9999883174896249 24.000045776367191 6.0000686645507821 0.00043318863026797777 5.998673915863038 0.97999998927116405 49.999975204467781 0.96399998664855968
decision_type=2 2 2 2 2 2 2 2 2 2 2 2 2 2
left_child=1 6 -3 4 -2 -4 -1 -6 10 -9 11 -7 13 -11
right_child=3 2 5 -5 7 8 -8 9 -10 12 -12 -13 -14 -15
leaf_value=-0.050240377706854814 0.019556439374595266 0.02489484173090236 -0.051355681610656415 -0.0030638267563631357 0.050448392938590603 -0.050012331220360334 -0.050766416321679199 0.050119057046140274 -0.05018937626403458 0.050006890640144554 -0.050041520791289464 -0.050023994658218329 0.050009127474186489 0.050007520906694913
leaf_weight=0.04936196212656796 0.07851925166323781 0.24556974251754582 0.050421160645782948 0.59628771571442485 0.061933128192322329 0.0036698941548820585 0.069653795566409826 0.01879402156919241 0.018681161105632782 0.0039916376626933916 0.0033163154730573305 0.0055827357646194287 0.0014538404793711379 0.0013465670781442896
leaf_count=15 19 17 8 16 18 16 8 8 5 29 4 16 8 9
internal_value=4.65528e-05 -0.00909429 0.00598228 0.0053975 0.0357843 -0.0508842 -0.0505482 0.0503435 -0.0501233 0.0500894 -0.0500252 -0.0500194 0.0500075 0.050007
internal_weight=1.20858 0.446257 0.327241 0.762326 0.166038 0.0816713 0.119016 0.0875192 0.0312501 0.0255861 0.0125689 0.00925263 0.00679205 0.0053382
internal_count=196 89 66 107 91 49 23 72 41 54 36 32 46 38
is_linear=0
shrinkage=0.05


Tree=163
num_leaves=15
num_cat=0
split_feature=4 0 5 3 3 4 4 3 4 4 3 0 4 0
split_gain=0.0244479 0.191443 0.0937841 0.120851 0.111212 0.0658103 0.0200194 0.0133519 1.78938e-06 4.14744e-08 2.11899e-08 1.66943e-08 1.41065e-08 1.05945e-08
threshold=19.999993324279789 0.97999998927116405 30.000000000000004 0.0003888201317749918 0.00040733325295150285 19.999984741210941 10.000007152557375 4.0003957748413095 24.000045776367191 15.999965190887453 0.00043318863026797777 0.27199999988079077 10.000071048736574 0.842666655778885
decision_type=2 2 2 2 2 2 2 2 2 2 2 2 2 2
left_child=2 8 3 5 -5 -1 7 -6 -2 11 -10 -4 13 -13
right_child=1 -3 9 4 6 -7 -8 -9 10 -11 -12 12 -14 -15
leaf_value=0.0079210114561067049 0.050579820493454178 -0.047210096174510052 -0.050156089911301063 -0.052921529311249528 -0.015205859514044046 0.051881497034391946 0.016530642949922177 0.0080157094165392 0.050105671934640529 -0.050214587510574775 0.050007129681101416 -0.050106342335513136 -0.050152287043851655 -0.050024911107865236
leaf_weight=0.15968585398513824 0.033930554054677486 0.15114486077800393 0.029631963698193431 0.10449838394561084 0.13945995930407662 0.18235735595226288 0.19276715711748693 0.11130602937191725 0.035054573585512117 0.020052160136401653 0.0064608392931404515 0.010011727688834071 0.0087411417625844479 0.0066456534987082696
leaf_count=19 3 5 11 3 22 6 21 8 19 5 46 5 3 20
internal_value=4.05472e-05 -0.0147395 0.00351048 0.00803729 -0.00651798 0.0313582 0.0044149 -0.00489864 0.0503105 -0.050153 0.0500903 -0.0501306 -0.0501008 -0.0500739
internal_weight=1.19175 0.226591 0.965157 0.890075 0.548032 0.342043 0.443533 0.250766 0.075446 0.0750826 0.0415154 0.0550305 0.0253985 0.0166574
internal_count=196 73 123 79 54 25 51 30 68 44 65 39 28 25
is_linear=0
shrinkage=0.05


Tree=164
num_leaves=15
num_cat=0
split_feature=4 0 3 4 3 0 3 3 4 0 4 4 3 4
split_gain=0.022723 0.178919 0.0707942 0.128685 0.0975752 0.0689916 0.0491018 0.090166 0.0769529 0.0149029 1.5386e-06 2.57671e-07 1.82351e-08 1.4649e-12
threshold=19.999993324279789 0.97999998927116405 0.0003888201317749918 19.999984741210941 0.00040733325295150285 0.54933331906795513 0.00043318863026797777 0.0012995499419048431 10.000071048736574 0.71599999070167553 24.000045776367191 7.9999883174896249 0.00043318863026797777 49.999975204467781
decision_type=2 2 2 2 2 2 2 2 2 2 2 2 2 2
left_child=2 10 3 5 -4 -1 -6 -8 9 -9 -2 -7 -12 -14
right_child=1 -3 4 -5 6 11 7 8 -10 -11 12 -13 13 -15
leaf_value=0.012315539038874616 0.050551223991145471 -0.045933134870138143 -0.052770953877951138 0.051787192540689343 0.051522985282219505 -0.050384962698426829 -0.053337924365163936 -0.016078809019350861 0.051766337464770967 0.0076366468516383861 0.050100507675201772 -0.050182183787371597 0.050006377782886226 0.05000825982743104
leaf_weight=0.14747973682824522 0.032293539494276047 0.14766914257779717 0.099678401100391056 0.17377159371972084 0.044787408842239529 0.032380099728470668 0.074716387374792248 0.14614551293198019 0.075734990634373389 0.12116581288864836 0.033348292679875158 0.030349849257618189 0.0048302686118404372 0.001315513567533344
leaf_count=15 3 5 3 6 2 14 25 14 18 17 19 9 38 8
internal_value=4.01741e-05 -0.0144554 0.00340216 0.0199513 -0.00790032 -0.00636602 0.0017692 -0.0035648 0.00727592 -0.00532916 0.0502952 -0.0502869 0.0500859 0.0500068
internal_weight=1.16567 0.219457 0.94621 0.383981 0.562229 0.21021 0.46255 0.417763 0.343046 0.267311 0.0717876 0.0627299 0.0394941 0.00614578
internal_count=196 73 123 44 79 38 76 74 49 31 68 23 65 46
is_linear=0
shrinkage=0.05


Tree=165
num_leaves=15
num_cat=0
split_feature=0 4 0 4 3 4 3 4 3 3 0 0 4 4
split_gain=0.022457 0.153426 0.115803 0.0941243 0.063739 0.0275237 0.0270291 0.154907 0.0767249 0.117052 3.19043e-05 1.41919e-05 9.29407e-06 2.94874e-06
threshold=0.37466666102409368 12.99998188018799 0.54933331906795513 3.9999772310256962 0.0012995499419048431 6.0000686645507821 0.0003888201317749918 19.999993324279789 0.00040733325295150285 0.00055807188618928205 0.97999998927116405 0.15599999576807025 2.0000710487365727 7.9999883174896249
decision_type=2 2 2 2 2 2 2 2 2 2 2 2 2 2
left_child=1 13 -2 12 6 -6 7 -5 -8 -10 -7 -3 -4 -1
right_child=2 11 3 4 5 10 8 -9 9 -11 -12 -13 -14 -15
leaf_value=-0.050223363927080024 0.052900896767249683 0.051890133662441155 -0.050293829415062663 0.033434389821620857 0.0098024502531832078 0.050511683200695857 -0.052630949743738525 -0.031626647822463681 0.051548354972950239 -0.03728871281283918 0.052532598837723127 0.050225979699757596 -0.051298836717923679 -0.0507447895004631
leaf_weight=0.046096342150121927 0.10366599922417663 0.035098917782306671 0.044862345661385916 0.20174303627572954 0.077161034569144249 0.034000718478637282 0.094979584217071533 0.16740644595120102 0.070609582428005524 0.078082856038236059 0.0458858422935009 0.020175389872747473 0.047214651014655828 0.065842483192682266
leaf_count=15 3 1 48 17 3 24 2 18 10 11 1 31 4 8
internal_value=4.26325e-05 -0.0168746 0.00297216 -0.00303275 0.00268135 0.0311008 -0.00460169 0.00392971 -0.0175263 0.00489735 0.0516725 0.0512827 -0.0508092 -0.0505301
internal_weight=1.13283 0.167213 0.965612 0.861946 0.769869 0.157048 0.612822 0.369149 0.243672 0.148692 0.0798866 0.0552743 0.092077 0.111939
internal_count=196 55 141 138 86 28 58 35 23 21 25 32 52 23
is_linear=0
shrinkage=0.05


Tree=166
num_leaves=15
num_cat=0
split_feature=0 4 0 4 3 4 3 4 3 3 0 0 4 4
split_gain=0.0212848 0.145828 0.109828 0.089483 0.0591085 0.0273444 0.02544 0.142009 0.0730364 0.110032 2.73215e-05 1.21729e-05 7.98575e-06 2.53703e-06
threshold=0.37466666102409368 12.99998188018799 0.54933331906795513 3.9999772310256962 0.0012995499419048431 6.0000686645507821 0.0003888201317749918 19.999993324279789 0.00040733325295150285 0.00055807188618928205 0.97999998927116405 0.15599999576807025 2.0000710487365727 7.9999883174896249
decision_type=2 2 2 2 2 2 2 2 2 2 2 2 2 2
left_child=1 13 -2 12 6 -6 7 -5 -8 -10 -7 -3 -4 -1
right_child=2 11 3 4 5 10 8 -9 9 -11 -12 -13 -14 -15
leaf_value=-0.050212457295835934 0.052751467808728275 0.051794560906564514 -0.050279549628249244 0.032401803375064826 0.0093300149295038517 0.050486747604833015 -0.052496061806805439 -0.03031760618827576 0.051472195966553884 -0.036216572605153007 0.052402990300135677 0.050214928739638898 -0.051234368322409941 -0.050708254668769361
leaf_weight=0.043857480050064623 0.098882422142196447 0.033447176218032837 0.042686197484727018 0.19786447356455028 0.077018506824970245 0.03235805279109627 0.09057365357875824 0.16594146005809307 0.06726278507267125 0.076417848162236623 0.043753191828727722 0.019195541368389968 0.04496705299243331 0.062675294931977987
leaf_count=15 3 1 48 17 3 24 2 18 10 11 1 31 4 8
internal_value=4.29325e-05 -0.0168623 0.00291253 -0.00296246 0.00261593 0.030334 -0.00448111 0.00379383 -0.0173324 0.00483413 0.0515883 0.0512186 -0.0507694 -0.0505041
internal_weight=1.0969 0.159175 0.937726 0.838843 0.75119 0.15313 0.59806 0.363806 0.234254 0.143681 0.0761112 0.0526427 0.0876533 0.106533
internal_count=196 55 141 138 86 28 58 35 23 21 25 32 52 23
is_linear=0
shrinkage=0.05


Tree=167
num_leaves=15
num_cat=0
split_feature=0 4 0 4 3 3 3 4 3 3 0 4 4 4
split_gain=0.0201731 0.138612 0.104177 0.0850741 0.0547815 0.028087 0.023933 0.130057 0.0695474 0.103415 1.04428e-05 6.86218e-06 3.80427e-06 2.18283e-06
threshold=0.37466666102409368 12.99998188018799 0.54933331906795513 3.9999772310256962 0.0012995499419048431 4.0003957748413095 0.0003888201317749918 19.999993324279789 0.00040733325295150285 0.00055807188618928205 0.15599999576807025 2.0000710487365727 6.0000686645507821 7.9999883174896249
decision_type=2 2 2 2 2 2 2 2 2 2 2 2 2 2
left_child=1 13 -2 11 6 -6 7 -5 -8 -10 -3 -4 -7 -1
right_child=2 10 3 4 5 12 8 -9 9 -11 -12 -13 -14 -15
leaf_value=-0.050202085009901511 0.052610121629372543 0.05170397555332551 -0.05026596242234968 0.031363951278723823 0.0075300344090582106 0.051186393212800621 -0.052368408157165772 -0.02904149851788972 0.051399813724118629 -0.035134940332954404 0.050204422174570197 -0.051173153771883251 0.05046506121147433 -0.050673522268380559
leaf_weight=0.041726928087882698 0.094306191043870058 0.031870272010564804 0.04061506588186603 0.19428453291766346 0.073471450465149246 0.045268392190337181 0.086361035704612732 0.16460653732065111 0.064070168635225855 0.074871992168482393 0.018263089332322124 0.042823860887438059 0.030657357478048652 0.059658416779711843
leaf_count=15 3 1 48 17 3 2 2 18 10 11 31 4 23 8
internal_value=4.31715e-05 -0.0168505 0.00285192 -0.00289145 0.0025499 0.0295688 -0.00435969 0.0036588 -0.0171325 0.00476869 0.0511577 -0.0507316 0.0508951 -0.0504795
internal_weight=1.06286 0.151519 0.911337 0.81703 0.733591 0.149397 0.584194 0.358891 0.225303 0.138942 0.0501334 0.0834389 0.0759257 0.101385
internal_count=196 55 141 138 86 28 58 35 23 21 32 52 25 23
is_linear=0
shrinkage=0.05


Tree=168
num_leaves=15
num_cat=0
split_feature=4 4 5 3 3 4 3 3 4 0 4 3 4 0
split_gain=0.0621787 0.0775323 0.0804153 0.0929371 0.0848384 0.0595638 0.0159107 0.0174854 0.0140245 5.36449e-07 7.57046e-08 1.11447e-08 1.45181e-08 4.54575e-09
threshold=24.000045776367191 19.999993324279789 30.000000000000004 0.0003888201317749918 0.00040733325295150285 19.999984741210941 4.0003957748413095 9.998624801635744 18.99996376037598 0.97999998927116405 16.999973297119144 -11.998832225799559 -6.0427669268392484e-06 0.97333332896232616
decision_type=2 2 2 2 2 2 2 2 2 2 2 2 2 2
left_child=1 2 3 5 -5 -1 8 -8 -6 13 11 -4 -13 -2
right_child=9 -3 10 4 6 -7 7 -9 -10 -11 -12 12 -14 -15
leaf_value=0.0062346588710915554 0.050082297716392055 -0.036410579063536945 -0.050154820999556683 -0.052245520737123463 -0.015495546108494294 0.05154164896028135 0.034295300734591395 -0.003311803369442689 0.0077359588664770475 0.050418138597431265 -0.050242400231209496 -0.050051483301891658 -0.050118934998402864 0.050121661367825344
leaf_weight=0.13948442757828161 0.030211215467716102 0.1470609288662672 0.01198373781517148 0.082409654991351999 0.12511109186743852 0.15115384943783283 0.072212077735457569 0.054037630892707966 0.13512996584177017 0.018410159042105079 0.014404077082872391 0.011156106134876609 0.027998118966934271 0.0096855387091636658
leaf_count=19 61 4 4 3 22 6 6 20 3 4 3 20 17 4
internal_value=4.35449e-05 -0.00296442 0.00299696 0.00758235 -0.00618738 0.0297977 0.00363338 0.0181986 -0.00343261 0.0501949 -0.0501411 -0.0501126 -0.0500997 0.0500919
internal_weight=1.03045 0.972142 0.825081 0.759539 0.4689 0.290638 0.386491 0.12625 0.260241 0.0583069 0.065542 0.051138 0.0391542 0.0398968
internal_count=196 127 123 79 54 25 51 26 25 69 44 41 37 65
is_linear=0
shrinkage=0.05


Tree=169
num_leaves=15
num_cat=0
split_feature=4 0 0 3 3 0 4 4 0 3 4 0 3 4
split_gain=0.0194499 0.082078 0.124389 0.112419 0.0557536 0.0511897 0.0260908 0.00644955 2.62735e-05 1.14898e-05 1.21827e-06 4.86961e-07 4.22559e-07 1.07405e-07
threshold=10.000007152557375 0.37466666102409368 0.54933331906795513 4.0003957748413095 0.0012995499419048431 0.97999998927116405 19.999993324279789 12.99998188018799 0.97999998927116405 1.0002148674102502 26.000002861022953 0.19466666877269748 -2.0016093254089351 15.999965190887453
decision_type=2 2 2 2 2 2 2 2 2 2 2 2 2 2
left_child=1 11 -3 9 5 6 -2 -6 13 12 -8 -1 -4 -9
right_child=4 2 3 -5 7 -7 10 8 -10 -11 -12 -13 -14 -15
leaf_value=-0.050601497317545985 0.0038848395320830809 0.052487284269773671 -0.050447158910476589 0.029828530742774167 0.011996111107757737 -0.0079576061467072114 0.050529956583721558 0.050238454327424256 0.052245761867674823 -0.051314389388082728 0.050095387289508214 -0.050369056795570626 -0.05011908501035444 0.050020344090973314
leaf_weight=0.042415545554831624 0.056834266986697912 0.09019504114985466 0.016788211520179175 0.070719711948186159 0.012308425037190318 0.44863004307262599 0.030216951854526997 0.014171996153891087 0.041136890649795532 0.069914778403472155 0.034587726717290934 0.048067752039059997 0.023629077368241269 0.0093801816910854541
leaf_count=11 9 2 8 8 5 15 3 3 1 10 31 10 34 46
internal_value=4.52916e-05 -0.00924081 0.00451522 -0.0193832 0.0052349 -0.000157263 0.028612 0.0451711 0.0514833 -0.0509264 0.050298 -0.050478 -0.0502554 0.0501516
internal_weight=1.009 0.36173 0.271247 0.181052 0.647266 0.570269 0.121639 0.0769975 0.0646891 0.110332 0.0648047 0.0904833 0.0404173 0.0235522
internal_count=196 83 62 60 113 58 43 55 50 52 34 21 42 49
is_linear=0
shrinkage=0.05


Tree=170
num_leaves=15
num_cat=0
split_feature=4 0 0 3 3 0 4 4 0 3 4 0 3 4
split_gain=0.0181756 0.0780817 0.117785 0.106333 0.0527448 0.0472474 0.0256793 0.00830947 2.41729e-05 9.87365e-06 1.04766e-06 4.19977e-07 3.63581e-07 7.68604e-08
threshold=10.000007152557375 0.37466666102409368 0.54933331906795513 4.0003957748413095 0.0012995499419048431 0.97999998927116405 19.999993324279789 10.000071048736574 0.97999998927116405 1.0002148674102502 26.000002861022953 0.19466666877269748 -2.0016093254089351 15.999965190887453
decision_type=2 2 2 2 2 2 2 2 2 2 2 2 2 2
left_child=1 11 -3 9 5 6 -2 -6 13 12 -8 -1 -4 -9
right_child=4 2 3 -5 7 -7 10 8 -10 -11 -12 -13 -14 -15
leaf_value=-0.050572242713416295 0.0036910542502188327 0.052360112036857545 -0.050425250109337828 0.02881604191798974 0.0021155831433572929 -0.0075623187745432023 0.050503857391480569 0.050202774605817763 0.052131444652204498 -0.051249159225550935 0.05009072814693482 -0.050350966850397874 -0.050113273609398781 0.050019351190240417
leaf_weight=0.040369665483012795 0.056827447609975934 0.085999295115470886 0.0159762039911584 0.069574198452755809 0.0098906378261744976 0.44848018465563655 0.028757732361555099 0.015867808077018708 0.03921426460146904 0.066587506618816406 0.032903846680710558 0.045739471970591694 0.022479214530903846 0.0089228773285867646
leaf_count=11 9 2 8 8 3 15 3 5 1 10 31 10 34 46
internal_value=4.59828e-05 -0.00917582 0.00446296 -0.0191265 0.00503523 -0.000143293 0.0279377 0.0447678 0.0513589 -0.0508808 0.0502834 -0.0504547 -0.0502429 0.0501368
internal_weight=0.98759 0.346726 0.260616 0.174617 0.640865 0.566969 0.118489 0.0738956 0.064005 0.105043 0.0616616 0.0861091 0.0384554 0.0247907
internal_count=196 83 62 60 113 58 43 55 52 52 34 21 42 51
is_linear=0
shrinkage=0.05


Tree=171
num_leaves=15
num_cat=0
split_feature=4 0 0 3 3 0 4 4 0 3 4 0 3 4
split_gain=0.016984 0.0742842 0.111531 0.100594 0.0499514 0.043593 0.0252486 0.00826636 2.07296e-05 8.48548e-06 9.00982e-07 3.62172e-07 3.12828e-07 6.61289e-08
threshold=10.000007152557375 0.37466666102409368 0.54933331906795513 4.0003957748413095 0.0012995499419048431 0.97999998927116405 19.999993324279789 10.000071048736574 0.97999998927116405 1.0002148674102502 26.000002861022953 0.19466666877269748 -2.0016093254089351 15.999965190887453
decision_type=2 2 2 2 2 2 2 2 2 2 2 2 2 2
left_child=1 11 -3 9 5 6 -2 -6 13 12 -8 -1 -4 -9
right_child=4 2 3 -5 7 -7 10 8 -10 -11 -12 -13 -14 -15
leaf_value=-0.05054440834605977 0.0035068655331268366 0.052239727416946435 -0.050404416141880085 0.027807418314907198 0.0020099642448479578 -0.0071862578719719076 0.050479058574193304 0.050192845389657174 0.052023176924176476 -0.051187218630883879 0.050086298094619286 -0.050333768654794012 -0.050107748190074089 0.050018408400160322
leaf_weight=0.038421428296715021 0.056821678997948766 0.08198881521821022 0.015203158800431993 0.068520408240146935 0.0098898718133568764 0.44835535017773509 0.027368301525712013 0.015096835442818701 0.037377431988716125 0.063414706964977086 0.031301805953262374 0.043523224303498864 0.021385188701970037 0.0084878595735062845
leaf_count=11 9 2 8 8 3 15 3 5 1 10 31 10 34 46
internal_value=4.66731e-05 -0.00910831 0.00440919 -0.018861 0.00484207 -0.000130201 0.0272624 0.0444119 0.0512908 -0.0508374 0.0502695 -0.0504325 -0.050231 0.0501301
internal_weight=0.967156 0.332457 0.250512 0.168523 0.634699 0.563847 0.115492 0.070852 0.0609621 0.100003 0.0586701 0.0819447 0.0365883 0.0235847
internal_count=196 83 62 60 113 58 43 55 52 52 34 21 42 51
is_linear=0
shrinkage=0.05


Tree=172
num_leaves=15
num_cat=0
split_feature=4 0 5 3 3 4 4 0 4 4 4 4 4 0
split_gain=0.0184121 0.139986 0.0736387 0.095612 0.0624023 0.0525705 0.0336159 0.00518359 0.00339447 8.38467e-07 7.46241e-08 9.57823e-09 8.97509e-09 2.49227e-09
threshold=19.999993324279789 0.97999998927116405 30.000000000000004 0.0003888201317749918 0.0012995499419048431 19.999984741210941 10.000003337860109 0.83866664767265331 3.9999772310256962 24.000045776367191 16.999973297119144 10.000007152557375 -6.0427669268392484e-06 0.97333332896232616
decision_type=2 2 2 2 2 2 2 2 2 2 2 2 2 2
left_child=2 9 3 5 -5 -1 8 -8 -6 -2 11 12 -4 -11
right_child=1 -3 10 4 6 -7 7 -9 -10 13 -12 -13 -14 -15
leaf_value=0.0073291810929029134 0.050455489335315601 -0.042681520374550232 -0.05004315933500543 -0.029912087035306706 -0.0087539928181271428 0.05149814913512895 0.024321565184154969 0.0518779390884355 0.004722674461752098 0.050067363298309131 -0.05023308850587678 -0.050128893701818604 -0.050103095261397612 0.050099568446727097
leaf_weight=0.12428121588891372 0.026045388076454401 0.13081254623830318 0.0096948065765900537 0.17240648574079387 0.092752649419708177 0.14710662420839071 0.032100250828079879 0.036437343063880689 0.094156655482947826 0.024741456865740474 0.013856054283678532 0.017848180839791894 0.017558137318701483 0.0079337162896990776
leaf_count=19 3 5 20 14 14 6 15 5 6 61 3 7 14 4
internal_value=4.72184e-05 -0.0138917 0.00353164 0.0080563 -0.00666887 0.0312711 0.00901846 0.0389716 -0.00196504 0.0502439 -0.0501316 -0.0501004 -0.0500818 0.0500752
internal_weight=0.947732 0.189533 0.758198 0.699241 0.427853 0.271388 0.255447 0.0685376 0.186909 0.0587206 0.0589572 0.0451011 0.0272529 0.0326752
internal_count=196 73 123 79 54 25 40 20 20 68 44 41 34 65
is_linear=0
shrinkage=0.05


Tree=173
num_leaves=15
num_cat=0
split_feature=4 0 3 4 3 0 3 3 4 3 0 4 4 0
split_gain=0.0170972 0.130774 0.0551773 0.103952 0.0701636 0.0579628 0.0434514 0.0692825 0.0461015 0.00633621 0.00199128 7.21143e-07 6.01619e-08 2.14404e-09
threshold=19.999993324279789 0.97999998927116405 0.0003888201317749918 19.999984741210941 0.00040733325295150285 0.54933331906795513 0.00043318863026797777 0.0012995499419048431 10.000007152557375 4.0003957748413095 0.83866664767265331 24.000045776367191 7.9999883174896249 0.97333332896232616
decision_type=2 2 2 2 2 2 2 2 2 2 2 2 2 2
left_child=2 11 3 5 -4 -1 -6 -8 9 -9 -10 -2 -7 -13
right_child=1 -3 4 -5 6 12 7 8 10 -11 -12 13 -14 -15
leaf_value=0.013248920533763557 0.050433089327321927 -0.041446788162566674 -0.052022206362424654 0.051423469932261968 0.051287785429839798 -0.050280256632836841 -0.05276792440962326 -0.013786911682347408 0.033828804979472986 0.0039822146759414109 0.051783145396883536 0.050064076989365297 -0.050173302172980466 0.050094702467538825
leaf_weight=0.11195751233026385 0.024785865563899279 0.12804574193432927 0.07483651711299899 0.14013023860752583 0.03861084661912173 0.024184574416722171 0.061151889807661064 0.10570737786474638 0.027813388151116669 0.0954886200488545 0.034722119016805664 0.023536307977337856 0.028811994241550565 0.0075474991463124743
leaf_count=15 3 5 3 6 2 14 25 13 16 15 5 61 9 4
internal_value=5.29412e-05 -0.0135967 0.00342976 0.0197575 -0.00793456 -0.0071431 0.00114224 -0.00481732 0.00630108 -0.0053536 0.0437977 0.0502319 -0.0502221 0.0500715
internal_weight=0.92733 0.183915 0.743415 0.305084 0.438331 0.164954 0.363494 0.324883 0.263732 0.201196 0.0625355 0.0558697 0.0529966 0.0310838
internal_count=196 73 123 44 79 38 76 74 49 28 21 68 23 65
is_linear=0
shrinkage=0.05


Tree=174
num_leaves=15
num_cat=0
split_feature=4 0 3 4 3 0 3 3 4 3 0 4 4 0
split_gain=0.0158804 0.122128 0.0514473 0.0994416 0.0668459 0.0548542 0.0410995 0.0656687 0.04327 0.00650527 0.00211281 6.20275e-07 5.18186e-08 1.84507e-09
threshold=19.999993324279789 0.97999998927116405 0.0003888201317749918 19.999984741210941 0.00040733325295150285 0.54933331906795513 0.00043318863026797777 0.0012995499419048431 10.000007152557375 1.9986275434494021 0.83866664767265331 24.000045776367191 7.9999883174896249 0.97333332896232616
decision_type=2 2 2 2 2 2 2 2 2 2 2 2 2 2
left_child=2 11 3 5 -4 -1 -6 -8 9 -9 -10 -2 -7 -13
right_child=1 -3 4 -5 6 12 7 8 10 -11 -12 13 -14 -15
leaf_value=0.012620796222943981 0.050411802782185294 -0.040208946224841134 -0.051919701994966261 0.051352592288125658 0.051103609541131717 -0.050266588363952085 -0.052627221594654418 0.0074436619770138967 0.032882406112127352 -0.011556357884184586 0.051693293343431583 0.050060948814687395 -0.050164825222237447 0.050090076949665441
leaf_weight=0.11166089097969234 0.023586749564856291 0.12545544002205133 0.07132368746897555 0.13347534276545048 0.036856830527540296 0.023011176635918673 0.058321066389908083 0.068252693221438676 0.027199128817301244 0.13252034730976447 0.033084663009503856 0.022389792538888287 0.027411330491304398 0.0071800495497882358
leaf_count=15 3 5 3 6 2 14 25 4 16 24 5 61 9 4
internal_value=5.463e-05 -0.0132963 0.00335235 0.019393 -0.00773611 -0.00692562 0.00111013 -0.00465921 0.00605702 -0.00509731 0.0432061 0.0502206 -0.0502113 0.050068
internal_weight=0.901729 0.178612 0.723117 0.295559 0.427558 0.162083 0.356235 0.319378 0.261057 0.200773 0.0602838 0.0531566 0.0504225 0.0295698
internal_count=196 73 123 44 79 38 76 74 49 28 21 68 23 65
is_linear=0
shrinkage=0.05


Tree=175
num_leaves=15
num_cat=0
split_feature=4 4 3 4 3 0 3 0 3 4 4 0 4 0
split_gain=0.0515527 0.0703929 0.047942 0.0951424 0.0636922 0.0519258 0.0248009 0.0371119 0.027218 0.0834379 0.00619668 7.37002e-07 4.46301e-08 1.58738e-09
threshold=24.000045776367191 19.999993324279789 0.0003888201317749918 19.999984741210941 0.00040733325295150285 0.54933331906795513 0.0011602283339016142 0.82666665315628063 0.0012995499419048431 15.999965190887453 3.9999772310256962 0.97999998927116405 7.9999883174896249 0.97333332896232616
decision_type=2 2 2 2 2 2 2 2 2 2 2 2 2 2
left_child=1 2 3 5 -4 -1 -6 10 -9 -10 -8 13 -7 -2
right_child=11 -3 4 -5 6 12 7 8 9 -11 -12 -13 -14 -15
leaf_value=0.012019269254768037 0.050057974101162951 -0.037409900326177879 -0.051822578578236911 0.051285307956739939 0.037930609003206328 -0.050253586499644114 0.00046486431163510113 -0.052744081902395712 -0.0510316089593459 0.051430514586555502 0.019295338454257051 0.050460321895984844 -0.050156764538975752 0.050085674549872353
leaf_weight=0.11139379849191755 0.021299063042533817 0.12523743370547891 0.067969132869620807 0.12712804134935141 0.040377122262725607 0.021894428762607276 0.077106698765419424 0.050421468622516841 0.045117594214389101 0.035504706393112428 0.10080855840351433 0.020243846112862229 0.026078549446538091 0.0068304594606161109
leaf_count=15 61 4 3 6 21 14 7 6 13 13 16 4 9 4
internal_value=5.63147e-05 -0.00287128 0.00327469 0.0190244 -0.00753803 -0.00671041 0.00107826 -0.00373788 -0.0239297 -0.00590901 0.0111344 0.0502303 -0.050201 0.0500647
internal_weight=0.877411 0.829038 0.7038 0.286495 0.417305 0.159367 0.349336 0.308959 0.131044 0.0806223 0.177915 0.0483734 0.047973 0.0281295
internal_count=196 127 123 44 79 38 76 55 32 26 23 69 23 65
is_linear=0
shrinkage=0.05


Tree=176
num_leaves=15
num_cat=0
split_feature=0 4 0 4 3 4 4 3 4 4 4 3 3 4
split_gain=0.0168023 0.115081 0.0831988 0.0674438 0.0402784 0.0888199 0.0455027 0.0255492 3.74502e-06 1.99639e-06 1.38319e-06 7.39187e-07 2.25243e-07 4.17193e-08
threshold=0.37466666102409368 12.99998188018799 0.54933331906795513 3.9999772310256962 0.0012995499419048431 19.999984741210941 19.999993324279789 4.0003957748413095 2.0000710487365727 6.0000686645507821 7.9999883174896249 6.0007662773132333 -2.0016093254089351 8.3305003499845056e-05
decision_type=2 2 2 2 2 2 2 2 2 2 2 2 2 2
left_child=1 10 -2 8 5 -5 -7 -6 12 -9 -1 -11 -4 -14
right_child=2 -3 3 4 7 6 -8 9 -10 11 -12 -13 13 -15
leaf_value=-0.05016251157240053 0.052088703439629375 0.051090785475373192 -0.050386646840936744 -0.051607376390588815 0.0039373516644966222 0.020948572014603116 -0.013724875580250732 0.050982695385028913 -0.050947803523881244 0.0506621043273685 -0.050576338094043466 0.050110508764611088 -0.050029468507792996 -0.050175505746921846
leaf_weight=0.033508229767903686 0.077089844729925971 0.041751642296731006 0.0099402718915371224 0.080958749749697745 0.054846949067723472 0.21943694073706865 0.16634886217798339 0.037796122953295708 0.036651922157034278 0.012898191809654236 0.050811838358640671 0.0114791876039817 0.01091707541490905 0.0088589490624144673
leaf_count=15 3 32 7 13 3 9 36 2 4 1 8 22 38 3
internal_value=5.42753e-05 -0.0167969 0.0029756 -0.00284801 0.002582 -0.00399425 0.00599756 0.0288119 -0.0506096 0.0507552 -0.0504119 0.0504024 -0.0501925 -0.0500949
internal_weight=0.853295 0.126072 0.727223 0.650133 0.583765 0.466745 0.385786 0.11702 0.0663682 0.0621735 0.0843201 0.0243774 0.0297163 0.019776
internal_count=196 55 141 138 86 58 45 28 52 25 23 23 48 41
is_linear=0
shrinkage=0.05


Tree=177
num_leaves=15
num_cat=0
split_feature=4 4 3 4 3 0 3 0 3 4 4 0 4 0
split_gain=0.049571 0.0622835 0.0456901 0.087964 0.0616505 0.0467245 0.0227652 0.0326047 0.0250047 0.0782395 0.00538441 6.57691e-07 3.3181e-08 1.37693e-09
threshold=24.000045776367191 19.999993324279789 0.0003888201317749918 19.999984741210941 0.00040733325295150285 0.54933331906795513 0.0011602283339016142 0.82666665315628063 0.0012995499419048431 15.999965190887453 3.9999772310256962 0.97999998927116405 7.9999883174896249 0.97333332896232616
decision_type=2 2 2 2 2 2 2 2 2 2 2 2 2 2
left_child=1 2 3 5 -4 -1 -6 10 -9 -10 -8 13 -7 -2
right_child=11 -3 4 -5 6 12 7 8 9 -11 -12 -13 -14 -15
leaf_value=0.011429015336438697 0.050056317288260634 -0.035686724308718921 -0.051767267287328757 0.051196264716401124 0.037325787962808298 -0.050229388866757929 0.00043583836506185745 -0.05247242156286578 -0.050986044662632762 0.051361877405732309 0.018450970964190707 0.050443808191153509 -0.050141602175778135 0.050082615493263871
leaf_weight=0.10588200413621962 0.020365248408779735 0.12241425551474094 0.066040296358551132 0.11868192907422781 0.038450423002359457 0.019811838355963118 0.073452904005534947 0.0458977329035406 0.042199100193101913 0.033493163718958385 0.095276305393781513 0.019526486750692129 0.023569506476633251 0.0065873642452061168
leaf_count=15 61 4 3 6 21 14 7 6 13 13 16 4 9 4
internal_value=5.02129e-05 -0.00291982 0.0031324 0.0190683 -0.00768278 -0.00647729 0.00117252 -0.00361569 -0.0233544 -0.00569799 0.0106084 0.0502228 -0.0501817 0.0500627
internal_weight=0.831649 0.785169 0.662755 0.267945 0.39481 0.149263 0.32877 0.290319 0.12159 0.0756923 0.168729 0.0464791 0.0433813 0.0269526
internal_count=196 127 123 44 79 38 76 55 32 26 23 69 23 65
is_linear=0
shrinkage=0.05


Tree=178
num_leaves=15
num_cat=0
split_feature=4 4 3 4 3 0 0 0 4 3 4 0 4 0
split_gain=0.0470844 0.0571236 0.0425865 0.0842095 0.0587072 0.0442523 0.0217924 0.0332477 0.0595511 0.0248829 0.0738842 5.66008e-07 2.85761e-08 1.18461e-09
threshold=24.000045776367191 19.999993324279789 0.0003888201317749918 19.999984741210941 0.00040733325295150285 0.54933331906795513 0.37466666102409368 0.82666665315628063 19.999970436096195 0.0012995499419048431 15.999965190887453 0.97999998927116405 7.9999883174896249 0.97333332896232616
decision_type=2 2 2 2 2 2 2 2 2 2 2 2 2 2
left_child=1 2 3 5 -4 -1 -6 -8 9 -9 -11 13 -7 -2
right_child=11 -3 4 -5 6 12 7 8 -10 10 -12 -13 -14 -15
leaf_value=0.010879542102788374 0.050053568436898545 -0.034443274272343102 -0.051678116912274891 0.051136893042686649 -0.029478020130335705 -0.050218203256924637 0.026512882213834722 -0.052084730361745248 0.051684633343635482 -0.0509374353983474 0.051309056974700784 0.050422088020054594 -0.050134680635850339 0.050078577626431253
leaf_weight=0.1056736201280728 0.019373060487851035 0.12054078234359622 0.062925112262746552 0.11302150692790747 0.049239897518418729 0.018849695756216533 0.11889421369414777 0.049422338808653876 0.032232088349701371 0.040178365190513432 0.03153626064886339 0.018581968266516924 0.022423025453463197 0.0062665869481861583
leaf_count=15 61 4 3 6 13 14 10 26 4 13 10 4 9 4
internal_value=4.85256e-05 -0.00285146 0.0030581 0.0186888 -0.00751207 -0.0062682 0.00113218 0.00666816 -0.00871579 -0.0247871 -0.00597489 0.050212 -0.0501728 0.0500597
internal_weight=0.809159 0.764937 0.644396 0.259968 0.384428 0.146946 0.321503 0.272263 0.153369 0.121137 0.0717146 0.0442216 0.0412727 0.0256396
internal_count=196 127 123 44 79 38 76 63 53 49 23 69 23 65
is_linear=0
shrinkage=0.05


Tree=179
num_leaves=15
num_cat=0
split_feature=0 4 0 4 3 4 4 4 4 4 3 4 3 0
split_gain=0.0169461 0.108312 0.0765973 0.0621596 0.0363678 0.0380966 0.0359349 9.90629e-06 3.3574e-06 1.27044e-06 1.32147e-07 3.92169e-08 3.39193e-08 9.77911e-10
threshold=0.37466666102409368 12.99998188018799 0.54933331906795513 3.9999772310256962 0.00040733325295150285 19.999970436096195 19.999993324279789 19.999993324279789 2.0000710487365727 7.9999883174896249 -2.0016093254089351 8.3305003499845056e-05 0.00052327479352243255 0.70933333039283764
decision_type=2 2 2 2 2 2 2 2 2 2 2 2 2 2
left_child=1 9 -2 8 6 -6 -5 -7 10 -1 -4 13 -9 -12
right_child=2 -3 3 4 5 7 -8 12 -10 -11 11 -13 -14 -15
leaf_value=-0.050153206230960826 0.051934626171486066 0.051012682631563992 -0.050332604671728322 0.0055506226012997347 0.0048616744533789454 0.051599833050968102 -0.028779865830263707 0.050312633955127001 -0.050918900389065158 -0.05055851556367047 -0.050054658636169647 -0.050172491897173356 0.050414529714274861 -0.050016594739061421
leaf_weight=0.032185228774324059 0.071818376887677005 0.039104522988054669 0.0085669205218437128 0.19405447505414486 0.14898000893299468 0.030709225859027356 0.12553509580902755 0.019230697078455705 0.034182002069428563 0.048420775216072798 0.0021816170774400234 0.0085190660320222378 0.014196383737726137 0.0074482731215539388
leaf_count=15 3 32 7 19 19 4 18 7 4 8 2 3 19 36
internal_value=4.82988e-05 -0.0172704 0.00316396 -0.00273666 0.00273392 0.0187322 -0.00793443 0.0509515 -0.0505907 -0.0503967 -0.0501707 -0.0500943 0.0503559 -0.0500252
internal_weight=0.785133 0.119711 0.665422 0.593604 0.532706 0.213116 0.31959 0.0641363 0.0608979 0.080606 0.0267159 0.018149 0.0334271 0.00962989
internal_count=196 55 141 138 86 49 37 30 52 23 48 41 26 38
is_linear=0
shrinkage=0.05


Tree=180
num_leaves=15
num_cat=0
split_feature=4 4 3 4 3 0 0 0 4 3 3 4 0 0
split_gain=0.0452819 0.051656 0.040214 0.0802867 0.0558232 0.0409794 0.018982 0.0324135 0.0577858 0.0266486 0.0234833 2.23281e-06 5.34518e-07 3.59285e-08
threshold=24.000045776367191 19.999993324279789 0.0003888201317749918 19.999984741210941 0.00040733325295150285 0.54933331906795513 0.37466666102409368 0.71333333849906932 3.9999772310256962 0.0012995499419048431 4.0003957748413095 2.0000710487365727 0.97999998927116405 0.842666655778885
decision_type=2 2 2 2 2 2 2 2 2 2 2 2 2 2
left_child=1 2 3 5 -4 -1 -6 -8 11 -10 -11 13 -2 -9
right_child=12 -3 4 -5 6 -7 7 8 9 10 -12 -13 -14 -15
leaf_value=0.01034199280278171 0.050058993217536457 -0.033554925456719342 -0.051602529949295921 0.051074568509462494 -0.028492455224217741 -0.05015990214785683 0.051827579172118055 -0.050179722544710752 -0.010942617974564453 0.0034041824508820131 0.050691467195856932 -0.050873482615323762 0.05041872143898421 -0.050014555166660292
leaf_weight=0.10047368053346872 0.024821724462526618 0.11547623109072447 0.060262385431997245 0.10705431643873453 0.046059551765210927 0.038794190972112119 0.034019242972135544 0.0071374303661286831 0.072792280232533813 0.049676939845085144 0.055685245402855799 0.032543221488595009 0.017683185287751257 0.0061120593381929211
leaf_count=15 65 4 3 6 13 23 1 2 3 2 18 4 4 33
internal_value=4.84713e-05 -0.00288789 0.00291174 0.0185161 -0.00763956 -0.0065113 0.00107455 0.00635369 -0.000554127 0.0123227 0.0283961 -0.0506507 0.0502086 -0.0501035
internal_weight=0.768592 0.726087 0.610611 0.246322 0.364288 0.139268 0.304026 0.257966 0.223947 0.178154 0.105362 0.0457927 0.0425049 0.0132495
internal_count=196 127 123 44 79 38 76 63 62 23 20 39 69 35
is_linear=0
shrinkage=0.05


Tree=181
num_leaves=15
num_cat=0
split_feature=0 4 0 4 3 3 3 4 3 3 4 4 4 3
split_gain=0.0157585 0.102591 0.0703735 0.0562034 0.0328936 0.0230934 0.0128581 0.0527158 0.00109572 0.0705423 2.48142e-06 1.23901e-06 1.12005e-06 4.60069e-07
threshold=0.37466666102409368 12.99998188018799 0.54933331906795513 3.9999772310256962 0.0012995499419048431 4.0003957748413095 0.00035516027128323918 19.999993324279789 0.00040733325295150285 0.00055807188618928205 2.0000710487365727 6.0000686645507821 7.9999883174896249 6.0007662773132333
decision_type=2 2 2 2 2 2 2 2 2 2 2 2 2 2
left_child=1 12 -2 10 6 -6 7 -5 -8 -10 -4 -7 -1 -13
right_child=2 -3 3 4 5 11 8 -9 9 -11 -12 13 -14 -15
leaf_value=-0.05014399968352419 0.051782220508988522 0.050948495728598969 -0.050154488354512944 0.018120168942880547 0.0033042768960258764 0.050844546945577808 0.0010441872581474216 -0.035793786548141852 0.051029302428677342 -0.03124357949882034 -0.050830336011483845 0.050569206735681028 -0.050535075863723869 0.050096935253888308
leaf_weight=0.030652282235678285 0.066507697752967943 0.037184395485382993 0.024181876084185205 0.077433873782865703 0.049741480666853022 0.032659430056810379 0.11818424332886934 0.10939139139372855 0.049901217920705676 0.054519441298907623 0.030981683521531522 0.011129271239042282 0.045464442111551762 0.0096092904313991312
leaf_count=15 3 32 48 13 3 2 7 17 10 11 4 1 8 22
internal_value=5.26101e-05 -0.0171233 0.00312092 -0.00257956 0.00258138 0.0278177 -0.0037759 -0.013448 0.00434154 0.00807352 -0.0505341 0.0506526 -0.0503776 0.0503504
internal_weight=0.747542 0.113301 0.634241 0.567733 0.51257 0.103139 0.40943 0.186825 0.222605 0.104421 0.0551636 0.053398 0.0761167 0.0207386
internal_count=196 55 141 138 86 28 58 30 28 21 52 25 23 23
is_linear=0
shrinkage=0.05


Tree=182
num_leaves=15
num_cat=0
split_feature=0 4 0 4 3 3 3 4 3 3 4 4 4 3
split_gain=0.0149247 0.0975322 0.0668301 0.0534445 0.0304952 0.0226673 0.01177 0.0483538 0.00105286 0.0663865 2.13337e-06 1.06439e-06 9.63887e-07 3.95554e-07
threshold=0.37466666102409368 12.99998188018799 0.54933331906795513 3.9999772310256962 0.0012995499419048431 4.0003957748413095 0.00035516027128323918 19.999993324279789 0.00040733325295150285 0.00055807188618928205 2.0000710487365727 6.0000686645507821 7.9999883174896249 6.0007662773132333
decision_type=2 2 2 2 2 2 2 2 2 2 2 2 2 2
left_child=1 12 -2 10 6 -6 7 -5 -8 -10 -4 -7 -1 -13
right_child=2 -3 3 4 5 11 8 -9 9 -11 -12 13 -14 -15
leaf_value=-0.050136970452137622 0.051692288447781704 0.05090194317768814 -0.050146964307470392 0.017311496914691981 0.0031396484849252368 0.050802677820325742 0.00099202460180063882 -0.034584155828914588 0.050978815743789985 -0.03018438481661543 -0.050789350131608083 0.050541139690978801 -0.050508891829620255 0.050092212906380287
leaf_weight=0.02916133840335533 0.063371363452461082 0.035402423516643466 0.023005876679235371 0.077009693603031337 0.049732433428289369 0.031091567128896713 0.11817875877022743 0.10760324820876122 0.047513329478533706 0.053634042604244314 0.029493872541934252 0.010592221282422543 0.043268968816846609 0.009141479960817378
leaf_count=15 3 32 48 13 3 2 7 17 10 11 4 1 8 22
internal_value=5.48012e-05 -0.0171143 0.00303914 -0.0024963 0.00249996 0.027138 -0.00363351 -0.0129363 0.00419694 0.00794151 -0.0505079 0.0506204 -0.0503592 0.0503332
internal_weight=0.728201 0.107833 0.620368 0.556997 0.504497 0.100558 0.403939 0.184613 0.219326 0.101147 0.0524997 0.0508253 0.0724303 0.0197337
internal_count=196 55 141 138 86 28 58 30 28 21 52 25 23 23
is_linear=0
shrinkage=0.05


Tree=183
num_leaves=15
num_cat=0
split_feature=4 0 0 0 3 0 4 0 3 4 4 0 3 3
split_gain=0.0141962 0.06336 0.0886228 0.0420957 0.01104 3.64351e-06 8.29508e-07 3.01932e-07 1.75316e-07 2.5666e-08 1.72943e-08 2.77217e-09 8.76416e-11 7.49162e-11
threshold=12.99998188018799 0.37466666102409368 0.77866667509078991 0.97999998927116405 -5.9985215663909903 0.842666655778885 7.9999883174896249 0.96399998664855968 0.00050341078895144175 15.999965190887453 6.0000686645507821 0.90266665816307079 18.000390052795414 5.998673915863038
decision_type=2 2 2 2 2 2 2 2 2 2 2 2 2 2
left_child=1 6 -3 4 -2 -4 -1 9 -9 -6 13 12 -11 -7
right_child=3 2 5 -5 7 10 -8 8 -10 11 -12 -13 -14 -15
leaf_value=-0.050130282632839002 0.017231693154641847 0.026299828504104474 -0.050974716975873871 -0.0028063739571479833 0.050155832438985574 -0.050008754548874185 -0.05048399235202055 0.050205846640210154 0.05044520235164951 0.050017492420212431 -0.05011884898544447 0.05006504881581661 0.050003476346811807 -0.050021294879819038
leaf_weight=0.027742730511818081 0.050423238157236483 0.13913352118106559 0.033718456194037572 0.34942850819788873 0.0092920877505093813 0.0039659544527239623 0.04117850586771965 0.012899106659460813 0.018800496312906034 0.002779788279440254 0.011755941901355982 0.0051902850391343236 0.0018626560522534419 0.0017020950908772647
leaf_count=15 19 17 8 16 3 32 8 7 17 8 5 4 33 4
internal_value=5.69998e-05 -0.00926659 0.00561149 0.00541927 0.0338078 -0.0506713 -0.0503416 0.0502531 0.0503478 0.0500962 -0.0500843 0.0500399 0.0500119 -0.0500125
internal_weight=0.709873 0.259197 0.190276 0.450676 0.101248 0.0511424 0.0689212 0.0508244 0.0316996 0.0191248 0.017424 0.00983273 0.00464244 0.00566805
internal_count=196 89 66 107 91 49 23 72 24 48 41 45 41 36
is_linear=0
shrinkage=0.05


Tree=184
num_leaves=15
num_cat=0
split_feature=4 4 3 4 3 0 3 3 4 3 0 4 0 3
split_gain=0.0430443 0.04409 0.0388314 0.0757997 0.0519065 0.0381747 0.0182176 0.0434678 0.0341294 0.00649921 4.66734e-07 8.62564e-09 7.72899e-10 1.35423e-09
threshold=24.000045776367191 19.999993324279789 0.0003888201317749918 19.999984741210941 0.00040733325295150285 0.54933331906795513 0.0011602283339016142 0.0012995499419048431 10.000007152557375 4.0003957748413095 0.97999998927116405 7.9999883174896249 0.97333332896232616 -5.9978711605072013
decision_type=2 2 2 2 2 2 2 2 2 2 2 2 2 2
left_child=1 2 3 5 -4 -1 -6 -8 9 -9 12 -7 13 -2
right_child=10 -3 4 -5 6 11 7 8 -10 -11 -12 -13 -14 -15
leaf_value=0.010503870729638657 0.050062397022259023 -0.032420615350914471 -0.051520911088359447 0.050993699093845379 0.036868343961472295 -0.050176968379010249 -0.052079979969537719 -0.015335089818885024 0.042936713116040193 0.0053509044932943299 0.050405729155521356 -0.050127955674682062 0.050074656493710706 0.050031889414632026
leaf_weight=0.088066357187926769 0.013042677310295401 0.10682911658659577 0.057363677358807763 0.10038967337459326 0.031069428587215953 0.015560152227408253 0.039050106679496821 0.082730087335221469 0.046848529535054695 0.070182053721509874 0.016281666234135628 0.021216354216448963 0.0059548313729464999 0.0050445569031580826
leaf_count=15 13 4 3 6 21 14 6 13 21 15 4 9 4 48
internal_value=5.06518e-05 -0.00301647 0.00266924 0.0186473 -0.00832802 -0.00736331 0.000852733 -0.00383292 0.00559863 -0.00584084 0.050199 -0.0501487 0.050059 0.0500539
internal_weight=0.699629 0.659306 0.552476 0.225233 0.327244 0.124843 0.26988 0.238811 0.199761 0.152912 0.0403237 0.0367765 0.0240421 0.0180872
internal_count=196 127 123 44 79 38 76 55 49 28 69 23 65 61
is_linear=0
shrinkage=0.05


Tree=185
num_leaves=15
num_cat=0
split_feature=0 4 0 4 3 4 4 4 4 4 3 3 4 0
split_gain=0.0137315 0.088583 0.0620509 0.0500858 0.0284964 0.0352461 0.0262309 5.46839e-06 1.8605e-06 7.37426e-07 8.44095e-08 6.56805e-08 2.20529e-08 5.03808e-10
threshold=0.37466666102409368 12.99998188018799 0.54933331906795513 3.9999772310256962 0.00040733325295150285 19.999970436096195 19.999993324279789 19.999993324279789 2.0000710487365727 7.9999883174896249 0.00052327479352243255 -2.0016093254089351 8.3305003499845056e-05 0.70933333039283764
decision_type=2 2 2 2 2 2 2 2 2 2 2 2 2 2
left_child=1 9 -2 8 6 -6 -5 -7 11 -1 -9 -4 13 -13
right_child=2 -3 3 4 5 7 -8 10 -10 -11 -12 12 -14 -15
leaf_value=-0.050123410041304231 0.051568030021463263 0.050846457308718451 -0.050266839821282973 0.0046562227702816135 0.0035020230812420126 0.051342494473681721 -0.026311780621605177 0.050275491406893962 -0.050758480376283555 -0.050464017296416502 0.050443629588460263 -0.050043672110141983 -0.050142942679637037 -0.050013059306832468
leaf_weight=0.026536170858889818 0.059024211099313106 0.032149903130630264 0.0068330405883898484 0.17503388202749193 0.13226337956439238 0.025962527048250195 0.11222003772854805 0.016378904063458322 0.027810674626380205 0.039612775668501854 0.013714793461986119 0.0017438796348869801 0.0070267309783957899 0.0058611617932911031
leaf_count=15 3 32 7 19 19 4 18 7 4 8 19 2 3 36
internal_value=5.16857e-05 -0.0172372 0.00296238 -0.00250379 0.00246805 0.0175842 -0.00744189 0.0508108 -0.0504886 -0.0503274 0.0503521 -0.0501389 -0.0500791 -0.0500201
internal_weight=0.682172 0.0982988 0.583873 0.524849 0.475574 0.18832 0.287254 0.0560562 0.0492755 0.0661489 0.0300937 0.0214648 0.0146318 0.00760504
internal_count=196 55 141 138 86 49 37 30 52 23 26 48 41 38
is_linear=0
shrinkage=0.05


Tree=186
num_leaves=15
num_cat=0
split_feature=4 4 5 3 3 4 0 3 3 0 4 4 0 0
split_gain=0.0414128 0.0400805 0.0489748 0.060415 0.0534735 0.03612 0.0108469 0.000928013 0.0500775 4.39671e-07 2.01993e-08 2.96002e-09 4.72515e-09 6.78732e-10
threshold=24.000045776367191 19.999993324279789 30.000000000000004 0.0003888201317749918 0.00040733325295150285 19.999984741210941 0.82666665315628063 0.0012995499419048431 1.9986275434494021 0.97999998927116405 16.999973297119144 10.000007152557375 0.27199999988079077 0.97333332896232616
decision_type=2 2 2 2 2 2 2 2 2 2 2 2 2 2
left_child=1 2 3 5 -5 -1 -6 -8 -9 13 11 12 -4 -2
right_child=9 -3 10 4 6 -7 7 8 -10 -11 -12 -13 -14 -15
leaf_value=0.0065905790335853689 0.050053180175419036 -0.031647723793404407 -0.050080429511256075 -0.051451325300779296 0.013463018375366707 0.05094013930363242 -0.011709230065292901 0.050236803061144766 -0.04229437459980806 0.050401725089081133 -0.050157811758112014 -0.050092787109829062 -0.050027883900926641 0.050072903175893801
leaf_weight=0.088710764277493581 0.017454500244639348 0.10248398454859853 0.011904961080290377 0.054883898777916329 0.12499643076444045 0.095155820250511169 0.062831182025547605 0.025410105445189402 0.034440286719473079 0.015517219319008291 0.0094092423096299171 0.012806711602024734 0.0066785538292606353 0.0058154026046395293
leaf_count=19 61 4 9 3 18 6 11 2 20 4 3 7 25 4
internal_value=5.21168e-05 -0.00303647 0.00252506 0.00693848 -0.00679806 0.0295426 0.00309683 -0.00746496 -0.0030093 0.0501956 -0.0500936 -0.0500743 -0.0500615 0.0500581
internal_weight=0.668499 0.629712 0.527228 0.486428 0.302562 0.183867 0.247678 0.122682 0.0598504 0.0387871 0.0407995 0.0313902 0.0185835 0.0232699
internal_count=196 127 123 79 54 25 51 33 22 69 44 41 34 65
is_linear=0
shrinkage=0.05


Tree=187
num_leaves=15
num_cat=0
split_feature=0 4 0 4 3 4 4 3 3 4 4 0 3 3
split_gain=0.0130785 0.0834967 0.0582933 0.0474127 0.0275558 0.068702 0.0247644 0.0783563 0.0203915 1.62872e-06 7.77638e-07 3.84733e-07 2.93782e-07 5.64539e-08
threshold=0.37466666102409368 12.99998188018799 0.54933331906795513 3.9999772310256962 0.0012995499419048431 19.999984741210941 19.999993324279789 0.00035516027128323918 4.0003957748413095 2.0000710487365727 6.0000686645507821 0.19066666811704638 6.0007662773132333 -2.0016093254089351
decision_type=2 2 2 2 2 2 2 2 2 2 2 2 2 2
left_child=1 11 -2 9 5 -5 -7 -8 -6 13 -10 -1 -12 -4
right_child=2 -3 3 4 8 6 7 -9 10 -11 12 -13 -14 -15
leaf_value=-0.050459376811936421 0.051474622248686853 0.050802112187171206 -0.050255563474272673 -0.051198211940524242 0.0032556295670991067 0.019070579584115715 -0.033552427894060509 0.050396997942102763 0.050726716372963478 -0.05073091337058571 0.050490057244153452 -0.050208892069859859 0.050080325691014484 -0.050077079175961631
leaf_weight=0.026859718607738614 0.055701581870380323 0.030301125483674696 0.0065410499264544333 0.06293242028914392 0.045240843213832704 0.16760256607085466 0.097512925160117447 0.038877713133842917 0.028233547694981098 0.026333204819820821 0.0096117416396737099 0.035711825301405042 0.0080296804626414087 0.013729213544138474
leaf_count=9 3 32 7 13 3 9 17 19 2 4 1 14 22 41
internal_value=5.31781e-05 -0.017325 0.00293346 -0.00242441 0.00246415 -0.00364713 0.00619686 -0.00962291 0.0270744 -0.0504716 0.050564 -0.0503164 0.0503036 -0.0501347
internal_weight=0.653219 0.0928727 0.560346 0.504645 0.458041 0.366926 0.303993 0.136391 0.0911158 0.0466035 0.045875 0.0625715 0.0176414 0.0202703
internal_count=196 55 141 138 86 58 45 36 28 52 25 23 23 48
is_linear=0
shrinkage=0.05


Tree=188
num_leaves=15
num_cat=0
split_feature=4 4 3 4 3 0 3 0 3 4 4 0 4 0
split_gain=0.0391882 0.0360053 0.0348284 0.0669212 0.0479082 0.0331411 0.0163609 0.0218546 0.0201265 0.0602593 0.00515448 3.24433e-07 6.02911e-09 6.07186e-10
threshold=24.000045776367191 19.999993324279789 0.0003888201317749918 19.999984741210941 0.00040733325295150285 0.54933331906795513 0.0011602283339016142 0.82666665315628063 0.0012995499419048431 15.999965190887453 3.9999772310256962 0.97999998927116405 7.9999883174896249 0.97333332896232616
decision_type=2 2 2 2 2 2 2 2 2 2 2 2 2 2
left_child=1 2 3 5 -4 -1 -6 10 -9 -10 -8 13 -7 -2
right_child=11 -3 4 -5 6 12 7 8 9 -11 -12 -13 -14 -15
leaf_value=0.01009219693434674 0.050052871401364121 -0.030764576574877141 -0.051405137219217967 0.0508768304107916 0.036574067602977593 -0.050155173047341406 -0.0015620421895715178 -0.051862213081525554 -0.050838094742520427 0.051120245318588331 0.01897646799133711 0.05036336515465805 -0.05011133069965365 0.050071708559603259
leaf_weight=0.079058752278797328 0.016964614595053717 0.097861595917493105 0.053228829568979563 0.088943160139024258 0.028439477886422537 0.013589002403023187 0.05426547973183915 0.035197899822378531 0.031538405193714425 0.026811245224962477 0.069895185355562717 0.014050776953808963 0.018540537101216614 0.0057203914038836947
leaf_count=15 61 4 3 6 21 14 7 6 13 13 16 4 9 4
internal_value=5.08102e-05 -0.0030316 0.00240174 0.0185497 -0.00839306 -0.00730988 0.000908195 -0.00375088 -0.0220016 -0.00398897 0.00999994 0.0501746 -0.0501299 0.0500576
internal_weight=0.634105 0.59737 0.499508 0.200131 0.299377 0.111188 0.246148 0.217708 0.0935476 0.0583497 0.124161 0.0367358 0.0321295 0.022685
internal_count=196 127 123 44 79 38 76 55 32 26 23 69 23 65
is_linear=0
shrinkage=0.05


Tree=189
num_leaves=15
num_cat=0
split_feature=4 4 4 0 0 0 3 0 3 4 4 0 4 3
split_gain=0.016322 0.0144232 0.0165238 0.0390608 0.0359217 0.0611143 0.00907152 2.71297e-07 1.47885e-07 1.23366e-08 5.74659e-09 1.75301e-09 7.53345e-10 5.24386e-11
threshold=-1.9999143481254575 -3.6210121834301383e-05 12.99998188018799 0.97999998927116405 0.37466666102409368 0.82666665315628063 -5.9985215663909903 0.96399998664855968 0.00050341078895144175 15.999965190887453 -9.9999966621398908 0.90266665816307079 -2.000016331672668 18.000390052795414
decision_type=2 2 2 2 2 2 2 2 2 2 2 2 2 2
left_child=10 -2 4 6 -3 -6 -4 9 -9 -8 -1 13 -12 -11
right_child=1 2 3 -5 5 -7 7 8 -10 11 12 -13 -14 -15
leaf_value=-0.050105185965979099 0.033907645341677603 -0.050365084994393884 0.018228684775411293 -0.0032762588875068274 0.023279546474437154 -0.050615010416869957 0.050124168741713875 0.050197136263056531 0.050426642492043754 0.05001497850346031 -0.050032097546737653 0.050056528634102815 -0.050060749473930438 0.050002841246187014
leaf_weight=0.006284609902650117 0.032231101213255897 0.047429279627976939 0.043554471914831083 0.30200672056525946 0.09045005842926912 0.04051347399581573 0.0074130787979811421 0.011701674353389535 0.017540067787194857 0.0023800296185072511 0.0057083003412117242 0.0045121551956981421 0.0038357743469532588 0.0014213904596545035
leaf_count=3 3 13 19 16 13 32 3 7 17 8 19 4 6 33
internal_value=4.95147e-05 0.00136914 -0.000474264 0.00528491 -0.013082 0.000420319 0.0344924 0.0502447 0.0503348 0.0500773 -0.0500681 0.0500355 -0.0500436 0.0500104
internal_weight=0.616982 0.601154 0.568922 0.39053 0.178393 0.130964 0.0885229 0.0449684 0.0292417 0.0157267 0.0158287 0.00831358 0.00954407 0.00380142
internal_count=196 168 165 107 58 45 91 72 24 48 28 45 25 41
is_linear=0
shrinkage=0.05


Tree=190
num_leaves=15
num_cat=0
split_feature=0 4 0 4 3 4 4 4 4 0 3 3 4 0
split_gain=0.0120071 0.0762661 0.0536161 0.0442958 0.0265185 0.0312922 0.0216598 4.07014e-06 1.45522e-06 2.91564e-07 1.29998e-07 4.47042e-08 1.7864e-08 2.78582e-10
threshold=0.37466666102409368 12.99998188018799 0.54933331906795513 3.9999772310256962 0.00040733325295150285 19.999970436096195 19.999993324279789 19.999993324279789 2.0000710487365727 0.19066666811704638 0.00055807188618928205 -2.0016093254089351 8.3305003499845056e-05 0.842666655778885
decision_type=2 2 2 2 2 2 2 2 2 2 2 2 2 2
left_child=1 9 -2 8 6 -6 -5 -7 11 -1 -9 -4 13 -13
right_child=2 -3 3 4 5 7 -8 10 -10 -11 -12 12 -14 -15
leaf_value=-0.050419849045998499 0.051354924713952713 0.050748872477782758 -0.050241276057779199 0.0040368928932941429 0.0038079523968039689 0.051225341828949195 -0.02559109705322353 0.050237873738244947 -0.050712623995559217 -0.050192015375306813 0.050462227037595002 -0.050033007992555459 -0.050134709671247002 -0.050009964997000722
leaf_weight=0.024571133661083877 0.05142735680055921 0.027698034333297983 0.0060628748760791487 0.15722456446383148 0.11852817675389815 0.023774221335770562 0.10151565144769847 0.016159175480424892 0.024638858740217984 0.032770539837656543 0.010753423634014325 0.0018558457377366722 0.0065059566986747086 0.004472953783988487
leaf_count=9 3 32 7 19 19 4 18 9 4 14 17 3 3 35
internal_value=4.377e-05 -0.0173807 0.00287742 -0.0024102 0.00247792 0.0178686 -0.00758753 0.0507486 -0.0504595 -0.0502896 0.0503275 -0.0501294 -0.0500765 -0.0500167
internal_weight=0.607959 0.0850397 0.522919 0.471492 0.427955 0.169215 0.25874 0.0506868 0.0435365 0.0573417 0.0269126 0.0188976 0.0128348 0.0063288
internal_count=196 55 141 138 86 49 37 30 52 23 26 48 41 38
is_linear=0
shrinkage=0.05


Tree=191
num_leaves=15
num_cat=0
split_feature=4 4 3 4 3 0 0 3 4 0 3 4 0 4
split_gain=0.0369731 0.0344763 0.0333223 0.0633399 0.0455983 0.0310378 0.0135372 0.0219658 0.00816199 0.066702 7.89045e-07 1.03241e-06 3.08118e-07 1.30376e-08
threshold=24.000045776367191 19.999993324279789 0.0003888201317749918 19.999984741210941 0.00040733325295150285 0.54933331906795513 0.37466666102409368 4.0003957748413095 18.99996376037598 0.71333333849906932 3.0004068613052373 2.0000710487365727 0.97999998927116405 8.3305003499845056e-05
decision_type=2 2 2 2 2 2 2 2 2 2 2 2 2 2
left_child=1 2 3 5 -4 -1 -6 8 9 -8 11 13 -2 -11
right_child=12 -3 4 -5 6 -7 7 -9 -10 10 -12 -13 -14 -15
leaf_value=0.010165371291381779 0.050054713248545685 -0.030911985773846302 -0.051335815741467478 0.050832869818572317 -0.029168956710564409 -0.050123141640904749 0.051280368320792129 0.035016055060203131 0.0075148266758335277 -0.050007024937065582 -0.050970313114922665 -0.050765427074218772 0.050360698787578352 -0.050139310700877938
leaf_weight=0.072527587064541876 0.021199456712565734 0.09269132511690259 0.050734541890051332 0.084613369777798653 0.031973090342944488 0.030253169246861944 0.024344606325030327 0.04880773373588454 0.078448070213198662 0.0028055411676177755 0.020155967329628766 0.018375281943008304 0.013445175718516111 0.0055415453389286995
leaf_count=15 65 4 3 6 13 23 1 23 3 29 3 2 4 2
internal_value=4.45048e-05 -0.00304972 0.0024618 0.0187948 -0.00842314 -0.00758035 0.00102419 0.00588802 -0.00361063 -0.0158647 -0.0507341 -0.050556 0.0501735 -0.0500948
internal_weight=0.595916 0.561272 0.468581 0.187394 0.281186 0.102781 0.230452 0.198479 0.149671 0.0712229 0.0468783 0.0267224 0.0346446 0.00834709
internal_count=196 127 123 44 79 38 76 63 40 37 36 33 69 31
is_linear=0
shrinkage=0.05


Tree=192
num_leaves=15
num_cat=0
split_feature=4 4 3 4 3 0 3 3 4 3 0 4 0 3
split_gain=0.0351156 0.0315396 0.031063 0.0606075 0.0434674 0.0294501 0.0242175 0.0407156 0.0279241 0.00652283 2.65156e-07 3.73381e-09 3.41575e-10 7.04064e-10
threshold=24.000045776367191 19.999993324279789 0.0003888201317749918 19.999984741210941 0.00040733325295150285 0.54933331906795513 0.00043318863026797777 0.0012995499419048431 10.000007152557375 4.0003957748413095 0.97999998927116405 7.9999883174896249 0.97333332896232616 -5.9978711605072013
decision_type=2 2 2 2 2 2 2 2 2 2 2 2 2 2
left_child=1 2 3 5 -4 -1 -6 -8 9 -9 12 -7 13 -2
right_child=10 -3 4 -5 6 11 7 8 -10 -11 -12 -13 -14 -15
leaf_value=0.0096738699522462262 0.050054557004330535 -0.029768469266511832 -0.051268972336243272 0.050791743094661695 0.050230974407979925 -0.05013864596378307 -0.051617787266282217 -0.015815780068148291 0.043116533207161148 0.0069607240948932336 0.050343048856122723 -0.050102056632535197 0.050063300118699139 0.050029724756828965
leaf_weight=0.072405113314744085 0.011295647567749256 0.091471270658075809 0.048321523510821862 0.080550253856927156 0.022480115832877345 0.011857914018037263 0.037351189661421813 0.067721730985795148 0.039079731795936823 0.058663993113441393 0.012793816742487252 0.016923155402764678 0.0050512752495706073 0.0038196733967197369
leaf_count=15 13 4 3 6 2 14 25 13 21 15 4 9 4 48
internal_value=4.46235e-05 -0.00297643 0.00240554 0.0184294 -0.00823749 -0.00733289 0.000991877 -0.00446576 0.00617805 -0.00524369 0.050165 -0.0501171 0.050052 0.0500483
internal_weight=0.579786 0.546826 0.455355 0.181736 0.273618 0.101186 0.225297 0.202817 0.165465 0.126386 0.0329604 0.0287811 0.0201666 0.0151153
internal_count=196 127 123 44 79 38 76 74 49 28 69 23 65 61
is_linear=0
shrinkage=0.05


Tree=193
num_leaves=15
num_cat=0
split_feature=0 4 0 4 3 4 4 4 4 0 3 3 4 0
split_gain=0.0120278 0.0715065 0.0492504 0.0400649 0.0249142 0.0296093 0.019341 2.74377e-06 1.04665e-06 2.8313e-07 1.32e-07 2.79013e-08 1.26682e-08 1.63507e-10
threshold=0.37466666102409368 12.99998188018799 0.54933331906795513 3.9999772310256962 0.00040733325295150285 19.999970436096195 19.999993324279789 19.999993324279789 2.0000710487365727 0.19066666811704638 0.00055807188618928205 -2.0016093254089351 8.3305003499845056e-05 0.842666655778885
decision_type=2 2 2 2 2 2 2 2 2 2 2 2 2 2
left_child=1 9 -2 8 6 -6 -5 -7 11 -1 -9 -4 13 -13
right_child=2 -3 3 4 5 7 -8 10 -10 -11 -12 12 -14 -15
leaf_value=-0.050407310801488393 0.051252318794248033 0.050699656584016144 -0.050207598808047031 0.0038301171324605678 0.0037328744682407437 0.051099083570189413 -0.025358356507907583 0.050245068664613306 -0.050634090118951605 -0.05017775957512375 0.050472672760008976 -0.050028399278333628 -0.050120161679526792 -0.05000950913053917
leaf_weight=0.023843014845624566 0.047712948558910284 0.025822400697506964 0.0052227437299734438 0.14245296479202807 0.11279286326316651 0.021421388184535317 0.094338789698667824 0.015679796364565846 0.02264765853760764 0.03076590527780354 0.010729056451964425 0.001597164518898353 0.0057758524781093001 0.0040510646722395904
leaf_count=9 3 32 7 19 19 4 18 9 4 14 17 3 3 35
internal_value=4.66652e-05 -0.0178592 0.00301968 -0.00225001 0.0025121 0.0177123 -0.00779869 0.0506786 -0.0504129 -0.050278 0.0503375 -0.0501119 -0.0500681 -0.0500149
internal_weight=0.564854 0.0804313 0.484422 0.436709 0.397415 0.160623 0.236792 0.0478302 0.0392945 0.0546089 0.0264089 0.0166468 0.0114241 0.00564823
internal_count=196 55 141 138 86 49 37 30 52 23 26 48 41 38
is_linear=0
shrinkage=0.05


Tree=194
num_leaves=15
num_cat=0
split_feature=4 4 3 4 3 0 0 0 4 3 4 0 4 0
split_gain=0.0338392 0.0287698 0.0293319 0.0578117 0.04137 0.0273483 0.0124465 0.0216332 0.036238 0.0198586 0.0522643 2.49757e-07 2.18815e-09 2.99096e-10
threshold=24.000045776367191 19.999993324279789 0.0003888201317749918 19.999984741210941 0.00040733325295150285 0.54933331906795513 0.37466666102409368 0.82666665315628063 19.999970436096195 0.0012995499419048431 15.999965190887453 0.97999998927116405 7.9999883174896249 0.97333332896232616
decision_type=2 2 2 2 2 2 2 2 2 2 2 2 2 2
left_child=1 2 3 5 -4 -1 -6 -8 9 -9 -11 13 -7 -2
right_child=11 -3 4 -5 6 12 7 8 -10 10 -12 -13 -14 -15
leaf_value=0.0092001664955237133 0.050047512050284786 -0.029100381356519156 -0.051210209505471727 0.050749802057600629 -0.029048072599636321 -0.050126411376992641 0.025623541447082565 -0.051537889041990075 0.051044354973964236 -0.050717855948008789 0.05102499282326748 0.050339331053850425 -0.050097442302798029 0.050061756630300172
leaf_weight=0.068825609690975398 0.01460869341462967 0.087824647314846516 0.046187467185518472 0.076394791249185801 0.029823551216395572 0.010925193830189528 0.078816713707055897 0.035819850625557592 0.020397950567712542 0.026855865609832108 0.023815640262910165 0.012215508613735437 0.016160905826836824 0.0049283164553344241
leaf_count=15 61 4 3 6 13 14 10 26 4 13 10 4 9 4
internal_value=4.73699e-05 -0.00300192 0.00227911 0.0182986 -0.00826764 -0.00754917 0.000934852 0.00574998 -0.00890415 -0.0230423 -0.00289865 0.050162 -0.0501091 0.0500511
internal_weight=0.553601 0.521848 0.434024 0.172307 0.261717 0.0959117 0.21553 0.185706 0.106889 0.0864914 0.0506715 0.0317525 0.0270861 0.019537
internal_count=196 127 123 44 79 38 76 63 53 49 23 69 23 65
is_linear=0
shrinkage=0.05


Tree=195
num_leaves=15
num_cat=0
split_feature=4 4 3 4 3 0 0 3 4 0 3 4 0 4
split_gain=0.0321454 0.0262771 0.0273715 0.0553158 0.0393956 0.0259687 0.0114619 0.0205123 0.00669332 0.059693 5.16575e-07 7.69527e-07 2.14932e-07 9.39201e-09
threshold=24.000045776367191 19.999993324279789 0.0003888201317749918 19.999984741210941 0.00040733325295150285 0.54933331906795513 0.37466666102409368 4.0003957748413095 18.99996376037598 0.71333333849906932 3.0004068613052373 2.0000710487365727 0.97999998927116405 8.3305003499845056e-05
decision_type=2 2 2 2 2 2 2 2 2 2 2 2 2 2
left_child=1 2 3 5 -4 -1 -6 8 9 -8 11 13 -2 -11
right_child=12 -3 4 -5 6 -7 7 -9 -10 10 -12 -13 -14 -15
leaf_value=0.0087525973415869818 0.050048610474447947 -0.027986462026464265 -0.051149797527716305 0.050712820600891578 -0.028063346948456913 -0.050103798635742706 0.051144317570540471 0.034741054527426637 0.0064781212243442497 -0.050005886030741055 -0.050867797351823868 -0.05070182533967188 0.050322727223965559 -0.050127265895148265
leaf_weight=0.068730324215721339 0.018585081828859984 0.086781574878841639 0.043985460584735847 0.072720629163086414 0.029339178785448894 0.025767765793716535 0.021873658522963524 0.045297086897335248 0.07034735195338726 0.0023254264233401037 0.0180256052990444 0.016707732458598912 0.011623487924225628 0.0050647375173866749
leaf_count=15 65 4 3 6 13 23 1 23 3 29 3 2 4 2
internal_value=4.73659e-05 -0.00293834 0.0022349 0.0179309 -0.00814063 -0.00729638 0.000911774 0.00564401 -0.00416667 -0.0158677 -0.0506653 -0.0505139 0.0501541 -0.0500891
internal_weight=0.537175 0.506967 0.420185 0.167219 0.252966 0.0944981 0.208981 0.179642 0.134345 0.0639972 0.0421235 0.0240979 0.0302086 0.00739016
internal_count=196 127 123 44 79 38 76 63 40 37 36 33 69 31
is_linear=0
shrinkage=0.05


Tree=196
num_leaves=15
num_cat=0
split_feature=0 4 0 4 3 0 4 3 3 4 3 0 3 0
split_gain=0.0109511 0.0676031 0.0445741 0.0365722 0.0241301 0.0152562 0.0388828 0.0149689 0.00374652 8.34581e-07 2.82953e-07 2.79415e-07 5.25414e-08 1.68074e-08
threshold=0.37466666102409368 12.99998188018799 0.54933331906795513 3.9999772310256962 0.0012995499419048431 0.97333332896232616 19.999993324279789 4.0003957748413095 0.00035516027128323918 2.0000710487365727 0.00050341078895144175 0.19066666811704638 5.998673915863038 0.77866667509078991
decision_type=2 2 2 2 2 2 2 2 2 2 2 2 2 2
left_child=1 11 -2 9 5 6 -5 -6 -7 13 -8 -1 -9 -4
right_child=2 -3 3 4 7 8 10 12 -10 -11 -12 -13 -14 -15
leaf_value=-0.050394410586349116 0.051137495107028391 0.050646877165872843 -0.050130444025176239 -0.050091046633098282 0.0055320570241276876 -0.015802161735118853 0.050134605768467004 0.050521964512266163 -0.0033915222486116912 -0.050589402908159713 0.050422162349943303 -0.050159617453813934 0.050402788125219214 -0.050008345529670789
leaf_weight=0.02309349097777158 0.043461734609081759 0.024563386443333002 0.010982776002492756 0.013435246888548136 0.03701549573088414 0.10931810818146914 0.017668384896751377 0.019658487290143967 0.1370448482921347 0.021040039835497737 0.01658489150031528 0.028076764690922573 0.017464365009800531 0.0037915402936050677
leaf_count=9 3 32 8 8 3 11 15 2 12 4 12 14 23 40
internal_value=4.7615e-05 -0.0175357 0.0030236 -0.00215237 0.00253949 -0.00388774 0.0219981 0.0280315 -0.00889847 -0.0503871 0.0502738 -0.0502656 0.0504659 -0.0500991
internal_weight=0.5232 0.0757336 0.447466 0.404004 0.36819 0.294051 0.0476885 0.0741383 0.246363 0.0358144 0.0342533 0.0511703 0.0371229 0.0147743
internal_count=196 55 141 138 86 58 35 28 23 52 27 23 25 48
is_linear=0
shrinkage=0.05


Tree=197
num_leaves=15
num_cat=0
split_feature=0 4 0 4 3 3 0 4 4 4 0 3 0 4
split_gain=0.0103711 0.0642809 0.0423657 0.0347742 0.0223491 0.0147582 0.0112769 0.0503298 7.17797e-07 4.01144e-07 2.40596e-07 4.50828e-08 1.44639e-08 1.05467e-10
threshold=0.37466666102409368 12.99998188018799 0.54933331906795513 3.9999772310256962 0.0012995499419048431 4.0003957748413095 0.97999998927116405 19.999993324279789 2.0000710487365727 26.000002861022953 0.19066666811704638 5.998673915863038 0.77866667509078991 45.999980926513679
decision_type=2 2 2 2 2 2 2 2 2 2 2 2 2 2
left_child=1 10 -2 8 6 -6 7 -5 12 -9 -1 -7 -4 -11
right_child=2 -3 3 4 5 11 -8 9 -10 13 -12 -13 -14 -15
leaf_value=-0.050375178442763395 0.051080795858588351 0.050615168769562291 -0.050124071228982138 -0.050083399262879108 0.0052583207022702666 0.050496266684392069 -0.0085202813457602011 0.050379446150277153 -0.050560412080566941 0.050051684121893696 -0.050151819966089167 0.050383102887134872 -0.05000793916156196 0.050043584552540488
leaf_weight=0.021975383744575083 0.041386814034922281 0.023379683270832174 0.010448434361023828 0.018851771485060453 0.036995831847889349 0.018709008116275072 0.23538888129405677 0.021018356084823608 0.020025091420393437 0.0083816573842341313 0.026711492741014808 0.016618944904621458 0.0036066533375560548 0.0077219344821060068
leaf_count=9 3 32 8 12 3 2 15 3 4 12 14 23 40 16
internal_value=5.07123e-05 -0.0175293 0.00293565 -0.00207375 0.0024518 0.0273297 -0.00372353 0.0164485 -0.0503682 0.0502356 -0.0502526 0.050443 -0.0500943 0.0500478
internal_weight=0.51122 0.0720666 0.439153 0.397767 0.363686 0.0723238 0.291363 0.0559737 0.0340802 0.0371219 0.0486869 0.035328 0.0140551 0.0161036
internal_count=196 55 141 138 86 28 58 43 52 31 23 25 48 28
is_linear=0
shrinkage=0.05


Tree=198
num_leaves=15
num_cat=0
split_feature=0 4 0 4 3 3 0 4 4 4 0 3 0 4
split_gain=0.00982324 0.0611231 0.040269 0.0330652 0.0206887 0.0145333 0.0104656 0.0478664 6.1737e-07 3.45075e-07 2.07162e-07 3.86857e-08 1.24488e-08 9.07614e-11
threshold=0.37466666102409368 12.99998188018799 0.54933331906795513 3.9999772310256962 0.0012995499419048431 4.0003957748413095 0.97999998927116405 19.999993324279789 2.0000710487365727 26.000002861022953 0.19066666811704638 5.998673915863038 0.77866667509078991 45.999980926513679
decision_type=2 2 2 2 2 2 2 2 2 2 2 2 2 2
left_child=1 10 -2 8 6 -6 7 -5 12 -9 -1 -7 -4 -11
right_child=2 -3 3 4 5 11 -8 9 -10 13 -12 -13 -14 -15
leaf_value=-0.050356883269860812 0.051026976550605375 0.050585026814468005 -0.05011801583209842 -0.05007932521341768 0.0049978698140110359 0.050471843881782864 -0.0081017431431132832 0.050360821674736427 -0.050532860141658115 0.050049161098522338 -0.050144404809829603 0.050364384392607632 -0.050007551329958044 0.050041457359296597
leaf_weight=0.020911034545861185 0.039408829155945568 0.022252360819038586 0.009940029209246859 0.017933781608007848 0.036978072515921667 0.017804953269660473 0.23517730995081365 0.020000486634671688 0.019058579811826348 0.0079732708563824417 0.025412420771317557 0.015814157048225752 0.0034307806272408934 0.0073456356985843749
leaf_count=9 3 32 8 12 3 2 15 3 4 12 14 23 40 16
internal_value=5.36119e-05 -0.0175232 0.00285111 -0.00199886 0.0023685 0.026629 -0.00356958 0.0164454 -0.0503501 0.050224 -0.0502403 0.0504213 -0.0500897 0.0500455
internal_weight=0.499442 0.0685758 0.430866 0.391457 0.359028 0.0705972 0.28843 0.0532532 0.0324294 0.0353194 0.0463235 0.0336191 0.0133708 0.0153189
internal_count=196 55 141 138 86 28 58 43 52 31 23 25 48 28
is_linear=0
shrinkage=0.05


Tree=199
num_leaves=15
num_cat=0
split_feature=4 4 3 4 3 0 3 3 4 3 0 4 0 3
split_gain=0.0284274 0.0271787 0.0298782 0.0504654 0.0360476 0.0213647 0.0144639 0.0329922 0.0246681 0.00627995 1.93596e-07 1.06801e-09 2.49237e-10 1.72147e-10
threshold=24.000045776367191 19.999993324279789 0.0003888201317749918 19.999984741210941 0.00040733325295150285 0.54933331906795513 0.0011602283339016142 0.0012995499419048431 10.000007152557375 4.0003957748413095 0.97999998927116405 7.9999883174896249 0.97333332896232616 -5.9985215663909903
decision_type=2 2 2 2 2 2 2 2 2 2 2 2 2 2
left_child=1 2 3 5 -4 -1 -6 -8 9 -9 12 -7 13 -2
right_child=10 -3 4 -5 6 11 7 8 -10 -11 -12 -13 -14 -15
leaf_value=0.0083171196537213301 0.050041863637550414 -0.029146011005056434 -0.051070876799490461 0.050698604209995106 0.038466170242984911 -0.050099001166856755 -0.05159659632271657 -0.017525287183928758 0.043462681324325521 0.0073752922426847407 0.050313121418848972 -0.050076184031506758 0.050051358163323546 0.050029237166733145
leaf_weight=0.059214379638433456 0.0069801628778805034 0.0810083975084126 0.041088672931437031 0.071010585408657789 0.022265056715696119 0.0086133571639948059 0.03032151557636098 0.055162077056593262 0.033313734882540302 0.046805857098661363 0.011280787643045187 0.012675961363129318 0.0041000694036483773 0.0044017587824782814
leaf_count=15 11 4 3 6 21 14 6 13 21 15 4 9 4 50
internal_value=5.62981e-05 -0.00284913 0.0027499 0.019974 -0.00864831 -0.00712751 0.000629933 -0.00445708 0.00610859 -0.00609529 0.0501556 -0.0500854 0.0500408 0.050037
internal_weight=0.488242 0.46148 0.380471 0.151514 0.228957 0.0805037 0.187868 0.165603 0.135282 0.101968 0.0267628 0.0212893 0.015482 0.0113819
internal_count=196 127 123 44 79 38 76 55 49 28 69 23 65 61
is_linear=0
shrinkage=0.05


end of trees

feature_importances:
min_len_offset=1069
modal_len_offset=810
max_len_over_mtu=730
inner_header_bytes=122

parameters:
[boosting: gbdt]
[objective: binary]
[metric: binary_logloss]
[tree_learner: serial]
[device_type: cpu]
[data_sample_strategy: bagging]
[data: ]
[valid: ]
[num_iterations: 200]
[learning_rate: 0.05]
[num_leaves: 15]
[num_threads: 0]
[seed: 20260906]
[deterministic: 1]
[force_col_wise: 0]
[force_row_wise: 1]
[histogram_pool_size: -1]
[max_depth: -1]
[min_data_in_leaf: 10]
[min_sum_hessian_in_leaf: 0.001]
[bagging_fraction: 1]
[pos_bagging_fraction: 1]
[neg_bagging_fraction: 1]
[bagging_freq: 0]
[bagging_seed: 1199]
[bagging_by_query: 0]
[feature_fraction: 1]
[feature_fraction_bynode: 1]
[feature_fraction_seed: 19385]
[extra_trees: 0]
[extra_seed: 18286]
[early_stopping_round: 0]
[early_stopping_min_delta: 0]
[first_metric_only: 0]
[max_delta_step: 0]
[lambda_l1: 0]
[lambda_l2: 0]
[linear_lambda: 0]
[min_gain_to_split: 0]
[drop_rate: 0.1]
[max_drop: 50]
[skip_drop: 0.5]
[xgboost_dart_mode: 0]
[uniform_drop: 0]
[drop_seed: 2066]
[top_rate: 0.2]
[other_rate: 0.1]
[min_data_per_group: 100]
[max_cat_threshold: 32]
[cat_l2: 10]
[cat_smooth: 10]
[max_cat_to_onehot: 4]
[top_k: 20]
[monotone_constraints: ]
[monotone_constraints_method: basic]
[monotone_penalty: 0]
[feature_contri: ]
[forcedsplits_filename: ]
[refit_decay_rate: 0.9]
[cegb_tradeoff: 1]
[cegb_penalty_split: 0]
[cegb_penalty_feature_lazy: ]
[cegb_penalty_feature_coupled: ]
[path_smooth: 0]
[interaction_constraints: ]
[verbosity: -1]
[saved_feature_importance_type: 0]
[use_quantized_grad: 0]
[num_grad_quant_bins: 4]
[quant_train_renew_leaf: 0]
[stochastic_rounding: 1]
[linear_tree: 0]
[max_bin: 255]
[max_bin_by_feature: ]
[min_data_in_bin: 3]
[bin_construct_sample_cnt: 200000]
[data_random_seed: 5040]
[is_enable_sparse: 1]
[enable_bundle: 1]
[use_missing: 1]
[zero_as_missing: 0]
[feature_pre_filter: 1]
[pre_partition: 0]
[two_round: 0]
[header: 0]
[label_column: ]
[weight_column: ]
[group_column: ]
[ignore_column: ]
[categorical_feature: ]
[forcedbins_filename: ]
[precise_float_parser: 0]
[parser_config_file: ]
[objective_seed: 25726]
[num_class: 1]
[is_unbalance: 0]
[scale_pos_weight: 1]
[sigmoid: 1]
[boost_from_average: 1]
[reg_sqrt: 0]
[alpha: 0.9]
[fair_c: 1]
[poisson_max_delta_step: 0.7]
[tweedie_variance_power: 1.5]
[lambdarank_truncation_level: 30]
[lambdarank_norm: 1]
[label_gain: ]
[lambdarank_position_bias_regularization: 0]
[eval_at: ]
[multi_error_top_k: 1]
[auc_mu_weights: ]
[num_machines: 1]
[local_listen_port: 12400]
[time_out: 120]
[machine_list_filename: ]
[machines: ]
[gpu_platform_id: -1]
[gpu_device_id: -1]
[gpu_device_id_list: ]
[gpu_use_dp: 0]
[num_gpu: 1]

end of parameters

pandas_categorical:null
